"run_id","run_seed","regime","total_manuscripts_spawned","majority_text","pct_sampled_witnesses_with_pa","pct_majority_disagree_autograph","pct_all_witnesses_with_pa","ideal_majority_text","pct_ideal_majority_disagree_autograph"
0,4005256945,"insertion",277085,"0000000000000000000000000000000000000000000000000000000000000000000000000000000000000000000000000000",0.008,0.0,0.010108847858411167,"0000000000000000000000000000000000000000000000000000000000000000000000000000000000000000000000000000",0.0
0,4005256945,"omission",277085,"1111111111111111111111111111115111111111111111111111111111111111111111111111111111111111111111111111",1.0,0.01,0.9999963909861269,"1111111111111111111111111111115111111111111111111111111111111111111111111111111111111111111111111111",0.01
1,744465803,"insertion",276276,"0000000000000000000000000000000000000000000000000000000000000000000000000000000000000000000000000000",0.008666666666666666,0.0,0.0068048140439779204,"0000000000000000000000000000000000000000000000000000000000000000000000000000000000000000000000000000",0.0
1,744465803,"omission",276276,"1111111111111111111111111111111111111111111111111111111111111111111111111111111111111111111111111111",0.994,0.0,0.9939878744005067,"1111111111111111111111111111111111111111111111111111111111111111111111111111111111111111111111111111",0.0
2,2614164512,"insertion",277022,"0000000000000000000000000000000000000000000000000000000000000000000000000000000000000000000000000000",0.0,0.0,3.6098346334754403e-06,"0000000000000000000000000000000000000000000000000000000000000000000000000000000000000000000000000000",0.0
2,2614164512,"omission",277022,"1111111111111111111111111111011111111111111111111111111111111111111111111111111111111111111111111111",0.9986666666666667,0.01,0.995657368935929,"1111111111111111111111111111011111111111111111111111111111111111111111111111111111111111111111111111",0.01
3,1366509572,"insertion",276922,"0000000000000000000000000000000000000000000000000000000000000000000000000000000000000000000000000000",0.0026666666666666666,0.0,0.0024627962487496434,"0000000000000000000000000000000000000000000000000000000000000000000000000000000000000000000000000000",0.0
3,1366509572,"omission",276922,"1111111111111111111111111111111111111111111111111111111111111111111121111111111111111111111111111111",1.0,0.01,0.9999927777236107,"1111111111111111111111111111111111111111111111111111111111111111111121111111111111111111111111111111",0.01
4,280850711,"insertion",277526,"0000000000000000000000000000000000000000000000000000000000000000000000000000000000000000000000000000",0.0,0.0,3.6032789838753264e-06,"0000000000000000000000000000000000000000000000000000000000000000000000000000000000000000000000000000",0.0
4,280850711,"omission",277526,"1111111111111111111111111111111111111111111111111111111111111111111111111111111111111111111111111111",1.0,0.0,0.9999963967210161,"1111111111111111111111111111111111111111111111111111111111111111111111111111111111111111111111111111",0.0
5,1372343271,"insertion",277261,"0000000000000000000000000000000000000000000000000000000000000000000000000000000000000000000000000000",0.0,0.0,1.0820168794633196e-05,"0000000000000000000000000000000000000000000000000000000000000000000000000000000000000000000000000000",0.0
5,1372343271,"omission",277261,"1111111111111111111111111111111111111111111111111111111111111111111111111111111111111111111111111111",0.995,0.0,0.9922996465411527,"1111111111111111111111111111111111111111111111111111111111111111111111111111111111111111111111111111",0.0
6,4063298237,"insertion",277337,"0000000000000000000000000000000000000000000000000000000000000000000000000000000000000000000000000000",0.039,0.0,0.031020134421784407,"0000000000000000000000000000000000000000000000000000000000000000000000000000000000000000000000000000",0.0
6,4063298237,"omission",277337,"1111111111111011111111111111111111111111111111111111111111111111114111111111111111111111111111111111",0.9973333333333333,0.02,0.9964339285199181,"1111111111111011111111111111111111111111111111111111111111111111114111111111111111111111111111111111",0.02
7,1827180648,"insertion",277116,"0000000000000000000000000000000000000000000000000000000000000000000000000000000000000000000000000000",0.0,0.0,3.6086101438031144e-06,"0000000000000000000000000000000000000000000000000000000000000000000000000000000000000000000000000000",0.0
7,1827180648,"omission",277116,"1111111111111111111111111111111111111111111111111111111111111111111111111111111111111111111111114111",1.0,0.01,0.9999963913898562,"1111111111111111111111111111111111111111111111111111111111111111111111111111111111111111111111114111",0.01
8,607742339,"insertion",276953,"0000000000000000000000000000000000000000000000000000000000000000000000000000000000000000000000000000",0.0,0.0,3.610733990005488e-06,"0000000000000000000000000000000000000000000000000000000000000000000000000000000000000000000000000000",0.0
8,607742339,"omission",276953,"1211111111111121111111111111111111111111111111111111111111111111511111111111111111111111111111111111",0.999,0.03,0.9968767150986453,"1211111111111121111111111111111111111111111111111111111111111111511111111111111111111111111111111111",0.03
9,2831298846,"insertion",276831,"0000000000000000000000000000000000000000000000000000000000000000000000000000000000000000000000000000",0.007,0.0,0.005963948993967417,"0000000000000000000000000000000000000000000000000000000000000000000000000000000000000000000000000000",0.0
9,2831298846,"omission",276831,"1111111111111111111111111111111111111111112111111111111111111111111111111111111111111111111111111111",1.0,0.01,0.9999891630242387,"1111111111111111111111111111111111111111112111111111111111111111111111111111111111111111111111111111",0.01
10,1678935801,"insertion",277159,"0000000000000000000000000000000000000000000000000000000000000000000000000000000000000000000000000000",0.0023333333333333335,0.0,0.0036766032371427127,"0000000000000000000000000000000000000000000000000000000000000000000000000000000000000000000000000000",0.0
10,1678935801,"omission",277159,"1111111211111111111111111111111111111111111111111111111111111111111111111111111111111111111111111111",1.0,0.01,0.9999927838994365,"1111111211111111111111111111111111111111111111111111111111111111111111111111111111111111111111111111",0.01
11,1363348724,"insertion",277243,"0000000000000000000000000000000000000000000000000000000000000000000000000000000000000000000000000000",0.0,0.0,3.6069570988522663e-06,"0000000000000000000000000000000000000000000000000000000000000000000000000000000000000000000000000000",0.0
11,1363348724,"omission",277243,"1111111111111111111111111111111111111111111111111111111111111121111111111111111111111111111111111111",0.9963333333333333,0.01,0.9962415507029959,"1111111111111111111111111111111111111111111111111111111111111121111111111111111111111111111111111111",0.01
12,3782361488,"insertion",276632,"0000000000000000000000000000000000000000000000000000000000000000000000000000000000000000000000000000",0.007666666666666666,0.0,0.00553083349299247,"0000000000000000000000000000000000000000000000000000000000000000000000000000000000000000000000000000",0.0
12,3782361488,"omission",276632,"1111111111111111111111111111111111111111111111111111111111111111111111111111111111111111111111111111",1.0,0.0,0.9990384302554667,"1111111111111111111111111111111111111111111111111111111111111111111111111111111111111111111111111111",0.0
13,111218175,"insertion",276896,"0000000000000000000000000000000000000000000000000000000000000000000000000000000000000000000000000000",0.0023333333333333335,0.0,0.0017190631827949223,"0000000000000000000000000000000000000000000000000000000000000000000000000000000000000000000000000000",0.0
13,111218175,"omission",276896,"1111111111111111111111111111111111112111111111111111111111111111111111111111111111111111111111111111",0.9986666666666667,0.01,0.9974539085212806,"1111111111111111111111111111111111112111111111111111111111111111111111111111111111111111111111111111",0.01
14,204422837,"insertion",277572,"0000000000000000000000000000000000000000000000000000000000000000000000000000000000000000000000000000",0.0013333333333333333,0.0,0.0024246048758695972,"0000000000000000000000000000000000000000000000000000000000000000000000000000000000000000000000000000",0.0
14,204422837,"omission",277572,"1111141111111111111111111111111111111111111111111211111111111111111111111111111111111111111111111111",1.0,0.02,0.9999963973181636,"1111141111111111111111111111111111111111111111111211111111111111111111111111111111111111111111111111",0.02
15,2912543216,"insertion",277418,"0000000000000000000000000000000000000000000000000000000000000000000000000000000000000000000000000000",0.010333333333333333,0.0,0.009022518446958911,"0000000000000000000000000000000000000000000000000000000000000000000000000000000000000000000000000000",0.0
15,2912543216,"omission",277418,"1111111111111111111111111111111111111111111111111111111111111111111111111111111111111111111151111111",0.999,0.01,0.9984067306617835,"1111111111111111111111111111111111111111111111111111111111111111111111111111111111111111111151111111",0.01
16,1928134209,"insertion",277317,"0000000000000000000000000000000000000000000000000000000000000000000000000000000000000000000000000000",0.0,0.0,3.6059946054320703e-06,"0000000000000000000000000000000000000000000000000000000000000000000000000000000000000000000000000000",0.0
16,1928134209,"omission",277317,"1111111112111111112111111111111111111111111111111111111111111111111111111111111111111111111111111111",1.0,0.02,0.9999963940053945,"1111111112111111112111111111111111111111111111111111111111111111111111111111111111111111111111111111",0.02
17,1970736688,"insertion",277137,"0000000000000000000000000000000000000000000000000000000000000000000000000000000000000000000000000000",0.0,0.0,1.0825010103342762e-05,"0000000000000000000000000000000000000000000000000000000000000000000000000000000000000000000000000000",0.0
17,1970736688,"omission",277137,"1111111111111111111111111111111111111111111111111111111111111111111111111111111111111111111111111111",0.9976666666666667,0.0,0.9976617978176779,"1111111111111111111111111111111111111111111111111111111111111111111111111111111111111111111111111111",0.0
18,2746471715,"insertion",276422,"0000000000000000000000000000000000000000000000000000000000000000000000000000000000000000000000000000",0.0,0.0,3.255903133264115e-05,"0000000000000000000000000000000000000000000000000000000000000000000000000000000000000000000000000000",0.0
18,2746471715,"omission",276422,"2111111111111111111111111111111111111111111111111111111111111111111111111111111111111111111111111111",0.9976666666666667,0.01,0.9952572344358787,"2111111111111111111111111111111111111111111111111111111111111111111111111111111111111111111111111111",0.01
19,1505384455,"insertion",276683,"0000000000000000000000000000000000000000000000000000000000000000000000000000000000000000000000000000",0.014333333333333333,0.0,0.009303098864400287,"0000000000000000000000000000000000000000000000000000000000000000000000000000000000000000000000000000",0.0
19,1505384455,"omission",276683,"1111111111111111111111111111111111111111111111311111111111111111111111111111111111111111111111111111",1.0,0.01,0.999996385742477,"1111111111111111111111111111111111111111111111311111111111111111111111111111111111111111111111111111",0.01
20,1830278172,"insertion",277358,"0000000000000000000000000000000000000000000000000000000000000000000000000000000000000000000000000000",0.0,0.0,2.1632769318964367e-05,"0000000000000000000000000000000000000000000000000000000000000000000000000000000000000000000000000000",0.0
20,1830278172,"omission",277358,"1111111111111111111111111111111111111111111111111111111111111111111111111111111111111111111111111111",0.9996666666666667,0.0,0.9995024463056639,"1111111111111111111111111111111111111111111111111111111111111111111111111111111111111111111111111111",0.0
21,4003430306,"insertion",277040,"0000000000000000000000000000000000000000000000000000000000000000000000000000000000000000000000000000",0.0,0.0,3.6096000924057623e-06,"0000000000000000000000000000000000000000000000000000000000000000000000000000000000000000000000000000",0.0
21,4003430306,"omission",277040,"1111111111111111111111111111111111111111111111111111111111111111111111111111111111141111111111111111",1.0,0.01,0.9993105663823505,"1111111111111111111111111111111111111111111111111111111111111111111111111111111111141111111111111111",0.01
22,1507674045,"insertion",276885,"0000000000000000000000000000000000000000000000000000000000000000000000000000000000000000000000000000",0.0,0.0,3.6116207509281867e-06,"0000000000000000000000000000000000000000000000000000000000000000000000000000000000000000000000000000",0.0
22,1507674045,"omission",276885,"1111111211111111111111111211111111111111111111111111111111111111111111111111111111111111111111111111",0.994,0.02,0.9946439664263735,"1111111211111111111111111211111111111111111111111111111111111111111111111111111111111111111111111111",0.02
23,1767825710,"insertion",275969,"0000000000000000000000000000000000000000000000000000000000000000000000000000000000000000000000000000",0.001,0.0,0.0014349489795918368,"0000000000000000000000000000000000000000000000000000000000000000000000000000000000000000000000000000",0.0
23,1767825710,"omission",275969,"1111111111111111111111111111111111111111111111111111111111111111111110111111111111111111111111111111",0.998,0.01,0.9967568703617811,"1111111111111111111111111111111111111111111111111111111111111111111110111111111111111111111111111111",0.01
24,3151920837,"insertion",276692,"0000000000000000000000000000000000000000000000000000000000000000000000000000000000000000000000000000",0.001,0.0,0.00259495249213021,"0000000000000000000000000000000000000000000000000000000000000000000000000000000000000000000000000000",0.0
24,3151920837,"omission",276692,"1111111111111111111111111111111111111111111111111111411111111111111111111111111111111111111111111111",0.998,0.01,0.9954317270890632,"1111111111111111111111111111111111111111111111111111411111111111111111111111111111111111111111111111",0.01
25,483087119,"insertion",277085,"0000000000000000000000000000000000000000000000000000000000000000000000000000000000000000000000000000",0.004333333333333333,0.0,0.0026778882938026014,"0000000000000000000000000000000000000000000000000000000000000000000000000000000000000000000000000000",0.0
25,483087119,"omission",277085,"1111111111111111111111011111111111111111111111141111111111111111111111111111111111111111111111111111",1.0,0.02,0.9999963909861269,"1111111111111111111111011111111111111111111111141111111111111111111111111111111111111111111111111111",0.02
26,3693924977,"insertion",277114,"0000000000000000000000000000000000000000000000000000000000000000000000000000000000000000000000000000",0.018333333333333333,0.0,0.01626051466369315,"0000000000000000000000000000000000000000000000000000000000000000000000000000000000000000000000000000",0.0
26,3693924977,"omission",277114,"1111111111111111111111111111111111111111111111111111111111111111111111111111111112111111111111111111",0.9993333333333333,0.01,0.9975028237578172,"1111111111111111111111111111111111111111111111111111111111111111111111111111111112111111111111111111",0.01
27,2340135251,"insertion",277135,"0000000000000000000000000000000000000000000000000000000000000000000000000000000000000000000000000000",0.0,0.0,3.6083627414896764e-06,"0000000000000000000000000000000000000000000000000000000000000000000000000000000000000000000000000000",0.0
27,2340135251,"omission",277135,"1111111111111111111111111111111111111111111111111111111111111111111111111111111111111111111111111111",1.0,0.0,0.9999963916372585,"1111111111111111111111111111111111111111111111111111111111111111111111111111111111111111111111111111",0.0
28,47093210,"insertion",276798,"0000000000000000000000000000000000000000000000000000000000000000000000000000000000000000000000000000",0.0,0.0,3.6127559185973835e-06,"0000000000000000000000000000000000000000000000000000000000000000000000000000000000000000000000000000",0.0
28,47093210,"omission",276798,"1111111111111151111111111111111111111111111111111111111111111111111111111111111111111111111111111111",1.0,0.01,0.9999963872440814,"1111111111111151111111111111111111111111111111111111111111111111111111111111111111111111111111111111",0.01
29,1036268170,"insertion",277667,"0000000000000000000000000000000000000000000000000000000000000000000000000000000000000000000000000000",0.004666666666666667,0.0,0.004573840513422601,"0000000000000000000000000000000000000000000000000000000000000000000000000000000000000000000000000000",0.0
29,1036268170,"omission",277667,"1111111111111111111111111111111111111111111111111111111111111111111111111111111111111111111111111111",1.0,0.0,0.9999963985507768,"1111111111111111111111111111111111111111111111111111111111111111111111111111111111111111111111111111",0.0
30,727140220,"insertion",276900,"0000000000000000000000000000000000000000000000000000000000000000000000000000000000000000000000000000",0.0,0.0,3.611425104460471e-06,"0000000000000000000000000000000000000000000000000000000000000000000000000000000000000000000000000000",0.0
30,727140220,"omission",276900,"1111111111111111111111111111112111111111111111111111111111111111111111111111111111111111111111111111",1.0,0.01,0.9999963885748956,"1111111111111111111111111111112111111111111111111111111111111111111111111111111111111111111111111111",0.01
31,2450359124,"insertion",276831,"0000000000000000000000000000000000000000000000000000000000000000000000000000000000000000000000000000",0.007333333333333333,0.0,0.009215041722356682,"0000000000000000000000000000000000000000000000000000000000000000000000000000000000000000000000000000",0.0
31,2450359124,"omission",276831,"1111111311111111111113111111111111111121111111111111111111111121111111111111111111111111111111111111",1.0,0.04,0.9999927753494925,"1111111311111111111113111111111111111121111111111111111111111121111111111111111111111111111111111111",0.04
32,2350422504,"insertion",276432,"0000000000000000000000000000000000000000000000000000000000000000000000000000000000000000000000000000",0.0,0.0,3.617539277432705e-06,"0000000000000000000000000000000000000000000000000000000000000000000000000000000000000000000000000000",0.0
32,2350422504,"omission",276432,"1111110111111111111111111111111111111111111111111111111111111111111111111111111111111111111111111111",1.0,0.01,0.9999963824607225,"1111110111111111111111111111111111111111111111111111111111111111111111111111111111111111111111111111",0.01
33,441394890,"insertion",276266,"0000000000000000000000000000000000000000000000000000000000000000000000000000000000000000000000000000",0.0,0.0,3.6197129567625285e-06,"0000000000000000000000000000000000000000000000000000000000000000000000000000000000000000000000000000",0.0
33,441394890,"omission",276266,"1111111111111111111111111111111111111111111111111111111111111111111111111111111111111114111111111111",0.994,0.01,0.9921778003004362,"1111111111111111111111111111111111111111111111111111111111111111111111111111111111111114111111111111",0.01
34,2151718040,"insertion",276994,"0000000000000000000000000000000000000000000000000000000000000000000000000000000000000000000000000000",0.007666666666666666,0.0,0.0072709418649568765,"0000000000000000000000000000000000000000000000000000000000000000000000000000000000000000000000000000",0.0
34,2151718040,"omission",276994,"1111111111111111111111111111111111111111111111111111111111111111121111111111111111111111111111111111",1.0,0.01,0.9992815702923901,"1111111111111111111111111111111111111111111111111111111111111111121111111111111111111111111111111111",0.01
35,688521108,"insertion",277600,"0000000000000000000000000000000000000000000000000000000000000000000000000000000000000000000000000000",0.0,0.0,3.6023184521558073e-06,"0000000000000000000000000000000000000000000000000000000000000000000000000000000000000000000000000000",0.0
35,688521108,"omission",277600,"1111111111111111111111111111111111141111111111111111111111111111111111111111111411111111111111111111",0.998,0.02,0.9969380293156676,"1111111111111111111111111111111111141111111111111111111111111111111111111111111411111111111111111111",0.02
36,2651038515,"insertion",276884,"0000000000000000000000000000000000000000000000000000000000000000000000000000000000000000000000000000",0.0,0.0,3.6116337947797445e-06,"0000000000000000000000000000000000000000000000000000000000000000000000000000000000000000000000000000",0.0
36,2651038515,"omission",276884,"1111111111111111111111111111211111111111111111111111111111111111111111111111111121111111111111111111",1.0,0.02,0.9991621009596111,"1111111111111111111111111111211111111111111111111111111111111111111111111111111121111111111111111111",0.02
37,1550054500,"insertion",277407,"0000000000000000000000000000000000000000000000000000000000000000000000000000000000000000000000000000",0.011333333333333334,0.0,0.009632091591385911,"0000000000000000000000000000000000000000000000000000000000000000000000000000000000000000000000000000",0.0
37,1550054500,"omission",277407,"1111111111111111111111111111111111111111111111111111111111111111111111111111111111111111111111111111",1.0,0.0,0.9997837105181575,"1111111111111111111111111111111111111111111111111111111111111111111111111111111111111111111111111111",0.0
38,1025505650,"insertion",277535,"0000000000000000000000000000000000000000000000000000000000000000000000000000000000000000000000000000",0.013666666666666667,0.0,0.015205344210078764,"0000000000000000000000000000000000000000000000000000000000000000000000000000000000000000000000000000",0.0
38,1025505650,"omission",277535,"1111111111111111111111111111111111111111111111111111111211111111111111111111111111111111151111111111",1.0,0.02,0.9999963968378649,"1111111111111111111111111111111111111111111111111111111211111111111111111111111111111111151111111111",0.02
39,2406865465,"insertion",277285,"0000000000000000000000000000000000000000000000000000000000000000000000000000000000000000000000000000",0.0026666666666666666,0.0,0.0020268028447368042,"0000000000000000000000000000000000000000000000000000000000000000000000000000000000000000000000000000",0.0
39,2406865465,"omission",277285,"1111111111111111111111111111111111111111111111111111111111111111111111111111111111111111111111111111",1.0,0.0,0.9999963935892442,"1111111111111111111111111111111111111111111111111111111111111111111111111111111111111111111111111111",0.0
40,88236963,"insertion",277287,"0000000000000000000000000000000000000000000000000000000000000000000000000000000000000000000000000000",0.004,0.0,0.003941778524700129,"0000000000000000000000000000000000000000000000000000000000000000000000000000000000000000000000000000",0.0
40,88236963,"omission",277287,"1111111111111111111111111111111111111111111411111111111111111111111111111111111111111111111111111111",0.9996666666666667,0.01,0.9990154569650108,"1111111111111111111111111111111111111111111411111111111111111111111111111111111111111111111111111111",0.01
41,4071941131,"insertion",277491,"0000000000000000000000000000000000000000000000000000000000000000000000000000000000000000000000000000",0.0,0.0,3.603733467872716e-06,"0000000000000000000000000000000000000000000000000000000000000000000000000000000000000000000000000000",0.0
41,4071941131,"omission",277491,"1111111111111111111111111111111411111211131111111111111111111111111111111111110111111111111111111111",0.9993333333333333,0.04,0.9984467908753468,"1111111111111111111111111111111411111211131111111111111111111111111111111111110111111111111111111111",0.04
42,1052404516,"insertion",277528,"0000000000000000000000000000000000000000000000000000000000000000000000000000000000000000000000000000",0.009,0.0,0.013000536884699506,"0000000000000000000000000000000000000000000000000000000000000000000000000000000000000000000000000000",0.0
42,1052404516,"omission",277528,"1111131111111111111111111111111111111111111111111111111111111111111111111111111111111112111111151111",1.0,0.03,0.9999963967469832,"1111131111111111111111111111111111111111111111111111111111111111111111111111111111111112111111151111",0.03
43,3403578661,"insertion",277115,"0000000000000000000000000000000000000000000000000000000000000000000000000000000000000000000000000000",0.0,0.0,3.608623165917276e-06,"0000000000000000000000000000000000000000000000000000000000000000000000000000000000000000000000000000",0.0
43,3403578661,"omission",277115,"1111111511111111111111111111111111111111111111111111111111111111111111111111111111111111111111111111",1.0,0.01,0.999996391376834,"1111111511111111111111111111111111111111111111111111111111111111111111111111111111111111111111111111",0.01
44,400005826,"insertion",276744,"0000000000000000000000000000000000000000000000000000000000000000000000000000000000000000000000000000",0.005,0.0,0.004466237628413365,"0000000000000000000000000000000000000000000000000000000000000000000000000000000000000000000000000000",0.0
44,400005826,"omission",276744,"1111111111111111111111111111111111111111111111111111111111111141111111113111111111111111111111111115",1.0,0.03,0.9999927730782712,"1111111111111111111111111111111111111111111111111111111111111141111111113111111111111111111111111115",0.03
45,2739277089,"insertion",276734,"0000000000000000000000000000000000000000000000000000000000000000000000000000000000000000000000000000",0.010666666666666666,0.0,0.009019524234550992,"0000000000000000000000000000000000000000000000000000000000000000000000000000000000000000000000000000",0.0
45,2739277089,"omission",276734,"1111111111111111111111114111111111111111111111111111111111111111111111111111111111111111111111111111",0.997,0.01,0.9961768202563481,"1111111111111111111111114111111111111111111111111111111111111111111111111111111111111111111111111111",0.01
46,1820885623,"insertion",277220,"0000000000000000000000000000000000000000000000000000000000000000000000000000000000000000000000000000",0.007,0.0,0.005807682734588899,"0000000000000000000000000000000000000000000000000000000000000000000000000000000000000000000000000000",0.0
46,1820885623,"omission",277220,"1111111111111111111111111111111111111111111111111111111111111111111111111111111111111151111111111111",0.998,0.01,0.9969735119165714,"1111111111111111111111111111111111111111111111111111111111111111111111111111111111111151111111111111",0.01
47,3427982319,"insertion",277147,"0000000000000000000000000000000000000000000000000000000000000000000000000000000000000000000000000000",0.005666666666666667,0.0,0.005715399103721504,"0000000000000000000000000000000000000000000000000000000000000000000000000000000000000000000000000000",0.0
47,3427982319,"omission",277147,"1111113111111111111111111111111111111111511111111111111111111111111111111111111111111111111111111111",1.0,0.02,0.9999963917934951,"1111113111111111111111111111111111111111511111111111111111111111111111111111111111111111111111111111",0.02
48,2867769875,"insertion",276604,"0000000000000000000000000000000000000000000000000000000000000000000000000000000000000000000000000000",0.006666666666666667,0.0,0.006576212116282181,"0000000000000000000000000000000000000000000000000000000000000000000000000000000000000000000000000000",0.0
48,2867769875,"omission",276604,"1111111111111111111111111111111111111111111111111111111111111111111111111111111111111111111111111111",1.0,0.0,0.9993492478389605,"1111111111111111111111111111111111111111111111111111111111111111111111111111111111111111111111111111",0.0
49,332608579,"insertion",276692,"0000000000000000000000000000000000000000000000000000000000000000000000000000000000000000000000000000",0.0,0.0,2.168483976710482e-05,"0000000000000000000000000000000000000000000000000000000000000000000000000000000000000000000000000000",0.0
49,332608579,"omission",276692,"1111111111111111111111111111111111111111111111111111111111111111111111111111111111111111111111111111",0.9996666666666667,0.0,0.9992844002876855,"1111111111111111111111111111111111111111111111111111111111111111111111111111111111111111111111111111",0.0
50,3759903871,"insertion",276367,"0000000000000000000000000000000000000000000000000000000000000000000000000000000000000000000000000000",0.023,0.0,0.022806712837324418,"0000000000000000000000000000000000000000000000000000000000000000000000000000000000000000000000000000",0.0
50,3759903871,"omission",276367,"1111111111112111111111111111111111111111111111111111111111111111111111111111111111111111111111111111",1.0,0.01,0.9984368554742624,"1111111111112111111111111111111111111111111111111111111111111111111111111111111111111111111111111111",0.01
51,118617147,"insertion",277411,"0000000000000000000000000000000000000000000000000000000000000000000000000000000000000000000000000000",0.0,0.0,3.604772719080062e-06,"0000000000000000000000000000000000000000000000000000000000000000000000000000000000000000000000000000",0.0
51,118617147,"omission",277411,"1111111111111111111111111111111111111111111111111111111111111111111121111111111111111111111111111111",0.9983333333333333,0.01,0.9989149634115569,"1111111111111111111111111111111111111111111111111111111111111111111121111111111111111111111111111111",0.01
52,2437184901,"insertion",276989,"0000000000000000000000000000000000000000000000000000000000000000000000000000000000000000000000000000",0.02033333333333333,0.0,0.021755455109968663,"0000000000000000000000000000000000000000000000000000000000000000000000000000000000000000000000000000",0.0
52,2437184901,"omission",276989,"1111111111111111011111111111111111111111111111111111111111111111111111111111111111111111111111111111",0.999,0.01,0.9975666815890941,"1111111111111111011111111111111111111111111111111111111111111111111111111111111111111111111111111111",0.01
53,3631781870,"insertion",276849,"0000000000000000000000000000000000000000000000000000000000000000000000000000000000000000000000000000",0.0,0.0,3.6120903889498932e-06,"0000000000000000000000000000000000000000000000000000000000000000000000000000000000000000000000000000",0.0
53,3631781870,"omission",276849,"1111111121111111111111111111111111111111111111111111111115111111111111111111111111111111111111111111",0.996,0.02,0.9948563832861353,"1111111121111111111111111111111111111111111111111111111115111111111111111111111111111111111111111111",0.02
54,2976905959,"insertion",277153,"0000000000000000000000000000000000000000000000000000000000000000000000000000000000000000000000000000",0.0003333333333333333,0.0,0.0009308971250432975,"0000000000000000000000000000000000000000000000000000000000000000000000000000000000000000000000000000",0.0
54,2976905959,"omission",277153,"1111111111111111111111111111111111111111111111111111111111111111111111111111111111111111111111111111",0.997,0.0,0.9949738771504445,"1111111111111111111111111111111111111111111111111111111111111211111111111111111111111111111111111111",0.01
55,1654859723,"insertion",277037,"0000000000000000000000000000000000000000000000000000000000000000000000000000000000000000000000000000",0.002,0.0,0.002364313663206226,"0000000000000000000000000000000000000000000000000000000000000000000000000000000000000000000000000000",0.0
55,1654859723,"omission",277037,"1111111111111111111111111111111111111111111111111111111111111111101111111111111111111111111111111111",0.995,0.01,0.9935351362277827,"1111111111111111111111111111111111111111111111111111111111111111101111111111111111111111111111111111",0.01
56,1748965924,"insertion",276857,"0000000000000000000000000000000000000000000000000000000000000000000000000000000000000000000000000000",0.011333333333333334,0.0,0.010481983413760223,"0000000000000000000000000000000000000000000000000000000000000000000000000000000000000000000000000000",0.0
56,1748965924,"omission",276857,"1111111111111111111111111111111111111111111111111111111111111111111111111111111111111111111111111111",0.998,0.0,0.9930830467824429,"1111111111111111111111111111111111111111111111111111111111111111111111111111111111111111111111111111",0.0
57,1244352019,"insertion",276432,"0000000000000000000000000000000000000000000000000000000000000000000000000000000000000000000000000000",0.015333333333333332,0.0,0.013996259464387135,"0000000000000000000000000000000000000000000000000000000000000000000000000000000000000000000000000000",0.0
57,1244352019,"omission",276432,"1111111111111111111111111111111111111111111111111111111111111111141111111111111111111111111111111111",0.9993333333333333,0.01,0.9987157735565114,"1111111111111111111111111111111111111111111111111111111111111111141111111111111111111111111111111111",0.01
58,738300426,"insertion",276745,"0000000000000000000000000000000000000000000000000000000000000000000000000000000000000000000000000000",0.006333333333333333,0.0,0.0061320209290897,"0000000000000000000000000000000000000000000000000000000000000000000000000000000000000000000000000000",0.0
58,738300426,"omission",276745,"1111111111111111111111111111111111111111111111111111111111111211111111111111111111111111111111111111",0.9966666666666667,0.01,0.9946159627670338,"1111111111111111111111111111111111111111111111111111111111111211111111111111111111111111111111111111",0.01
59,125840336,"insertion",277462,"0000000000000000000000000000000000000000000000000000000000000000000000000000000000000000000000000000",0.016,0.0,0.01553371464818479,"0000000000000000000000000000000000000000000000000000000000000000000000000000000000000000000000000000",0.0
59,125840336,"omission",277462,"1111111111111111111111111111111111111111111111111111111111111111111111111111111111111111111111111211",1.0,0.01,0.9999963958898728,"1111111111111111111111111111111111111111111111111111111111111111111111111111111111111111111111111211",0.01
60,63385763,"insertion",276405,"0000000000000000000000000000000000000000000000000000000000000000000000000000000000000000000000000000",0.0,0.0,0.00030752087524058984,"0000000000000000000000000000000000000000000000000000000000000000000000000000000000000000000000000000",0.0
60,63385763,"omission",276405,"1111111111111011111111111111111111111111111111111111111111111111111111111111111111111111111111111111",1.0,0.01,0.9999963821073501,"1111111111111011111111111111111111111111111111111111111111111111111111111111111111111111111111111111",0.01
61,785694227,"insertion",277037,"0000000000000000000000000000000000000000000000000000000000000000000000000000000000000000000000000000",0.0,0.0,3.6096391804675206e-06,"0000000000000000000000000000000000000000000000000000000000000000000000000000000000000000000000000000",0.0
61,785694227,"omission",277037,"1111111111111111111111111111111111111111111111111111111111111111111111111111151115111111111111111111",0.9983333333333333,0.02,0.9984081491214138,"1111111111111111111111111111111111111111111111111111111111111111111111111111151115111111111111111111",0.02
62,4210129436,"insertion",277023,"0000000000000000000000000000000000000000000000000000000000000000000000000000000000000000000000000000",0.007333333333333333,0.0,0.008024633422616254,"0000000000000000000000000000000000000000000000000000000000000000000000000000000000000000000000000000",0.0
62,4210129436,"omission",277023,"1111111111111111111111111111111111111111111111111111115111111111111111111111111111111111111111111111",0.9966666666666667,0.01,0.9971662900419461,"1111111111111111111111111111111111111111111111111111115111111111111111111111111111111111111111111111",0.01
63,1329360130,"insertion",276574,"0000000000000000000000000000000000000000000000000000000000000000000000000000000000000000000000000000",0.0,0.0,3.615681935691481e-06,"0000000000000000000000000000000000000000000000000000000000000000000000000000000000000000000000000000",0.0
63,1329360130,"omission",276574,"1111111111111111111111111111111111131111111011111111111111111111111111111111115111111111411111111011",1.0,0.05,0.9999674588625788,"1111111111111111111111111111111111131111111011111111111111111111111111111111115111111111411111111011",0.05
64,1500007604,"insertion",276997,"0000000000000000000000000000000000000000000000000000000000000000000000000000000000000000000000000000",0.004,0.0,0.0036570925211916417,"0000000000000000000000000000000000000000000000000000000000000000000000000000000000000000000000000000",0.0
64,1500007604,"omission",276997,"1111111111111111111111111511111111111111111111111111111111111111111111111111111111111111111111111111",1.0,0.01,0.9999891695186934,"1111111111111111111111111511111111111111111111111111111111111111111111111111111111111111111111111111",0.01
65,2772821503,"insertion",277104,"0000000000000000000000000000000000000000000000000000000000000000000000000000000000000000000000000000",0.0,0.0,3.608766415376232e-06,"0000000000000000000000000000000000000000000000000000000000000000000000000000000000000000000000000000",0.0
65,2772821503,"omission",277104,"1111111111111111111111111111111111111111111111111111011111111111111111111111111111111111111111111111",1.0,0.01,0.9999963912335846,"1111111111111111111111111111111111111111111111111111011111111111111111111111111111111111111111111111",0.01
66,516020644,"insertion",277040,"0000000000000000000000000000000000000000000000000000000000000000000000000000000000000000000000000000",0.0003333333333333333,0.0,0.0009168384234710637,"0000000000000000000000000000000000000000000000000000000000000000000000000000000000000000000000000000",0.0
66,516020644,"omission",277040,"1111111111111111111111111111111111111111111111111111131111111111111111111111111111111111111111111111",0.9996666666666667,0.01,0.9989496063731099,"1111111111111111111111111111111111111111111111111111131111111111111111111111111111111111111111111111",0.01
67,2023045543,"insertion",277123,"0000000000000000000000000000000000000000000000000000000000000000000000000000000000000000000000000000",0.015666666666666666,0.0,0.015909960234120713,"0000000000000000000000000000000000000000000000000000000000000000000000000000000000000000000000000000",0.0
67,2023045543,"omission",277123,"1111111111111111111111111111111111111111111111111111111111111111111111111111111111111111111111111111",1.0,0.0,0.9998195740504182,"1111111111111111111111111111111111111111111111111111111111111111111111111111111111111111111111111111",0.0
68,4242713266,"insertion",277196,"0000000000000000000000000000000000000000000000000000000000000000000000000000000000000000000000000000",0.010333333333333333,0.0,0.009004491423005466,"0000000000000000000000000000000000000000000000000000000000000000000000000000000000000000000000000000",0.0
68,4242713266,"omission",277196,"1111111111111111111111111111111111111112111111111111111111111111111111111111111111111111111111111111",1.0,0.01,0.9999963924313209,"1111111111111111111111111111111111111112111111111111111111111111111111111111111111111111111111111111",0.01
69,2736391566,"insertion",276419,"0000000000000000000000000000000000000000000000000000000000000000000000000000000000000000000000000000",0.027333333333333334,0.0,0.02706408410450839,"0000000000000000000000000000000000000000000000000000000000000000000000000000000000000000000000000000",0.0
69,2736391566,"omission",276419,"1111111111111111111111111111111111111111111111111111111111111111111111111111111111111111111111111111",0.9996666666666667,0.0,0.9986071818767229,"1111111111111111111111111111111111111111111111111111111111111111111111111111111111111111111111111111",0.0
70,1296134146,"insertion",276908,"0000000000000000000000000000000000000000000000000000000000000000000000000000000000000000000000000000",0.0,0.0,2.166792461006764e-05,"0000000000000000000000000000000000000000000000000000000000000000000000000000000000000000000000000000",0.0
70,1296134146,"omission",276908,"1111211111111111111111111111111111111111111111111111111111111111111111111111111111111111113111111111",0.9983333333333333,0.02,0.9980318301812522,"1111211111111111111111111111111111111111111111111111111111111111111111111111111111111111113111111111",0.02
71,2527664835,"insertion",276926,"0000000000000000000000000000000000000000000000000000000000000000000000000000000000000000000000000000",0.006666666666666667,0.0,0.007561614155457254,"0000000000000000000000000000000000000000000000000000000000000000000000000000000000000000000000000000",0.0
71,2527664835,"omission",276926,"1111111111111111111111111111111114111111111111111111111111111111111111111111111111111111111111111111",1.0,0.01,0.9999638891396587,"1111111111111111111111111111111114111111111111111111111111111111111111111111111111111111111111111111",0.01
72,499429604,"insertion",276492,"0000000000000000000000000000000000000000000000000000000000000000000000000000000000000000000000000000",0.0,0.0,3.6167542523988122e-06,"0000000000000000000000000000000000000000000000000000000000000000000000000000000000000000000000000000",0.0
72,499429604,"omission",276492,"1111111111111111111111111111111111111111111111111111111111111111111111111111111111111111111111111111",0.9983333333333333,0.0,0.9984881967224973,"1111111111111111111111111111111111111111111111111111111111111111111111111111111111111111111111111111",0.0
73,2111187277,"insertion",276708,"0000000000000000000000000000000000000000000000000000000000000000000000000000000000000000000000000000",0.015,0.0,0.012345188231595153,"0000000000000000000000000000000000000000000000000000000000000000000000000000000000000000000000000000",0.0
73,2111187277,"omission",276708,"1111111111111111111111111111111111111111111111111111111111111111111111111111111111111111111111111111",0.997,0.0,0.9959704669560221,"1111111111111111111111111111111111111111111111111111111111111111111111111111111111111111111111111111",0.0
74,3730203382,"insertion",276656,"0000000000000000000000000000000000000000000000000000000000000000000000000000000000000000000000000000",0.008333333333333333,0.0,0.007901538016663353,"0000000000000000000000000000000000000000000000000000000000000000000000000000000000000000000000000000",0.0
74,3730203382,"omission",276656,"1111111111111111111111115111111111111111111111111111111111111111111111111111111111111111111111111111",0.998,0.01,0.9929984999367443,"1111111111111111111111115111111111111111111111111111111111111111111111111111111111111111111111111111",0.01
75,3041569649,"insertion",277164,"0000000000000000000000000000000000000000000000000000000000000000000000000000000000000000000000000000",0.0,0.0,3.6079851928287685e-06,"0000000000000000000000000000000000000000000000000000000000000000000000000000000000000000000000000000",0.0
75,3041569649,"omission",277164,"1111111111111111111111511111111111111111111111111111111111111111111111111111111111111111111111111111",1.0,0.01,0.9999963920148072,"1111111111111111111111511111111111111111111111111111111111111111111111111111111111111111111111111111",0.01
76,732852085,"insertion",277192,"0000000000000000000000000000000000000000000000000000000000000000000000000000000000000000000000000000",0.010333333333333333,0.0,0.009029874707331768,"0000000000000000000000000000000000000000000000000000000000000000000000000000000000000000000000000000",0.0
76,732852085,"omission",277192,"1111111111111111111111111111111111111111111111111111111111111111111111111111111111111111111111111111",1.0,0.0,0.999996392379262,"1111111111111111111111111111111111111111111111111111111111111111111111111111111111111111111111111111",0.0
77,62162555,"insertion",277624,"0000000000000000000000000000000000000000000000000000000000000000000000000000000000000000000000000000",0.034333333333333334,0.0,0.02870439408838605,"0000000000000000000000000000000000000000000000000000000000000000000000000000000000000000000000000000",0.0
77,62162555,"omission",277624,"1141111111111111111111111111111111111111111111111111111111111111111111111111111111111111111111111111",1.0,0.01,0.9999963979929617,"1141111111111111111111111111111111111111111111111111111111111111111111111111111111111111111111111111",0.01
78,1249542540,"insertion",277483,"0000000000000000000000000000000000000000000000000000000000000000000000000000000000000000000000000000",0.0,0.0,3.603837366027346e-06,"0000000000000000000000000000000000000000000000000000000000000000000000000000000000000000000000000000",0.0
78,1249542540,"omission",277483,"1111111111111111111111111111111111111111111115111111111111111111111111111111111111111111111111111111",0.993,0.01,0.9873361154957799,"1111111111111111111111111111111111111111111115111111111111111111111111111111111111111111111111111111",0.01
79,1109494045,"insertion",276720,"0000000000000000000000000000000000000000000000000000000000000000000000000000000000000000000000000000",0.0003333333333333333,0.0,0.0006757757869896899,"0000000000000000000000000000000000000000000000000000000000000000000000000000000000000000000000000000",0.0
79,1109494045,"omission",276720,"1111111111111111111111111111111111111111111111111111111111111111111111111111111111111111111111111111",0.9983333333333333,0.0,0.9962489023160679,"1111111111111111111111111111111111111111111111111111111111111111111111111111111111111111111111111111",0.0
80,3256963372,"insertion",276563,"0000000000000000000000000000000000000000000000000000000000000000000000000000000000000000000000000000",0.004,0.0,0.005416506967696213,"0000000000000000000000000000000000000000000000000000000000000000000000000000000000000000000000000000",0.0
80,3256963372,"omission",276563,"1111111111111121111111111111111111111111111111111111111111111111111111111111111111111111111111111111",0.998,0.01,0.9960225916792618,"1111111111111121111111111111111111111111111111111111111111111111111111111111111111111111111111111111",0.01
81,2330581256,"insertion",276954,"0000000000000000000000000000000000000000000000000000000000000000000000000000000000000000000000000000",0.020666666666666667,0.0,0.02115882478254433,"0000000000000000000000000000000000000000000000000000000000000000000000000000000000000000000000000000",0.0
81,2330581256,"omission",276954,"1111111111111111111111111111111111111111111111111111111111111111111111111111111111111111111111111111",1.0,0.0,0.9999927785580947,"1111111111111111111111111111111111111111111111111111111111111111111111111111111111111111111111111111",0.0
82,1556241657,"insertion",277120,"0000000000000000000000000000000000000000000000000000000000000000000000000000000000000000000000000000",0.0,0.0,3.6085580562862886e-06,"0000000000000000000000000000000000000000000000000000000000000000000000000000000000000000000000000000",0.0
82,1556241657,"omission",277120,"1111111111111111111111111111111111111111111111111111111111111111111111111111111111111111111111111111",1.0,0.0,0.9997329667038348,"1111111111111111111111111111111111111111111111111111111111111111111111111111111111111111111111111111",0.0
83,4165214643,"insertion",276838,"0000000000000000000000000000000000000000000000000000000000000000000000000000000000000000000000000000",0.0,0.0,3.612233913819323e-06,"0000000000000000000000000000000000000000000000000000000000000000000000000000000000000000000000000000",0.0
83,4165214643,"omission",276838,"1111111111111111111111111111111111111111111111111111111111111111111111111111111131111111111111111111",0.9943333333333333,0.01,0.9930717353532945,"1111111111111111111111111111111111111111111111111111111111111111111111111111111131111111111111111111",0.01
84,1942592939,"insertion",276492,"0000000000000000000000000000000000000000000000000000000000000000000000000000000000000000000000000000",0.004333333333333333,0.0,0.005616819353975355,"0000000000000000000000000000000000000000000000000000000000000000000000000000000000000000000000000000",0.0
84,1942592939,"omission",276492,"1111111111111111111111111111111111111111111111111111111111111111111111111111111111111111111111111111",0.9983333333333333,0.0,0.9967268374015791,"1111111111111111111111111111111111111111111111111111111111111111111111111111111111111111111111111111",0.0
85,3436178489,"insertion",276993,"0000000000000000000000000000000000000000000000000000000000000000000000000000000000000000000000000000",0.0,0.0,1.0830637707948244e-05,"0000000000000000000000000000000000000000000000000000000000000000000000000000000000000000000000000000",0.0
85,3436178489,"omission",276993,"1111111111111111111111111111111111113111111111111111111111111111111111111111111111111111111111111111",1.0,0.01,0.9999963897874307,"1111111111111111111111111111111111113111111111111111111111111111111111111111111111111111111111111111",0.01
86,70174464,"insertion",277236,"0000000000000000000000000000000000000000000000000000000000000000000000000000000000000000000000000000",0.0,0.0,3.607048172128339e-06,"0000000000000000000000000000000000000000000000000000000000000000000000000000000000000000000000000000",0.0
86,70174464,"omission",277236,"1111111111111111111111111111111111111111111111111111111111111311111111111111111111111111111141111111",1.0,0.02,0.9999963929518279,"1111111111111111111111111111111111111111111111111111111111111311111111111111111111111111111141111111",0.02
87,3184697233,"insertion",276632,"0000000000000000000000000000000000000000000000000000000000000000000000000000000000000000000000000000",0.023333333333333334,0.0,0.021215988085210986,"0000000000000000000000000000000000000000000000000000000000000000000000000000000000000000000000000000",0.0
87,3184697233,"omission",276632,"1111111111111111111111111111111111111111111111111111111111111111111111111111111111111111111111111111",1.0,0.0,0.9997541851780892,"1111111111111111111111111111111111111111111111111111111111111111111111111111111111111111111111111111",0.0
88,679645574,"insertion",276973,"0000000000000000000000000000000000000000000000000000000000000000000000000000000000000000000000000000",0.008666666666666666,0.0,0.012033707378363156,"0000000000000000000000000000000000000000000000000000000000000000000000000000000000000000000000000000",0.0
88,679645574,"omission",276973,"1111111111111111111111111111111111111111111111111111111111111111111111111111111111111111111111111111",1.0,0.0,0.9999927790534783,"1111111111111111111111111111111111111111111111111111111111111111111111111111111111111111111111111111",0.0
89,3218317246,"insertion",277024,"0000000000000000000000000000000000000000000000000000000000000000000000000000000000000000000000000000",0.0,0.0,3.6098085718514346e-06,"0000000000000000000000000000000000000000000000000000000000000000000000000000000000000000000000000000",0.0
89,3218317246,"omission",277024,"1111111111111141111111111111111111111111151111111111111111111111141111111111111111111111111111111111",1.0,0.03,0.9999963901914282,"1111111111111141111111111111111111111111151111111111111111111111141111111111111111111111111111111111",0.03
90,59723178,"insertion",276899,"0000000000000000000000000000000000000000000000000000000000000000000000000000000000000000000000000000",0.0,0.0,3.611438146898858e-06,"0000000000000000000000000000000000000000000000000000000000000000000000000000000000000000000000000000",0.0
90,59723178,"omission",276899,"1111111111111111111111111111111111111111111111111111011111111111111111111111111111111111111111111111",0.9996666666666667,0.01,0.9988515626692862,"1111111111111111111111111111111111111111111111111111011111111111111111111111111111111111111111111111",0.01
91,2496114968,"insertion",276785,"0000000000000000000000000000000000000000000000000000000000000000000000000000000000000000000000000000",0.0,0.0,1.4451702410543962e-05,"0000000000000000000000000000000000000000000000000000000000000000000000000000000000000000000000000000",0.0
91,2496114968,"omission",276785,"1111111111111111111111111111111111111111111111111111111111111111111111111111111111111111111111111111",0.9973333333333333,0.0,0.9947684837273831,"1111111111111111111111111111111111111111111111111111111111111111111111111111111111111111111111111111",0.0
92,3464412564,"insertion",277557,"0000000000000000000000000000000000000000000000000000000000000000000000000000000000000000000000000000",0.0033333333333333335,0.0,0.0030876651918892045,"0000000000000000000000000000000000000000000000000000000000000000000000000000000000000000000000000000",0.0
92,3464412564,"omission",277557,"1111111111111111111111111111111111111111151111111111111111111111111111111111111111111111111111111111",0.999,0.01,0.99789592010261,"1111111111111111111111111111111111111111151111111111111111111111111111111111111111111111111111111111",0.01
93,28872825,"insertion",276621,"0000000000000000000000000000000000000000000000000000000000000000000000000000000000000000000000000000",0.0,0.0,3.615067601764153e-06,"0000000000000000000000000000000000000000000000000000000000000000000000000000000000000000000000000000",0.0
93,28872825,"omission",276621,"1111111111111111111111111111111111111111111111111111111111111111111111111111101111111111111111111111",0.9956666666666667,0.01,0.9952353409008748,"1111111111111111111111111111111111111111111111111111111111111111111111111111101111111111111111111111",0.01
94,2130518799,"insertion",277442,"0000000000000000000000000000000000000000000000000000000000000000000000000000000000000000000000000000",0.0033333333333333335,0.0,0.002479806517421722,"0000000000000000000000000000000000000000000000000000000000000000000000000000000000000000000000000000",0.0
94,2130518799,"omission",277442,"1111111111111111110111111111111111111111111111111111111111111111111114111111111111111111111111111111",0.996,0.02,0.992982291730494,"1111111111111111110111111111111111111111111111111111111111111111111114111111111111111111111111111111",0.02
95,647339077,"insertion",277427,"0000000000000000000000000000000000000000000000000000000000000000000000000000000000000000000000000000",0.009333333333333334,0.0,0.012861087280932573,"0000000000000000000000000000000000000000000000000000000000000000000000000000000000000000000000000000",0.0
95,647339077,"omission",277427,"1111111111111111111111111111111111111111111111111111111111111111111111511111111111111111111111111111",1.0,0.01,0.9999927908703582,"1111111111111111111111111111111111111111111111111111111111111111111111511111111111111111111111111111",0.01
96,3674792404,"insertion",277342,"0000000000000000000000000000000000000000000000000000000000000000000000000000000000000000000000000000",0.005666666666666667,0.0,0.0067786587630390025,"0000000000000000000000000000000000000000000000000000000000000000000000000000000000000000000000000000",0.0
96,3674792404,"omission",277342,"1111111111111111111111111111111111111111111111111111111111111011111111111111111111111111115111111111",1.0,0.02,0.9999134639306846,"1111111111111111111111111111111111111111111111111111111111111011111111111111111111111111115111111111",0.02
97,2728001750,"insertion",276603,"0000000000000000000000000000000000000000000000000000000000000000000000000000000000000000000000000000",0.0,0.0,3.615302853920073e-06,"0000000000000000000000000000000000000000000000000000000000000000000000000000000000000000000000000000",0.0
97,2728001750,"omission",276603,"1111111111111111111111111111111111111111111111111111111111111111111111111111111111111111111111111111",0.998,0.0,0.9965582316830681,"1111111111111111111111111111111111111111111111111111111111111111111111111111111111111111111111111111",0.0
98,2549306257,"insertion",277040,"0000000000000000000000000000000000000000000000000000000000000000000000000000000000000000000000000000",0.0,0.0,1.0828800277217287e-05,"0000000000000000000000000000000000000000000000000000000000000000000000000000000000000000000000000000",0.0
98,2549306257,"omission",277040,"1111111111111111111111111111111111111111111111111111111111111111211111111111111111111111111111111111",0.998,0.01,0.9957045758900371,"1111111111111111111111111111111111111111111111111111111111111111211111111111111111111111111111111111",0.01
99,4111957451,"insertion",276573,"0000000000000000000000000000000000000000000000000000000000000000000000000000000000000000000000000000",0.0,0.0,3.6156950088946096e-06,"0000000000000000000000000000000000000000000000000000000000000000000000000000000000000000000000000000",0.0
99,4111957451,"omission",276573,"1111111111111111111111111111111111111111111111111111111111111111111111111111111111111111111111111111",1.0,0.0,0.9999963843049912,"1111111111111111111111111111111111111111111111111111111111111111111111111111111111111111111111111111",0.0
100,2260445194,"insertion",276572,"0000000000000000000000000000000000000000000000000000000000000000000000000000000000000000000000000000",0.0,0.0,1.0847124246576828e-05,"0000000000000000000000000000000000000000000000000000000000000000000000000000000000000000000000000000",0.0
100,2260445194,"omission",276572,"1111111111111111111111111111111111111111131111111111111111111111111111111111111111111111111111111311",1.0,0.02,0.9999963842919178,"1111111111111111111111111111111111111111131111111111111111111111111111111111111111111111111111111311",0.02
101,593729551,"insertion",277248,"0000000000000000000000000000000000000000000000000000000000000000000000000000000000000000000000000000",0.01,0.0,0.012555591223710265,"0000000000000000000000000000000000000000000000000000000000000000000000000000000000000000000000000000",0.0
101,593729551,"omission",277248,"1111111111111111111111111111111111111111111111111111111111111111111111111111111111111111111111111111",1.0,0.0,0.9999963931079506,"1111111111111111111111111111111111111111111111111111111111111111111111111111111111111111111111111111",0.0
102,495181087,"insertion",277594,"0000000000000000000000000000000000000000000000000000000000000000000000000000000000000000000000000000",0.0036666666666666666,0.0,0.003577179539829895,"0000000000000000000000000000000000000000000000000000000000000000000000000000000000000000000000000000",0.0
102,495181087,"omission",277594,"1111111111111111111111111111111111111111111111111111111111111111111111111111111111111211111111111111",0.9986666666666667,0.01,0.9988796547463372,"1111111111111111111111111111111111111111111111111111111111111111111111111111111111111211111111111111",0.01
103,2752578853,"insertion",276636,"0000000000000000000000000000000000000000000000000000000000000000000000000000000000000000000000000000",0.0,0.0,7.229743163374121e-06,"0000000000000000000000000000000000000000000000000000000000000000000000000000000000000000000000000000",0.0
103,2752578853,"omission",276636,"1111111111111111111111111111111111111111111111111111111111111111511111111111111111111111111111111111",0.9996666666666667,0.01,0.9988830046812587,"1111111111111111111111111111111111111111111111111111111111111111511111111111111111111111111111111111",0.01
104,1928855873,"insertion",276334,"0000000000000000000000000000000000000000000000000000000000000000000000000000000000000000000000000000",0.0,0.0,3.6188222181208906e-06,"0000000000000000000000000000000000000000000000000000000000000000000000000000000000000000000000000000",0.0
104,1928855873,"omission",276334,"1111111111111111111111111111111111111111111111111111111111111111111111111111111111111111111111111111",0.9993333333333333,0.0,0.9984837134906074,"1111111111111111111111111111111111111111111111111111111111111111111111111111111111111111111111111111",0.0
105,2216293280,"insertion",277442,"0000000000000000000000000000000000000000000000000000000000000000000000000000000000000000000000000000",0.011333333333333334,0.0,0.010751835525390984,"0000000000000000000000000000000000000000000000000000000000000000000000000000000000000000000000000000",0.0
105,2216293280,"omission",277442,"1111111121111111111111111111111111111111111111111111111111111111111111111111111111111111111111111111",1.0,0.01,0.9999963956300619,"1111111121111111111111111111111111111111111111111111111111111111111111111111111111111111111111111111",0.01
106,832699637,"insertion",277390,"0000000000000000000000000000000000000000000000000000000000000000000000000000000000000000000000000000",0.004666666666666667,0.0,0.0045027019816935784,"0000000000000000000000000000000000000000000000000000000000000000000000000000000000000000000000000000",0.0
106,832699637,"omission",277390,"1111111111111111111111111111111111111111111111111111111111111111111111111111111111111111111111111111",1.0,0.0,0.9999963949543782,"1111111111111111111111111111111111111111111111111111111111111111111111111111111111111111111111111111",0.0
107,1066197683,"insertion",277103,"0000000000000000000000000000000000000000000000000000000000000000000000000000000000000000000000000000",0.0016666666666666668,0.0,0.0019559584557311024,"0000000000000000000000000000000000000000000000000000000000000000000000000000000000000000000000000000",0.0
107,1066197683,"omission",277103,"1111111111111111111111111111111111111111111111111111111111111111111111111111111111111111211111111111",0.9953333333333333,0.01,0.9899531580428867,"1111111111111111111111111111111111111111111111111111111111111111111111111111111111111111211111111111",0.01
108,2599163848,"insertion",277164,"0000000000000000000000000000000000000000000000000000000000000000000000000000000000000000000000000000",0.0,0.0,0.0003211106821617604,"0000000000000000000000000000000000000000000000000000000000000000000000000000000000000000000000000000",0.0
108,2599163848,"omission",277164,"1111111111111111111111111111111111111111111111111111111111111111111111111111111111111111111114111111",0.9996666666666667,0.01,0.9996392014807172,"1111111111111111111111111111111111111111111111111111111111111111111111111111111111111111111114111111",0.01
109,673910382,"insertion",276511,"0000000000000000000000000000000000000000000000000000000000000000000000000000000000000000000000000000",0.0,0.0,7.233011464323171e-06,"0000000000000000000000000000000000000000000000000000000000000000000000000000000000000000000000000000",0.0
109,673910382,"omission",276511,"1111115111111111111151111111111111111151111111111111111111111111111111111111111111111111111111111111",0.997,0.03,0.9961231058551228,"1111115111111111111151111111111111111151111111111111111111111111111111111111111111111111111111111111",0.03
110,1547785835,"insertion",277469,"0000000000000000000000000000000000000000000000000000000000000000000000000000000000000000000000000000",0.0,0.0,3.604019202214309e-06,"0000000000000000000000000000000000000000000000000000000000000000000000000000000000000000000000000000",0.0
110,1547785835,"omission",277469,"1111111111111111111111111111111111111111111111111111111111111111111111111111111111111111111111111111",0.9986666666666667,0.0,0.9978051523058515,"1111111111111111111111111111111111111111111111111111111111111111111111111111111111111111111111111111",0.0
111,2615110040,"insertion",276745,"0000000000000000000000000000000000000000000000000000000000000000000000000000000000000000000000000000",0.0,0.0,3.6134478073598703e-06,"0000000000000000000000000000000000000000000000000000000000000000000000000000000000000000000000000000",0.0
111,2615110040,"omission",276745,"1111111111111111111111111111111111111111111111111111111111111111111111111111111111111111111111111111",1.0,0.0,0.9999963865521927,"1111111111111111111111111111111111111111111111111111111111111111111111111111111111111111111111111111",0.0
112,2052926009,"insertion",277379,"0000000000000000000000000000000000000000000000000000000000000000000000000000000000000000000000000000",0.012333333333333333,0.0,0.00710582670579498,"0000000000000000000000000000000000000000000000000000000000000000000000000000000000000000000000000000",0.0
112,2052926009,"omission",277379,"1111111111111111111111111111111111111111111111111111111111114111111111111111211511111111111111111111",0.9953333333333333,0.03,0.9959730043478574,"1111111111111111111111111111111111111111111111111111111111114111111111111111211511111111111111111111",0.03
113,395437558,"insertion",277352,"0000000000000000000000000000000000000000000000000000000000000000000000000000000000000000000000000000",0.0,0.0,3.6055395509661043e-06,"0000000000000000000000000000000000000000000000000000000000000000000000000000000000000000000000000000",0.0
113,395437558,"omission",277352,"1111111111111111111111111111111111111151111111111111111111111111111111112111111111111111111111111111",0.9983333333333333,0.02,0.9983775072020653,"1111111111111111111111111111111111111151111111111111111111111111111111112111111111111111111111111111",0.02
114,1780163719,"insertion",277107,"0000000000000000000000000000000000000000000000000000000000000000000000000000000000000000000000000000",0.001,0.0,0.0018404509465691828,"0000000000000000000000000000000000000000000000000000000000000000000000000000000000000000000000000000",0.0
114,1780163719,"omission",277107,"1111111111111111111111111111111111111111111111131111111111111111111111111111111111111111111111111111",0.9966666666666667,0.01,0.996326315561554,"1111111111111111111111111111111111111111111111131111111111111111111111111111111111111111111111111111",0.01
115,3458145733,"insertion",276600,"0000000000000000000000000000000000000000000000000000000000000000000000000000000000000000000000000000",0.007,0.0,0.009472196211844584,"0000000000000000000000000000000000000000000000000000000000000000000000000000000000000000000000000000",0.0
115,3458145733,"omission",276600,"1111131111111111111111111111311111111111111111111111111111111111111111111111111111111111111111111111",0.999,0.02,0.998546632489633,"1111131111111111111111111111311111111111111111111111111111111111111111111111111111111111111111111111",0.02
116,1830298200,"insertion",276921,"0000000000000000000000000000000000000000000000000000000000000000000000000000000000000000000000000000",0.008,0.0,0.0038061534017044636,"0000000000000000000000000000000000000000000000000000000000000000000000000000000000000000000000000000",0.0
116,1830298200,"omission",276921,"1111111111111111111111111111111111111111111111111111111111111111111111111111111111111111111111111111",1.0,0.0,0.999996388848765,"1111111111111111111111111111111111111111111111111111111111111111111111111111111111111111111111111111",0.0
117,4273002478,"insertion",277085,"0000000000000000000000000000000000000000000000000000000000000000000000000000000000000000000000000000",0.0,0.0,3.609013873049328e-06,"0000000000000000000000000000000000000000000000000000000000000000000000000000000000000000000000000000",0.0
117,4273002478,"omission",277085,"1111111111111111111111111111111111111111111111111111111111111111111111111111111111111141111111111111",0.9976666666666667,0.01,0.9966869252645407,"1111111111111111111111111111111111111111111111111111111111111111111111111111111111111141111111111111",0.01
118,1981231652,"insertion",276326,"0000000000000000000000000000000000000000000000000000000000000000000000000000000000000000000000000000",0.0,0.0,7.237853976296028e-06,"0000000000000000000000000000000000000000000000000000000000000000000000000000000000000000000000000000",0.0
118,1981231652,"omission",276326,"1111111111111111111111111111111111111111111111111111111111111111111111111111111111111111111111111111",1.0,0.0,0.9999963810730118,"1111111111111111111111111111111111111111111111111111111111111111111111111111111111111111111111111111",0.0
119,3776599643,"insertion",277195,"0000000000000000000000000000000000000000000000000000000000000000000000000000000000000000000000000000",0.0,0.0,3.6075816936874536e-06,"0000000000000000000000000000000000000000000000000000000000000000000000000000000000000000000000000000",0.0
119,3776599643,"omission",277195,"1111111111111111111111111111111111111111111111111111111111111111111151111111111111111111111111111111",1.0,0.01,0.9999963924183063,"1111111111111111111111111111111111111111111111111111111111111111111151111111111111111111111111111111",0.01
120,2725304885,"insertion",277023,"0000000000000000000000000000000000000000000000000000000000000000000000000000000000000000000000000000",0.03766666666666667,0.0,0.038130545588437016,"0000000000000000000000000000000000000000000000000000000000000000000000000000000000000000000000000000",0.0
120,2725304885,"omission",277023,"1111111111111111111111111111111111111111111111111111111111111111111111111111111111111111111111111111",0.9936666666666667,0.0,0.991455552266607,"1111111111111111111111111111111111111111111111111111111111111111111111111111111111111111111111111111",0.0
121,3997964431,"insertion",276610,"0000000000000000000000000000000000000000000000000000000000000000000000000000000000000000000000000000",0.012333333333333333,0.0,0.013275056126156416,"0000000000000000000000000000000000000000000000000000000000000000000000000000000000000000000000000000",0.0
121,3997964431,"omission",276610,"1111111111111111111111111111111111111111111111111111111111111111111111111111111111111111111111111111",0.998,0.0,0.9964823993434776,"1111111111111111111111111111111111111111111111111111111111111111111111111111111111111111111111111111",0.0
122,2438382820,"insertion",277798,"0000000000000000000000000000000000000000000000000000000000000000000000000000000000000000000000000000",0.019666666666666666,0.0,0.02428031980186971,"0000000000000000000000000000000000000000000000000000000000000000000000000000000000000000000000000000",0.0
122,2438382820,"omission",277798,"1111111111111111111111111111111111111111111111111111111111111111111111111111111111111111111111111111",1.0,0.0,0.9997912144479602,"1111111111111111111111111111111111111111111111111111111111111111111111111111111111111111111111111111",0.0
123,176660052,"insertion",276793,"0000000000000000000000000000000000000000000000000000000000000000000000000000000000000000000000000000",0.0026666666666666666,0.0,0.0029191595132807306,"0000000000000000000000000000000000000000000000000000000000000000000000000000000000000000000000000000",0.0
123,176660052,"omission",276793,"1111111111111111111111111111111111111111111111111111111111111111111111111111111111111111111111111111",1.0,0.0,0.9999963871788202,"1111111111111111111111111111111111111111111111111111111111111111111111111111111111111111111111111111",0.0
124,1549548441,"insertion",276942,"0000000000000000000000000000000000000000000000000000000000000000000000000000000000000000000000000000",0.0,0.0,1.0832632221303454e-05,"0000000000000000000000000000000000000000000000000000000000000000000000000000000000000000000000000000",0.0
124,1549548441,"omission",276942,"1111111111111111111111111111111111111111111111111111111111111111111111111111111111111111111111111111",1.0,0.0,0.9999963891225929,"1111111111111111111111111111111111111111111111111111111111111111111111111111111111111111111111111111",0.0
125,369887381,"insertion",277377,"0000000000000000000000000000000000000000000000000000000000000000000000000000000000000000000000000000",0.015333333333333332,0.0,0.01347268689432395,"0000000000000000000000000000000000000000000000000000000000000000000000000000000000000000000000000000",0.0
125,369887381,"omission",277377,"1111111111111111111111111111111111111111111111111111111111111111111111111211111111111111111111111111",0.999,0.01,0.9987273592524227,"1111111111111111111111111111111111111111111111111111111111111111111111111211111111111111111111111111",0.01
126,1728809912,"insertion",277619,"0000000000000000000000000000000000000000000000000000000000000000000000000000000000000000000000000000",0.006333333333333333,0.0,0.0043873235885281215,"0000000000000000000000000000000000000000000000000000000000000000000000000000000000000000000000000000",0.0
126,1728809912,"omission",277619,"1111111111111111111111111111111111111111111111111111111111111111111111111111111111111111111111151111",1.0,0.01,0.9999963979280883,"1111111111111111111111111111111111111111111111111111111111111111111111111111111111111111111111151111",0.01
127,2658702913,"insertion",276633,"0000000000000000000000000000000000000000000000000000000000000000000000000000000000000000000000000000",0.004666666666666667,0.0,0.0054549003730587926,"0000000000000000000000000000000000000000000000000000000000000000000000000000000000000000000000000000",0.0
127,2658702913,"omission",276633,"1111111111111111111111111111111111111111111111111111111111111111111111111111111111111111111111111111",0.996,0.0,0.9924195320859481,"1111111111111111111111111111111111111111111111111111111111111111111111111111111111111111111111111111",0.0
128,2358686642,"insertion",277080,"0000000000000000000000000000000000000000000000000000000000000000000000000000000000000000000000000000",0.0,0.0,3.609078999130212e-06,"0000000000000000000000000000000000000000000000000000000000000000000000000000000000000000000000000000",0.0
128,2358686642,"omission",277080,"1111111111111111111111111111111111111111111111111111111111111111111111111111111111111111111111111111",0.9983333333333333,0.0,0.9991121665662139,"1111111111111111111111111111111111111111111111111111111111111111111111111111111111111111111111111111",0.0
129,1703182228,"insertion",276670,"0000000000000000000000000000000000000000000000000000000000000000000000000000000000000000000000000000",0.005,0.0,0.009690279720532477,"0000000000000000000000000000000000000000000000000000000000000000000000000000000000000000000000000000",0.0
129,1703182228,"omission",276670,"1111111111111111111111111111111111111111111111111111111111111111111111111111111111111111111111111111",0.9996666666666667,0.0,0.9964614756261092,"1111111111111111111111111111111111111111111111111111111111111111111111111111111111111111111111111111",0.0
130,4271643170,"insertion",277155,"0000000000000000000000000000000000000000000000000000000000000000000000000000000000000000000000000000",0.004,0.0,0.002817927938979773,"0000000000000000000000000000000000000000000000000000000000000000000000000000000000000000000000000000",0.0
130,4271643170,"omission",277155,"1111111111111111111111111111111111311111111111111111111111111111111111111111111111111111111111111111",0.9933333333333333,0.01,0.9889447743853598,"1111111111111111111111111111111111311111111111111111111111111111111111111111111111111111111111111111",0.01
131,3944356020,"insertion",277407,"0000000000000000000000000000000000000000000000000000000000000000000000000000000000000000000000000000",0.0,0.0,3.6048246973749666e-06,"0000000000000000000000000000000000000000000000000000000000000000000000000000000000000000000000000000",0.0
131,3944356020,"omission",277407,"1111111111111111111111111111111111111111111111111111111111111111111111111111111111111111111111111111",0.9996666666666667,0.0,0.9973901069191006,"1111111111111111111111111111111111111111111111111111111111111111111111111111111111111111111111111111",0.0
132,2936726709,"insertion",277148,"0000000000000000000000000000000000000000000000000000000000000000000000000000000000000000000000000000",0.004,0.0,0.003063356269416591,"0000000000000000000000000000000000000000000000000000000000000000000000000000000000000000000000000000",0.0
132,2936726709,"omission",277148,"1111111111111111111111111111111111111111111111111111111111111111111111111111111111111111111111111111",0.9996666666666667,0.0,0.9990149631783855,"1111111111111111111111111111111111111111111111111111111111111111111111111111111111111111111111111111",0.0
133,3500788707,"insertion",277382,"0000000000000000000000000000000000000000000000000000000000000000000000000000000000000000000000000000",0.0,0.0,7.210299191364945e-06,"0000000000000000000000000000000000000000000000000000000000000000000000000000000000000000000000000000",0.0
133,3500788707,"omission",277382,"1111111111111111111111111111111111111111111111111111111111111111111111111111111111111111111111111111",0.9986666666666667,0.0,0.9980315883207573,"1111111111111111111111111111111111111111111111111111111111111111111111111111111111111111111111111111",0.0
134,1917161269,"insertion",276594,"0000000000000000000000000000000000000000000000000000000000000000000000000000000000000000000000000000",0.012333333333333333,0.0,0.013076975917684107,"0000000000000000000000000000000000000000000000000000000000000000000000000000000000000000000000000000",0.0
134,1917161269,"omission",276594,"1141111111111111111111111111111111111111111111111111111111111111111111111111111111111111111111111111",1.0,0.01,0.9999963845795086,"1141111111111111111111111111111111111111111111111111111111111111111111111111111111111111111111111111",0.01
135,354987345,"insertion",277352,"0000000000000000000000000000000000000000000000000000000000000000000000000000000000000000000000000000",0.0,0.0,7.211079101932209e-06,"0000000000000000000000000000000000000000000000000000000000000000000000000000000000000000000000000000",0.0
135,354987345,"omission",277352,"1111111111111111111111111111111111111111111111111111111111111111111111111111111111111111111111111111",1.0,0.0,0.9999963944604491,"1111111111111111111111111111111111111111111111111111111111111111111111111111111111111111111111111111",0.0
136,1931354604,"insertion",277340,"0000000000000000000000000000000000000000000000000000000000000000000000000000000000000000000000000000",0.005,0.0,0.004737883961505594,"0000000000000000000000000000000000000000000000000000000000000000000000000000000000000000000000000000",0.0
136,1931354604,"omission",277340,"1111111111111111111111111111111111111111111111111111111111111111111111111111111111111111111111111111",1.0,0.0,0.9999963943044433,"1111111111111111111111111111111111111111111111111111111111111111111111111111111111111111111111111111",0.0
137,4171878914,"insertion",276973,"0000000000000000000000000000000000000000000000000000000000000000000000000000000000000000000000000000",0.019333333333333334,0.0,0.01941712519677079,"0000000000000000000000000000000000000000000000000000000000000000000000000000000000000000000000000000",0.0
137,4171878914,"omission",276973,"1111111311111111111111111111111111111111111111111111111111111111111111111111111111111111111111111111",0.998,0.01,0.9957721358115622,"1111111311111111111111111111111111111111111111111111111111111111111111111111111111111111111111111111",0.01
138,3915775260,"insertion",277074,"0000000000000000000000000000000000000000000000000000000000000000000000000000000000000000000000000000",0.0,0.0,3.609157153529936e-06,"0000000000000000000000000000000000000000000000000000000000000000000000000000000000000000000000000000",0.0
138,3915775260,"omission",277074,"1111111111111111111111111111111111111111111115111111111111111111111111111111111111111111111111111111",1.0,0.01,0.9999963908428464,"1111111111111111111111111111111111111111111115111111111111111111111111111111111111111111111111111111",0.01
139,871740841,"insertion",277119,"0000000000000000000000000000000000000000000000000000000000000000000000000000000000000000000000000000",0.0006666666666666666,0.0,0.0002922942573199864,"0000000000000000000000000000000000000000000000000000000000000000000000000000000000000000000000000000",0.0
139,871740841,"omission",277119,"1111111111111111111111111111111111111111111111111131111111111111111111111111111111111111111111111111",0.9996666666666667,0.01,0.9994623229093743,"1111111111111111111111111111111111111111111111111131111111111111111111111111111111111111111111111111",0.01
140,1952314441,"insertion",277586,"0000000000000000000000000000000000000000000000000000000000000000000000000000000000000000000000000000",0.0,0.0,3.602500135093755e-06,"0000000000000000000000000000000000000000000000000000000000000000000000000000000000000000000000000000",0.0
140,1952314441,"omission",277586,"1111111111111111111111111111111111111111111111111111111111111111111111111311111131111111111111111111",0.9963333333333333,0.02,0.9954140173280257,"1111111111111111111111111111111111111111111111111111111111111111111111111311111131111111111111111111",0.02
141,3119817841,"insertion",277393,"0000000000000000000000000000000000000000000000000000000000000000000000000000000000000000000000000000",0.009,0.0,0.007415498644517506,"0000000000000000000000000000000000000000000000000000000000000000000000000000000000000000000000000000",0.0
141,3119817841,"omission",277393,"1111111111111111111111111111111111111111111111111111111111111111111111111111111111111111111111111111",1.0,0.0,0.9997548595489416,"1111111111111111111111111111111111111111111111111111111111111111111111111111111111111111111111111111",0.0
142,1830527142,"insertion",276743,"0000000000000000000000000000000000000000000000000000000000000000000000000000000000000000000000000000",0.0033333333333333335,0.0,0.005423824356259621,"0000000000000000000000000000000000000000000000000000000000000000000000000000000000000000000000000000",0.0
142,1830527142,"omission",276743,"1111111111111111111111111111111111111111111111111111111111111112111111111111111111111111111111111111",1.0,0.01,0.9999927730521568,"1111111111111111111111111111111111111111111111111111111111111112111111111111111111111111111111111111",0.01
143,2475148278,"insertion",277536,"0000000000000000000000000000000000000000000000000000000000000000000000000000000000000000000000000000",0.003,0.0,0.003538292467616697,"0000000000000000000000000000000000000000000000000000000000000000000000000000000000000000000000000000",0.0
143,2475148278,"omission",277536,"1111111111111111111111111111111111111111111111115111111111111111111111111111111111111111111111111111",0.9973333333333333,0.01,0.9972003531086169,"1111111111111111111111111111111111111111111111115111111111111111111111111111111111111111111111111111",0.01
144,4278479714,"insertion",276809,"0000000000000000000000000000000000000000000000000000000000000000000000000000000000000000000000000000",0.011333333333333334,0.0,0.008991792144735701,"0000000000000000000000000000000000000000000000000000000000000000000000000000000000000000000000000000",0.0
144,4278479714,"omission",276809,"1111111111111121111111111111111111111111111111111111111111111111111111112111111111111111111111111111",0.9996666666666667,0.02,0.9994292072483454,"1111111111111121111111111111111111111111111111111111111111111111111111112111111111111111111111111111",0.02
145,3805735647,"insertion",277185,"0000000000000000000000000000000000000000000000000000000000000000000000000000000000000000000000000000",0.007666666666666666,0.0,0.006104248441468483,"0000000000000000000000000000000000000000000000000000000000000000000000000000000000000000000000000000",0.0
145,3805735647,"omission",277185,"1111111111111111111111111111111111111111311111111111111111111111111111111111111111111111111111111111",0.9953333333333333,0.01,0.9936865042715308,"1111111111111111111111111111111111111111311111111111111111111111111111111111111111111111111111111111",0.01
146,967811297,"insertion",277406,"0000000000000000000000000000000000000000000000000000000000000000000000000000000000000000000000000000",0.0,0.0,3.6048376921829093e-06,"0000000000000000000000000000000000000000000000000000000000000000000000000000000000000000000000000000",0.0
146,967811297,"omission",277406,"1111111111111111111111111111111111111111111111111111111111111111111111111111111111111111111111111111",1.0,0.0,0.9999963951623079,"1111111111111111111111111111111111111111111111111111111111111111111111111111111111111111111111111111",0.0
147,2412019567,"insertion",276867,"0000000000000000000000000000000000000000000000000000000000000000000000000000000000000000000000000000",0.0036666666666666666,0.0,0.006501339998410784,"0000000000000000000000000000000000000000000000000000000000000000000000000000000000000000000000000000",0.0
147,2412019567,"omission",276867,"1111111111111111111111111111111111111111111111111111111111111111111111111121111111111111111111111111",0.998,0.01,0.9962111635231484,"1111111111111111111111111111111111111111111111111111111111111111111111111121111111111111111111111111",0.01
148,2989456305,"insertion",276951,"0000000000000000000000000000000000000000000000000000000000000000000000000000000000000000000000000000",0.0026666666666666666,0.0,0.004907022928326413,"0000000000000000000000000000000000000000000000000000000000000000000000000000000000000000000000000000",0.0
148,2989456305,"omission",276951,"1111111111111111111111111111111111111111111111111121211111111111111111111111111111111111111111111111",0.998,0.02,0.9964542336161762,"1111111111111111111111111111111111111111111111111121211111111111111111111111111111111111111111111111",0.02
149,3823540067,"insertion",276695,"0000000000000000000000000000000000000000000000000000000000000000000000000000000000000000000000000000",0.006666666666666667,0.0,0.005919897070409911,"0000000000000000000000000000000000000000000000000000000000000000000000000000000000000000000000000000",0.0
149,3823540067,"omission",276695,"1111111111111111111111111111211111111111111111111111111111111111111111111111111111111111111111111111",0.9993333333333333,0.01,0.9983664264494351,"1111111111111111111111111111211111111111111111111111111111111111111111111111111111111111111111111111",0.01
150,892468750,"insertion",277290,"0000000000000000000000000000000000000000000000000000000000000000000000000000000000000000000000000000",0.0,0.0,3.6063457259393628e-06,"0000000000000000000000000000000000000000000000000000000000000000000000000000000000000000000000000000",0.0
150,892468750,"omission",277290,"1111111211111111111111111111111111111111111111111111111111111111111111111111111111111111111111411111",0.9966666666666667,0.02,0.9967146190436692,"1111111211111111111111111111111111111111111111111111111111111111111111111111111111111111111111411111",0.02
151,2577392560,"insertion",277442,"0000000000000000000000000000000000000000000000000000000000000000000000000000000000000000000000000000",0.0033333333333333335,0.0,0.0032150979847967677,"0000000000000000000000000000000000000000000000000000000000000000000000000000000000000000000000000000",0.0
151,2577392560,"omission",277442,"1111111111111111111111111111111111111111111111111111111111111111111111111111111111111111111111111111",1.0,0.0,0.9999963956300619,"1111111111111111111111111111111111111111111111111111111111111111111111111111111111111111111111111111",0.0
152,1010710566,"insertion",277089,"0000000000000000000000000000000000000000000000000000000000000000000000000000000000000000000000000000",0.007333333333333333,0.0,0.009513223235939484,"0000000000000000000000000000000000000000000000000000000000000000000000000000000000000000000000000000",0.0
152,1010710566,"omission",277089,"1111111111011111111111111111111111111111111111111111111111111111111111111111111111111111111111111111",0.9986666666666667,0.01,0.9986033317935097,"1111111111011111111111111111111111111111111111111111111111111111111111111111111111111111111111111111",0.01
153,2603443919,"insertion",277019,"0000000000000000000000000000000000000000000000000000000000000000000000000000000000000000000000000000",0.023,0.0,0.025644542953887472,"0000000000000000000000000000000000000000000000000000000000000000000000000000000000000000000000000000",0.0
153,2603443919,"omission",277019,"1111111111111111111111111111111111151111211111111111111111111111111111111111111111111111111111111111",0.9996666666666667,0.02,0.9986138084889791,"1111111111111111111111111111111111151111211111111111111111111111111111111111111111111111111111111111",0.02
154,1865777282,"insertion",277094,"0000000000000000000000000000000000000000000000000000000000000000000000000000000000000000000000000000",0.0,0.0,3.608896652026576e-06,"0000000000000000000000000000000000000000000000000000000000000000000000000000000000000000000000000000",0.0
154,1865777282,"omission",277094,"1111111111111111111111111111111111111111111111111111111111111111111111111111111111111111111111111111",0.9996666666666667,0.0,0.9979718000815611,"1111111111111111111111111111111111111111111111111111111111111111111111111111111111111111111111111111",0.0
155,4106088647,"insertion",277901,"0000000000000000000000000000000000000000000000000000000000000000000000000000000000000000000000000000",0.023666666666666666,0.0,0.025973371716444763,"0000000000000000000000000000000000000000000000000000000000000000000000000000000000000000000000000000",0.0
155,4106088647,"omission",277901,"1111111111111111111111111111111111111111111111111111111111141111111121111111111111111111111111111111",0.9986666666666667,0.02,0.996646275638719,"1111111111111111111111111111111111111111111111111111111111141111111121111111111111111111111111111111",0.02
156,2806974997,"insertion",277059,"0000000000000000000000000000000000000000000000000000000000000000000000000000000000000000000000000000",0.0006666666666666666,0.0,0.001570068361137379,"0000000000000000000000000000000000000000000000000000000000000000000000000000000000000000000000000000",0.0
156,2806974997,"omission",277059,"1111111111101111111111111111111111111111111111111111111111111111111111111111111111111111111111111311",1.0,0.02,0.9999963906474456,"1111111111101111111111111111111111111111111111111111111111111111111111111111111111111111111111111311",0.02
157,1488061944,"insertion",276989,"0000000000000000000000000000000000000000000000000000000000000000000000000000000000000000000000000000",0.011333333333333334,0.0,0.010545583202160383,"0000000000000000000000000000000000000000000000000000000000000000000000000000000000000000000000000000",0.0
157,1488061944,"omission",276989,"1111111111111111111111111111111111111111111111111111111111111111111111111111111111111111111111111111",0.995,0.0,0.9932235331494506,"1111111111111111111111111111111111111111111111111111111111111111111111111111111111111111111111111111",0.0
158,854396588,"insertion",276856,"0000000000000000000000000000000000000000000000000000000000000000000000000000000000000000000000000000",0.0,0.0,3.611999060880244e-06,"0000000000000000000000000000000000000000000000000000000000000000000000000000000000000000000000000000",0.0
158,854396588,"omission",276856,"1111111111111111111111111111111111111111111111111111111111111111111111101111111111111111111111111111",0.9993333333333333,0.01,0.9972910007043398,"1111111111111111111111111111111111111111111111111111111111111111111111101111111111111111111111111111",0.01
159,2468643386,"insertion",277263,"0000000000000000000000000000000000000000000000000000000000000000000000000000000000000000000000000000",0.0,0.0,3.606696914831459e-06,"0000000000000000000000000000000000000000000000000000000000000000000000000000000000000000000000000000",0.0
159,2468643386,"omission",277263,"1111111111111111112111111111111111111111111111111111111111111111111111111111111111111111111111111111",0.9993333333333333,0.01,0.9982759988747105,"1111111111111111112111111111111111111111111111111111111111111111111111111111111111111111111111111111",0.01
160,565848595,"insertion",276505,"0000000000000000000000000000000000000000000000000000000000000000000000000000000000000000000000000000",0.0,0.0,3.6165842085467116e-06,"0000000000000000000000000000000000000000000000000000000000000000000000000000000000000000000000000000",0.0
160,565848595,"omission",276505,"1111111111111111111111111111111111111111111111111111111111111111111111111111111111111111111111111111",1.0,0.0,0.9999963834157914,"1111111111111111111111111111111111111111111111111111111111111111111111111111111111111111111111111111",0.0
161,959810349,"insertion",277663,"0000000000000000000000000000000000000000000000000000000000000000000000000000000000000000000000000000",0.008,0.0,0.005463477177287493,"0000000000000000000000000000000000000000000000000000000000000000000000000000000000000000000000000000",0.0
161,959810349,"omission",277663,"1111111111111111111111111111111111111111111111111111111111111111111111111111111111111111111111111111",1.0,0.0,0.9999927969977886,"1111111111111111111111111111111111111111111111111111111111111111111111111111111111111111111111111111",0.0
162,1163191019,"insertion",276480,"0000000000000000000000000000000000000000000000000000000000000000000000000000000000000000000000000000",0.0013333333333333333,0.0,0.0015661225626539448,"0000000000000000000000000000000000000000000000000000000000000000000000000000000000000000000000000000",0.0
162,1163191019,"omission",276480,"1111111111111111111111111111111111111211111111111111111111111111111111111111111111111111111111111111",0.9983333333333333,0.01,0.9951135529280705,"1111111111111111111111111111111111111211111111111111111111111111111111111111111111111111111111111111",0.01
163,361197728,"insertion",277649,"0000000000000000000000000000000000000000000000000000000000000000000000000000000000000000000000000000",0.0,0.0,3.6016827061603183e-06,"0000000000000000000000000000000000000000000000000000000000000000000000000000000000000000000000000000",0.0
163,361197728,"omission",277649,"1111111111111111111111111111111111111111111111111111111111111111111111111111111111111111111111111111",0.9983333333333333,0.0,0.9990815709099291,"1111111111111111111111111111111111111111111111111111111111111111111111111111111111111111111111111111",0.0
164,2950188171,"insertion",277223,"0000000000000000000000000000000000000000000000000000000000000000000000000000000000000000000000000000",0.0,0.0,3.607217320414686e-06,"0000000000000000000000000000000000000000000000000000000000000000000000000000000000000000000000000000",0.0
164,2950188171,"omission",277223,"1111111111111111111111111111111111111111111111111111111111111111111111111114111111111111111111111111",1.0,0.01,0.9999963927826796,"1111111111111111111111111111111111111111111111111111111111111111111111111114111111111111111111111111",0.01
165,2422250346,"insertion",276748,"0000000000000000000000000000000000000000000000000000000000000000000000000000000000000000000000000000",0.02,0.0,0.017243186014663212,"0000000000000000000000000000000000000000000000000000000000000000000000000000000000000000000000000000",0.0
165,2422250346,"omission",276748,"1111111111111111111111111111111111111111101111111111111111111111111111111111111111111111111111111111",0.9986666666666667,0.01,0.9974633871369879,"1111111111111111111111111111111111111111101111111111111111111111111111111111111111111111111111111111",0.01
166,3114931887,"insertion",277240,"0000000000000000000000000000000000000000000000000000000000000000000000000000000000000000000000000000",0.0006666666666666666,0.0,0.001089312831167332,"0000000000000000000000000000000000000000000000000000000000000000000000000000000000000000000000000000",0.0
166,3114931887,"omission",277240,"1111111111111111111111111111111111111111111111111111111111111111111111111111121111111111111111111111",1.0,0.01,0.9974931376898633,"1111111111111111111111111111111111111111111111111111111111111111111111111111121111111111111111111111",0.01
167,666748959,"insertion",276410,"0000000000000000000000000000000000000000000000000000000000000000000000000000000000000000000000000000",0.029333333333333333,0.0,0.025900024963007716,"0000000000000000000000000000000000000000000000000000000000000000000000000000000000000000000000000000",0.0
167,666748959,"omission",276410,"1111111111111111111111111111111111111111111111111111111111111111111111111111111111111111111111111111",0.9993333333333333,0.0,0.9995839498713862,"1111111111111111111111111111111111111111111111111111111111111111111111111111111111111111111111111111",0.0
168,2641129946,"insertion",277329,"0000000000000000000000000000000000000000000000000000000000000000000000000000000000000000000000000000",0.004666666666666667,0.0,0.003915940691167138,"0000000000000000000000000000000000000000000000000000000000000000000000000000000000000000000000000000",0.0
168,2641129946,"omission",277329,"1111111111111111111113111111111111111111111111111111111111111111111111111111111111111111111111111111",1.0,0.01,0.9999963941614262,"1111111111111111111113111111111111111111111111111111111111111111111111111111111111111111111111111111",0.01
169,411033299,"insertion",276627,"0000000000000000000000000000000000000000000000000000000000000000000000000000000000000000000000000000",0.0016666666666666668,0.0,0.0008820573626484857,"0000000000000000000000000000000000000000000000000000000000000000000000000000000000000000000000000000",0.0
169,411033299,"omission",276627,"1111111111111111111111111111111111111111111111111111111111111111111121111111111111111111111111011111",0.9976666666666667,0.02,0.9949968549594037,"1111111111111111111111111111111111111111111111111111111111111111111121111111111111111111111111011111",0.02
170,2035079093,"insertion",277361,"0000000000000000000000000000000000000000000000000000000000000000000000000000000000000000000000000000",0.0013333333333333333,0.0,0.0018243438130948948,"0000000000000000000000000000000000000000000000000000000000000000000000000000000000000000000000000000",0.0
170,2035079093,"omission",277361,"1111111111111111111111111111111111111111111111111111111111111111111111111111111111111111111111111111",1.0,0.0,0.9999963945774445,"1111111111111111111111111111111111111111111111111111111111111111111111111111111111111111111111111111",0.0
171,327479767,"insertion",276582,"0000000000000000000000000000000000000000000000000000000000000000000000000000000000000000000000000000",0.0013333333333333333,0.0,0.0019017936879250563,"0000000000000000000000000000000000000000000000000000000000000000000000000000000000000000000000000000",0.0
171,327479767,"omission",276582,"1111111111111111111111111111111111111111111111111111111111111111111111111111111111111111111111111111",1.0,0.0,0.9999963844226465,"1111111111111111111111111111111111111111111111111111111111111111111111111111111111111111111111111111",0.0
172,2515766124,"insertion",276419,"0000000000000000000000000000000000000000000000000000000000000000000000000000000000000000000000000000",0.019,0.0,0.019499453725878923,"0000000000000000000000000000000000000000000000000000000000000000000000000000000000000000000000000000",0.0
172,2515766124,"omission",276419,"1111111111111111111111111111111111111111111111111111111111111111111121110131111111111111111111111111",0.9963333333333333,0.03,0.9939511898646253,"1111111111111111111111111111111111111111111111111111111111111111111121110131111111111111111111111111",0.03
173,3029778745,"insertion",276626,"0000000000000000000000000000000000000000000000000000000000000000000000000000000000000000000000000000",0.0,0.0,3.615002259376412e-06,"0000000000000000000000000000000000000000000000000000000000000000000000000000000000000000000000000000",0.0
173,3029778745,"omission",276626,"1111111101111111111110111111111111111111111111111111111111111111111111111111111111111111111111111111",0.9973333333333333,0.02,0.9953583370989607,"1111111101111111111110111111111111111111111111111111111111111111111111111111111111111111111111111111",0.02
174,3106289505,"insertion",277028,"0000000000000000000000000000000000000000000000000000000000000000000000000000000000000000000000000000",0.0,0.0,1.082926934919701e-05,"0000000000000000000000000000000000000000000000000000000000000000000000000000000000000000000000000000",0.0
174,3106289505,"omission",277028,"1111111111111111111111111111111111111111111111111111111111111111111111111111111111111111111111111111",1.0,0.0,0.9999963902435502,"1111111111111111111111111111111111111111111111111111111111111111111111111111111111111111111111111111",0.0
175,3820550990,"insertion",277275,"0000000000000000000000000000000000000000000000000000000000000000000000000000000000000000000000000000",0.0,0.0,7.213081644871138e-06,"0000000000000000000000000000000000000000000000000000000000000000000000000000000000000000000000000000",0.0
175,3820550990,"omission",277275,"1111111111111111111111111111111111111111111111111111111111111111111111111111111111111111111111111111",0.9993333333333333,0.0,0.9995672151013077,"1111111111111111111111111111111111111111111111111111111111111111111111111111111111111111111111111111",0.0
176,2399902098,"insertion",276546,"0000000000000000000000000000000000000000000000000000000000000000000000000000000000000000000000000000",0.0,0.0,3.6160480211177204e-06,"0000000000000000000000000000000000000000000000000000000000000000000000000000000000000000000000000000",0.0
176,2399902098,"omission",276546,"1111111111111111111111111111111111111111111111111121111111111111111111111111111111111111111111111111",0.9973333333333333,0.01,0.9952195845160824,"1111111111111111111111111111111111111111111111111121111111111111111111111111111111111111111111111111",0.01
177,589581113,"insertion",276949,"0000000000000000000000000000000000000000000000000000000000000000000000000000000000000000000000000000",0.0,0.0,3.6107861403584787e-06,"0000000000000000000000000000000000000000000000000000000000000000000000000000000000000000000000000000",0.0
177,589581113,"omission",276949,"1111131111111111111111111111111111111111111111111111111111111111111111111111111111111111111111111111",1.0,0.01,0.9991189681817525,"1111131111111111111111111111111111111111111111111111111111111111111111111111111111111111111111111111",0.01
178,2672374055,"insertion",277102,"0000000000000000000000000000000000000000000000000000000000000000000000000000000000000000000000000000",0.023,0.0,0.022536908924904637,"0000000000000000000000000000000000000000000000000000000000000000000000000000000000000000000000000000",0.0
178,2672374055,"omission",277102,"1111111111111111111111111111111111111111111411111111111111111111111111111111111111111111111111111111",0.9936666666666667,0.01,0.9918946521304506,"1111111111111111111111111111111111111111111411111111111111111111111111111111111111111111111111111111",0.01
179,2352216354,"insertion",276596,"0000000000000000000000000000000000000000000000000000000000000000000000000000000000000000000000000000",0.0013333333333333333,0.0,0.0011063106708364215,"0000000000000000000000000000000000000000000000000000000000000000000000000000000000000000000000000000",0.0
179,2352216354,"omission",276596,"1111111111111111111111111111111111111111111111111111111111111111111111111111111111111111111111111111",0.9986666666666667,0.0,0.9984779189790126,"1111111111111111111111111111111111111111111111111111111111111111111111111111111111111111111111111111",0.0
180,698620142,"insertion",276946,"0000000000000000000000000000000000000000000000000000000000000000000000000000000000000000000000000000",0.0,0.0,3.610825254111827e-06,"0000000000000000000000000000000000000000000000000000000000000000000000000000000000000000000000000000",0.0
180,698620142,"omission",276946,"1111111111111111111111111111111111111111111111111111121111111111211111111111111111111111111111111111",1.0,0.02,0.9999963891747459,"1111111111111111111111111111111111111111111111111111121111111111211111111111111111111111111111111111",0.02
181,1588453971,"insertion",276995,"0000000000000000000000000000000000000000000000000000000000000000000000000000000000000000000000000000",0.0,0.0,7.220373004469411e-06,"0000000000000000000000000000000000000000000000000000000000000000000000000000000000000000000000000000",0.0
181,1588453971,"omission",276995,"1111111111111111111111111111111111111111111111111111111111111111111111111111111111111111111111111111",1.0,0.0,0.9999963898134978,"1111111111111111111111111111111111111111111111111111111111111111111111111111111111111111111111111111",0.0
182,1918208690,"insertion",276912,"0000000000000000000000000000000000000000000000000000000000000000000000000000000000000000000000000000",0.0026666666666666666,0.0,0.003448761515432756,"0000000000000000000000000000000000000000000000000000000000000000000000000000000000000000000000000000",0.0
182,1918208690,"omission",276912,"1111111111111111111131111111111111111111111111141111111111111111111111411111111111111111111111111111",0.9946666666666667,0.03,0.994543373141551,"1111111111111111111131111111111111111111111111141111111111111111111111111111111111111111111111111111",0.02
183,2603327008,"insertion",277286,"0000000000000000000000000000000000000000000000000000000000000000000000000000000000000000000000000000",0.004666666666666667,0.0,0.00735705140919992,"0000000000000000000000000000000000000000000000000000000000000000000000000000000000000000000000000000",0.0
183,2603327008,"omission",277286,"1111111111111111111111111111111111111111111111111111111111111111111111111111111111111111111111111111",0.9996666666666667,0.0,0.9993869123825667,"1111111111111111111111111111111111111111111111111111111111111111111111111111111111111111111111111111",0.0
184,1597192311,"insertion",276927,"0000000000000000000000000000000000000000000000000000000000000000000000000000000000000000000000000000",0.0,0.0,3.6110729942295054e-06,"0000000000000000000000000000000000000000000000000000000000000000000000000000000000000000000000000000",0.0
184,1597192311,"omission",276927,"1111111111111111111111111111111111111111111111111111111111111111111111111111111111111111111111111111",0.9986666666666667,0.0,0.996035041852336,"1111111111111111111111111111111111111111111111111111111111111111111111111111111111111111111111111111",0.0
185,2333120181,"insertion",277249,"0000000000000000000000000000000000000000000000000000000000000000000000000000000000000000000000000000",0.0,0.0,3.6068790397045243e-06,"0000000000000000000000000000000000000000000000000000000000000000000000000000000000000000000000000000",0.0
185,2333120181,"omission",277249,"1111111111111111111111111011111111111111111111111111111111111111111111111111111111111111111111111111",1.0,0.01,0.9999963931209603,"1111111111111111111111111011111111111111111111111111111111111111111111111111111111111111111111111111",0.01
186,4201481016,"insertion",277122,"0000000000000000000000000000000000000000000000000000000000000000000000000000000000000000000000000000",0.0016666666666666668,0.0,0.00082274529898492,"0000000000000000000000000000000000000000000000000000000000000000000000000000000000000000000000000000",0.0
186,4201481016,"omission",277122,"1111111111111111111111111111111111111111111111111111111111111111111111111111111111111111111111111111",0.9996666666666667,0.0,0.9990689987406224,"1111111111111111111111111111111111111111111111111111111111111111111111111111111111111111111111111111",0.0
187,507257265,"insertion",277131,"0000000000000000000000000000000000000000000000000000000000000000000000000000000000000000000000000000",0.0,0.0,3.6084148233680944e-06,"0000000000000000000000000000000000000000000000000000000000000000000000000000000000000000000000000000",0.0
187,507257265,"omission",277131,"1111111111111111111111111111111111111111111111111111111111111111151111111111111111111111111111111111",0.9996666666666667,0.01,0.9975931873128134,"1111111111111111111111111111111111111111111111111111111111111111151111111111111111111111111111111111",0.01
188,453599312,"insertion",276803,"0000000000000000000000000000000000000000000000000000000000000000000000000000000000000000000000000000",0.0,0.0,3.612690659749568e-06,"0000000000000000000000000000000000000000000000000000000000000000000000000000000000000000000000000000",0.0
188,453599312,"omission",276803,"1111111111111111111111111111111111111111111111111111111111411111111111111111111111111111111111111111",1.0,0.01,0.9999963873093403,"1111111111111111111111111111111111111111111111111111111111411111111111111111111111111111111111111111",0.01
189,4017329072,"insertion",277029,"0000000000000000000000000000000000000000000000000000000000000000000000000000000000000000000000000000",0.0,0.0,3.609743419437746e-06,"0000000000000000000000000000000000000000000000000000000000000000000000000000000000000000000000000000",0.0
189,4017329072,"omission",277029,"1111111111111111111111111111111111111111111111011111111111111111111111511111111111111111111111111111",1.0,0.02,0.9999963902565806,"1111111111111111111111111111111111111111111111011111111111111111111111511111111111111111111111111111",0.02
190,1651242609,"insertion",276981,"0000000000000000000000000000000000000000000000000000000000000000000000000000000000000000000000000000",0.004666666666666667,0.0,0.004653765614845837,"0000000000000000000000000000000000000000000000000000000000000000000000000000000000000000000000000000",0.0
190,1651242609,"omission",276981,"1111111111111111111111111111111111111111111111111111111111111111111111111111111111111111111111111111",1.0,0.0,0.9999963896310203,"1111111111111111111111111111111111111111111111111111111111111111111111111111111111111111111111111111",0.0
191,286787304,"insertion",276916,"0000000000000000000000000000000000000000000000000000000000000000000000000000000000000000000000000000",0.005333333333333333,0.0,0.0068071429861148725,"0000000000000000000000000000000000000000000000000000000000000000000000000000000000000000000000000000",0.0
191,286787304,"omission",276916,"1111111111111111111111111111111111111111111111111103111111111111111111111111111111111111111111111111",1.0,0.02,0.9999963887835618,"1111111111111111111111111111111111111111111111111103111111111111111111111111111111111111111111111111",0.02
192,39579540,"insertion",276700,"0000000000000000000000000000000000000000000000000000000000000000000000000000000000000000000000000000",0.0,0.0,1.0842106404432253e-05,"0000000000000000000000000000000000000000000000000000000000000000000000000000000000000000000000000000",0.0
192,39579540,"omission",276700,"1111111111111111111111151111111111111111111111111111111111111111111111111111111111111111111111111111",0.998,0.01,0.9961908066165761,"1111111111111111111111151111111111111111111111111111111111111111111111111111111111111111111111111111",0.01
193,2431780032,"insertion",276080,"0000000000000000000000000000000000000000000000000000000000000000000000000000000000000000000000000000",0.0,0.0,3.6221516305115566e-06,"0000000000000000000000000000000000000000000000000000000000000000000000000000000000000000000000000000",0.0
193,2431780032,"omission",276080,"1111111111111111111111111111111111121111111111111111111111110111111111111111111111111111111111111111",0.9973333333333333,0.02,0.9958381477765422,"1111111111111111111111111111111111121111111111111111111111110111111111111111111111111111111111111111",0.02
194,510812017,"insertion",276997,"0000000000000000000000000000000000000000000000000000000000000000000000000000000000000000000000000000",0.02033333333333333,0.0,0.01944432410576326,"0000000000000000000000000000000000000000000000000000000000000000000000000000000000000000000000000000",0.0
194,510812017,"omission",276997,"1111111111111111111111111111111111111111111111111111111111111111111111111111111111111111111111111111",1.0,0.0,0.9999963898395645,"1111111111111111111111111111111111111111111111111111111111111111111111111111111111111111111111111111",0.0
195,4246061283,"insertion",277253,"0000000000000000000000000000000000000000000000000000000000000000000000000000000000000000000000000000",0.0,0.0,3.606827002149669e-06,"0000000000000000000000000000000000000000000000000000000000000000000000000000000000000000000000000000",0.0
195,4246061283,"omission",277253,"1111111111111111111111111111111111111111111111111111111111111110111111111111111111111111111111111111",1.0,0.01,0.9996681719158023,"1111111111111111111111111111111111111111111111111111111111111110111111111111111111111111111111111111",0.01
196,701655273,"insertion",276924,"0000000000000000000000000000000000000000000000000000000000000000000000000000000000000000000000000000",0.009,0.0,0.00921555811543281,"0000000000000000000000000000000000000000000000000000000000000000000000000000000000000000000000000000",0.0
196,701655273,"omission",276924,"1111111111111111111111111111111111111111111111111111111111111111111111111111111111111111111111111111",1.0,0.0,0.9999927777757716,"1111111111111111111111111111111111111111111111111111111111111111111111111111111111111111111111111111",0.0
197,349564333,"insertion",277325,"0000000000000000000000000000000000000000000000000000000000000000000000000000000000000000000000000000",0.004333333333333333,0.0,0.0034796844124561884,"0000000000000000000000000000000000000000000000000000000000000000000000000000000000000000000000000000",0.0
197,349564333,"omission",277325,"1111111111111111111111111111111111111111111111111111111111111111111111111111111111111111111111111111",0.9983333333333333,0.0,0.9967366690225152,"1111111111111111111111111111111111111111111111111111111111111111111111111111111111111111111111111111",0.0
198,946903791,"insertion",276711,"0000000000000000000000000000000000000000000000000000000000000000000000000000000000000000000000000000",0.004333333333333333,0.0,0.006165299410935636,"0000000000000000000000000000000000000000000000000000000000000000000000000000000000000000000000000000",0.0
198,946903791,"omission",276711,"1111111111111111111111111111111111111101111111111111111111111111111111111111111111111111111111111111",1.0,0.01,0.9999132665967981,"1111111111111111111111111111111111111101111111111111111111111111111111111111111111111111111111111111",0.01
199,4082117644,"insertion",276431,"0000000000000000000000000000000000000000000000000000000000000000000000000000000000000000000000000000",0.0026666666666666666,0.0,0.0022826755417284664,"0000000000000000000000000000000000000000000000000000000000000000000000000000000000000000000000000000",0.0
199,4082117644,"omission",276431,"1111111111111111111111111111111111111111111111111111111111111111111111111111111111111111114111111111",1.0,0.01,0.9999963824476359,"1111111111111111111111111111111111111111111111111111111111111111111111111111111111111111114111111111",0.01
200,2565953013,"insertion",276922,"0000000000000000000000000000000000000000000000000000000000000000000000000000000000000000000000000000",0.014666666666666666,0.0,0.014386774567475922,"0000000000000000000000000000000000000000000000000000000000000000000000000000000000000000000000000000",0.0
200,2565953013,"omission",276922,"1111111111111111111111111111111111111111111111111111111111111111111111111111111111111111111111111111",1.0,0.0,0.9999963888618053,"1111111111111111111111111111111111111111111111111111111111111111111111111111111111111111111111111111",0.0
201,916081751,"insertion",276864,"0000000000000000000000000000000000000000000000000000000000000000000000000000000000000000000000000000",0.023666666666666666,0.0,0.022260106984320766,"0000000000000000000000000000000000000000000000000000000000000000000000000000000000000000000000000000",0.0
201,916081751,"omission",276864,"1111111111111111111111111111111111111111111111111111111111111111111111111111111111111111111111111111",1.0,0.0,0.9995123942166342,"1111111111111111111111111111111111111111111111111111111111111111111111111111111111111111111111111111",0.0
202,2416910652,"insertion",276668,"0000000000000000000000000000000000000000000000000000000000000000000000000000000000000000000000000000",0.0,0.0,3.6144534765620763e-06,"0000000000000000000000000000000000000000000000000000000000000000000000000000000000000000000000000000",0.0
202,2416910652,"omission",276668,"1111111111111111111111111111111111111111111111111111111111111111111111111111111111111111111111111111",0.9986666666666667,0.0,0.9984421705516018,"1111111111111111111111111111111111111111111111111111111111111111111111111111111111111111111111111111",0.0
203,1446009759,"insertion",276871,"0000000000000000000000000000000000000000000000000000000000000000000000000000000000000000000000000000",0.008333333333333333,0.0,0.00784483692707769,"0000000000000000000000000000000000000000000000000000000000000000000000000000000000000000000000000000",0.0
203,1446009759,"omission",276871,"1111111111111111111111111111111111111111111111111111111111111111111111111111111111111111111111111111",1.0,0.0,0.9999963881966266,"1111111111111111111111111111111111111111111111111111111111111111111111111111111111111111111111111111",0.0
204,3860378345,"insertion",276593,"0000000000000000000000000000000000000000000000000000000000000000000000000000000000000000000000000000",0.006,0.0,0.005878694973101175,"0000000000000000000000000000000000000000000000000000000000000000000000000000000000000000000000000000",0.0
204,3860378345,"omission",276593,"1121114111111111111111111111111111111111111111111111111111111111111111111111111111111111111111111111",0.9983333333333333,0.02,0.9969196506045005,"1121114111111111111111111111111111111111111111111111111111111111111111111111111111111111111111111111",0.02
205,1520584533,"insertion",276835,"0000000000000000000000000000000000000000000000000000000000000000000000000000000000000000000000000000",0.0,0.0,3.973500364839579e-05,"0000000000000000000000000000000000000000000000000000000000000000000000000000000000000000000000000000",0.0
205,1520584533,"omission",276835,"1111111111111111111111111111111111111111111111111111111111111111111111111111111111111111111111111111",0.9976666666666667,0.0,0.9967597910661262,"1111111111111111111111111111111111111111111111111111111111111111111111111111111111111111111111111111",0.0
206,2571756381,"insertion",277726,"0000000000000000000000000000000000000000000000000000000000000000000000000000000000000000000000000000",0.009,0.0,0.007493023674498155,"0000000000000000000000000000000000000000000000000000000000000000000000000000000000000000000000000000",0.0
206,2571756381,"omission",277726,"1111111111111111111111111111111111111111111111111111111111111111111111111111111111111111111111111111",0.9996666666666667,0.0,0.9979548114141686,"1111111111111111111111111111111111111111111111111111111111111111111111111111111111111111111111111111",0.0
207,1277160247,"insertion",277327,"0000000000000000000000000000000000000000000000000000000000000000000000000000000000000000000000000000",0.005666666666666667,0.0,0.006050640762135537,"0000000000000000000000000000000000000000000000000000000000000000000000000000000000000000000000000000",0.0
207,1277160247,"omission",277327,"1111111111111111111131111111111111111111111111111111111111111111111111111111111111111111111111111111",0.9996666666666667,0.01,0.9992355567094322,"1111111111111111111131111111111111111111111111111111111111111111111111111111111111111111111111111111",0.01
208,1313769511,"insertion",276806,"0000000000000000000000000000000000000000000000000000000000000000000000000000000000000000000000000000",0.0,0.0,3.612651505572515e-06,"0000000000000000000000000000000000000000000000000000000000000000000000000000000000000000000000000000",0.0
208,1313769511,"omission",276806,"1111111111111111111111111111111111111111111111311111111111111111111111111111111111111111111111111111",0.9996666666666667,0.01,0.9993099835624356,"1111111111111111111111111111111111111111111111311111111111111111111111111111111111111111111111111111",0.01
209,1189291361,"insertion",276949,"0000000000000000000000000000000000000000000000000000000000000000000000000000000000000000000000000000",0.0,0.0,3.6107861403584787e-06,"0000000000000000000000000000000000000000000000000000000000000000000000000000000000000000000000000000",0.0
209,1189291361,"omission",276949,"1111111111111111111111211111111111111111111111111111111111111111111111111111111111111111111111111111",1.0,0.01,0.9999963892138597,"1111111111111111111111211111111111111111111111111111111111111111111111111111111111111111111111111111",0.01
210,2375450353,"insertion",276894,"0000000000000000000000000000000000000000000000000000000000000000000000000000000000000000000000000000",0.0,0.0,3.611503360503877e-06,"0000000000000000000000000000000000000000000000000000000000000000000000000000000000000000000000000000",0.0
210,2375450353,"omission",276894,"1111111111111111111111111111111111111111111111111111111111111111111111111141111111111111111111111111",0.9946666666666667,0.01,0.9919391244993554,"1111111111111111111111111111111111111111111111111111111111111111111111111141111111111111111111111111",0.01
211,2874479777,"insertion",276640,"0000000000000000000000000000000000000000000000000000000000000000000000000000000000000000000000000000",0.005666666666666667,0.0,0.0064163042810305125,"0000000000000000000000000000000000000000000000000000000000000000000000000000000000000000000000000000",0.0
211,2874479777,"omission",276640,"1111111111111111111111111111111111111111111111111111111111111111111111111111111111111111111111111111",0.9983333333333333,0.0,0.9956441427275258,"1111111111111111111111111111111111111111111111111111111111111111111111111111111111111111111111111111",0.0
212,2399624821,"insertion",276942,"0000000000000000000000000000000000000000000000000000000000000000000000000000000000000000000000000000",0.004,0.0,0.004567759919982956,"0000000000000000000000000000000000000000000000000000000000000000000000000000000000000000000000000000",0.0
212,2399624821,"omission",276942,"1111111111111111111111111111111111111111111111111111111111111111111111111111111121111111111111111111",0.999,0.01,0.9984834314890175,"1111111111111111111111111111111111111111111111111111111111111111111111111111111121111111111111111111",0.01
213,4076796940,"insertion",277389,"0000000000000000000000000000000000000000000000000000000000000000000000000000000000000000000000000000",0.0,0.0,3.605058618253133e-06,"0000000000000000000000000000000000000000000000000000000000000000000000000000000000000000000000000000",0.0
213,4076796940,"omission",277389,"1111111111111111111111111111111111111111111111111111111111111111111111111111111111111111111111111111",1.0,0.0,0.9999963949413817,"1111111111111111111111111111111111111111111111111111111111111111111111111111111111111111111111111111",0.0
214,166263611,"insertion",277636,"0000000000000000000000000000000000000000000000000000000000000000000000000000000000000000000000000000",0.011,0.0,0.00869126731139806,"0000000000000000000000000000000000000000000000000000000000000000000000000000000000000000000000000000",0.0
214,166263611,"omission",277636,"1111111111111111211111111111111111111111111111111111111111111111111111111111111111111112111111111111",1.0,0.02,0.9999963981486484,"1111111111111111211111111111111111111111111111111111111111111111111111111111111111111112111111111111",0.02
215,3323626414,"insertion",277193,"0000000000000000000000000000000000000000000000000000000000000000000000000000000000000000000000000000",0.0033333333333333335,0.0,0.0028175416317931254,"0000000000000000000000000000000000000000000000000000000000000000000000000000000000000000000000000000",0.0
215,3323626414,"omission",277193,"1111111111111111111111111111111111111111111111111111111111111111111111111111111111111111111111111111",0.999,0.0,0.9977596756039135,"1111111111111111111111111111111111111111111111111111111111111111111111111111111111111111111111111111",0.0
216,899060060,"insertion",277404,"0000000000000000000000000000000000000000000000000000000000000000000000000000000000000000000000000000",0.0,0.0,0.00014419454728319448,"0000000000000000000000000000000000000000000000000000000000000000000000000000000000000000000000000000",0.0
216,899060060,"omission",277404,"1111111111111111111111111111111111111111111111111111111111111111111111111111111111111111111111111111",0.997,0.0,0.99521634589388,"1111111111111111111111111111111111111111111111111111111111111111111111111111111111111111111111111111",0.0
217,1864080956,"insertion",276730,"0000000000000000000000000000000000000000000000000000000000000000000000000000000000000000000000000000",0.0006666666666666666,0.0,0.000867274481532474,"0000000000000000000000000000000000000000000000000000000000000000000000000000000000000000000000000000",0.0
217,1864080956,"omission",276730,"1111111111111111111111111011110111111111111111111111111111111111111111131111111111111111111111111111",0.9996666666666667,0.03,0.999168861955198,"1111111111111111111111111011110111111111111111111111111111111111111111131111111111111111111111111111",0.03
218,3996978115,"insertion",276856,"0000000000000000000000000000000000000000000000000000000000000000000000000000000000000000000000000000",0.003,0.0,0.002102183453432302,"0000000000000000000000000000000000000000000000000000000000000000000000000000000000000000000000000000",0.0
218,3996978115,"omission",276856,"1111111111111111111111111111111111111111111111111111111111111111111111111111211111111111111111111111",1.0,0.01,0.9999963880009392,"1111111111111111111111111111111111111111111111111111111111111111111111111111211111111111111111111111",0.01
219,3992620934,"insertion",277387,"0000000000000000000000000000000000000000000000000000000000000000000000000000000000000000000000000000",0.021666666666666667,0.0,0.022921127958873196,"0000000000000000000000000000000000000000000000000000000000000000000000000000000000000000000000000000",0.0
219,3992620934,"omission",277387,"1111111111111111111011111111111111111111111111111111111111111111111111111111111111111111111111111111",1.0,0.01,0.9999963949153886,"1111111111111111111011111111111111111111111111111111111111111111111111111111111111111111111111111111",0.01
220,717087758,"insertion",276661,"0000000000000000000000000000000000000000000000000000000000000000000000000000000000000000000000000000",0.0,0.0,3.614544928793465e-06,"0000000000000000000000000000000000000000000000000000000000000000000000000000000000000000000000000000",0.0
220,717087758,"omission",276661,"1111111111111111111111111111111111111111111111111111111111111111111111111111111111111111112111111111",0.993,0.01,0.9876997036073158,"1111111111111111111111111111111111111111111111111111111111111111111111111111111111111111112111111111",0.01
221,927741364,"insertion",276741,"0000000000000000000000000000000000000000000000000000000000000000000000000000000000000000000000000000",0.0,0.0,3.6135000361350005e-06,"0000000000000000000000000000000000000000000000000000000000000000000000000000000000000000000000000000",0.0
221,927741364,"omission",276741,"1111111111111111411111111111111111111111111111111111111111111111111111111111111211111111111111111111",0.9976666666666667,0.02,0.9964334754643348,"1111111111111111411111111111111111111111111111111111111111111111111111111111111211111111111111111111",0.02
222,3616048504,"insertion",277118,"0000000000000000000000000000000000000000000000000000000000000000000000000000000000000000000000000000",0.0036666666666666666,0.0,0.003236899937571495,"0000000000000000000000000000000000000000000000000000000000000000000000000000000000000000000000000000",0.0
222,3616048504,"omission",277118,"1111111111115111111111111111111111110111111111111111111111111111111111111111111511111111111111111111",0.995,0.03,0.9920033776347175,"1111111111115111111111111111111111110111111111111111111111111111111111111111111511111111111111111111",0.03
223,2961420049,"insertion",276771,"0000000000000000000000000000000000000000000000000000000000000000000000000000000000000000000000000000",0.009666666666666667,0.0,0.012252050438992666,"0000000000000000000000000000000000000000000000000000000000000000000000000000000000000000000000000000",0.0
223,2961420049,"omission",276771,"1111111111111111111111111111111111111111111111111111111111111111111111111111111111111111111111211111",1.0,0.01,0.9999963868916428,"1111111111111111111111111111111111111111111111111111111111111111111111111111111111111111111111211111",0.01
224,3660792754,"insertion",276658,"0000000000000000000000000000000000000000000000000000000000000000000000000000000000000000000000000000",0.007666666666666666,0.0,0.008252095555145902,"0000000000000000000000000000000000000000000000000000000000000000000000000000000000000000000000000000",0.0
224,3660792754,"omission",276658,"1111111111111111111111111111111111111111111111111111111111111111111111111111111111111111111111111111",1.0,0.0,0.999992770831752,"1111111111111111111111111111111111111111111111111111111111111111111111111111111111111111111111111111",0.0
225,1518880914,"insertion",277241,"0000000000000000000000000000000000000000000000000000000000000000000000000000000000000000000000000000",0.013666666666666667,0.0,0.017685038234021063,"0000000000000000000000000000000000000000000000000000000000000000000000000000000000000000000000000000",0.0
225,1518880914,"omission",277241,"1111111111111111111111111111111111111111111111111111111111111111111111111111111111111111111111111111",0.991,0.0,0.9847424614052807,"1111111111111111111111111111111111111111111111111111111111111111111111111111111111111111111111111111",0.0
226,2309469157,"insertion",276730,"0000000000000000000000000000000000000000000000000000000000000000000000000000000000000000000000000000",0.0033333333333333335,0.0,0.003342620397573077,"0000000000000000000000000000000000000000000000000000000000000000000000000000000000000000000000000000",0.0
226,2309469157,"omission",276730,"1111111111111111111111111111111111111111111111111111111111111111111111111111111111111111111111111111",0.9986666666666667,0.0,0.9970910168431931,"1111111111111111111111111111111111111111111111111111111111111111111111111111111111111111111111111111",0.0
227,3345977145,"insertion",276881,"0000000000000000000000000000000000000000000000000000000000000000000000000000000000000000000000000000",0.023666666666666666,0.0,0.025718722912453047,"0000000000000000000000000000000000000000000000000000000000000000000000000000000000000000000000000000",0.0
227,3345977145,"omission",276881,"1111111111111111111111111111111111111111111111111111111111111111111111111111111111111111111111111111",0.9993333333333333,0.0,0.9997652412597515,"1111111111111111111111111111111111111111111111111111111111111111111111141111111111111111111111111111",0.01
228,3335884556,"insertion",276842,"0000000000000000000000000000000000000000000000000000000000000000000000000000000000000000000000000000",0.034,0.0,0.030851644084510604,"0000000000000000000000000000000000000000000000000000000000000000000000000000000000000000000000000000",0.0
228,3335884556,"omission",276842,"1111111111111111111111111111111111111111111111111111111111111111111111111111111111111111111111111311",1.0,0.01,0.9999963878182784,"1111111111111111111111111111111111111111111111111111111111111111111111111111111111111111111111111311",0.01
229,555221851,"insertion",276502,"0000000000000000000000000000000000000000000000000000000000000000000000000000000000000000000000000000",0.011,0.0,0.010603939949584269,"0000000000000000000000000000000000000000000000000000000000000000000000000000000000000000000000000000",0.0
229,555221851,"omission",276502,"1111111111111111111111111111111111111111111111111111111111111111111111111111111111111111101111111111",0.997,0.01,0.9969403365629781,"1111111111111111111111111111111111111111111111111111111111111111111111111111111111111111101111111111",0.01
230,2852416015,"insertion",276823,"0000000000000000000000000000000000000000000000000000000000000000000000000000000000000000000000000000",0.006,0.0,0.0054728309166178985,"0000000000000000000000000000000000000000000000000000000000000000000000000000000000000000000000000000",0.0
230,2852416015,"omission",276823,"1111111111111111111111111111311111111111111111111111111111111111111111111111111111111111111111111111",0.9976666666666667,0.01,0.9962828098922774,"1111111111111111111111111111311111111111111111111111111111111111111111111111111111111111111111111111",0.01
231,2264896325,"insertion",277077,"0000000000000000000000000000000000000000000000000000000000000000000000000000000000000000000000000000",0.007,0.0,0.0060344454229164565,"0000000000000000000000000000000000000000000000000000000000000000000000000000000000000000000000000000",0.0
231,2264896325,"omission",277077,"1111111111111111111111111111111111111111111111111111111111111111111111111111111111111111111111111111",1.0,0.0,0.9989533557579869,"1111111111111111111111111111111111111111111111111111111111111111111111111111111111111111111111111111",0.0
232,1752650846,"insertion",277232,"0000000000000000000000000000000000000000000000000000000000000000000000000000000000000000000000000000",0.011,0.0,0.01087540715143689,"0000000000000000000000000000000000000000000000000000000000000000000000000000000000000000000000000000",0.0
232,1752650846,"omission",277232,"1111111111111111111111111111111111111111111111111111111111111111111111111111111111111111111111114111",0.9993333333333333,0.01,0.999112653346848,"1111111111111111111111111111111111111111111111111111111111111111111111111111111111111111111111114111",0.01
233,853060178,"insertion",276880,"0000000000000000000000000000000000000000000000000000000000000000000000000000000000000000000000000000",0.0016666666666666668,0.0,0.003723648236233156,"0000000000000000000000000000000000000000000000000000000000000000000000000000000000000000000000000000",0.0
233,853060178,"omission",276880,"1111111111111121111111112111111111111111111111111111111111111111111111111111111111111111111111111111",0.9983333333333333,0.02,0.9969372902964833,"1111111111111121111111112111111111111111111111111111111111111111111111111111111111111111111111111111",0.02
234,4128755797,"insertion",277093,"0000000000000000000000000000000000000000000000000000000000000000000000000000000000000000000000000000",0.0,0.0,3.608909676208624e-06,"0000000000000000000000000000000000000000000000000000000000000000000000000000000000000000000000000000",0.0
234,4128755797,"omission",277093,"1111111111111111111111111111111111111111111111111111111111111111111111111111111111111111111111111111",0.997,0.0,0.9955105163627965,"1111111111111111111111111111111111111111111111111111111111111111111111111111111111111111111111111111",0.0
235,3665815524,"insertion",276680,"0000000000000000000000000000000000000000000000000000000000000000000000000000000000000000000000000000",0.006333333333333333,0.0,0.004040783724099046,"0000000000000000000000000000000000000000000000000000000000000000000000000000000000000000000000000000",0.0
235,3665815524,"omission",276680,"1111111111111111111111111111111111111111111111111111111111111111111111111111111111111111111111111111",1.0,0.0,0.999996385703288,"1111111111111111111111111111111111111111111111111111111111111111111111111111111111111111111111111111",0.0
236,1219300590,"insertion",277637,"0000000000000000000000000000000000000000000000000000000000000000000000000000000000000000000000000000",0.0,0.0,2.881470702646631e-05,"0000000000000000000000000000000000000000000000000000000000000000000000000000000000000000000000000000",0.0
236,1219300590,"omission",277637,"1111111111111111111111111111111111111111111111111111111111111111111111111111111111111111111111111111",0.999,0.0,0.9976299903470731,"1111111111111111111111111111111111111111111111111111111111111111111111111111111111111111111111111111",0.0
237,1804806608,"insertion",277185,"0000000000000000000000000000000000000000000000000000000000000000000000000000000000000000000000000000",0.0,0.0,0.0005772338951743247,"0000000000000000000000000000000000000000000000000000000000000000000000000000000000000000000000000000",0.0
237,1804806608,"omission",277185,"1111111111111111111111111111111111111111111111111111111111111111111111131111111111111111111111111111",1.0,0.01,0.9999963922881552,"1111111111111111111111111111111111111111111111111111111111111111111111131111111111111111111111111111",0.01
238,2981633231,"insertion",277167,"0000000000000000000000000000000000000000000000000000000000000000000000000000000000000000000000000000",0.0,0.0,3.6079461405800133e-06,"0000000000000000000000000000000000000000000000000000000000000000000000000000000000000000000000000000",0.0
238,2981633231,"omission",277167,"1111111111111111111111111111111111111111111111111111111111111111111111111111111111111111111111111111",1.0,0.0,0.9999963920538594,"1111111111111111111111111111111111111111111111111111111111111111111111111111111111111111111111111111",0.0
239,41496793,"insertion",276796,"0000000000000000000000000000000000000000000000000000000000000000000000000000000000000000000000000000",0.0003333333333333333,0.0,0.0005527556494878881,"0000000000000000000000000000000000000000000000000000000000000000000000000000000000000000000000000000",0.0
239,41496793,"omission",276796,"1111111111111111111111111111111111111111111111111111111111411111111111111111111111111111111111111111",1.0,0.01,0.9999963872179772,"1111111111111111111111111111111111111111111111111111111111411111111111111111111111111111111111111111",0.01
240,219289221,"insertion",277675,"0000000000000000000000000000000000000000000000000000000000000000000000000000000000000000000000000000",0.0006666666666666666,0.0,0.002459718951000094,"0000000000000000000000000000000000000000000000000000000000000000000000000000000000000000000000000000",0.0
240,219289221,"omission",277675,"1111111111111111111111111111111111111111111114111311111111111111111111121111111111111111111111111111",1.0,0.03,0.9999963986545374,"1111111111111111111111111111111111111111111114111311111111111111111111121111111111111111111111111111",0.03
241,1852385260,"insertion",276738,"0000000000000000000000000000000000000000000000000000000000000000000000000000000000000000000000000000",0.0,0.0,3.613539208707184e-06,"0000000000000000000000000000000000000000000000000000000000000000000000000000000000000000000000000000",0.0
241,1852385260,"omission",276738,"1111111111111111211121111111111111111111111111111115111111111111111111111111111111111111111111111111",0.9963333333333333,0.03,0.9951831522347934,"1111111111111111211121111111111111111111111111111115111111111111111111111111111111111111111111111111",0.03
242,2589382664,"insertion",276655,"0000000000000000000000000000000000000000000000000000000000000000000000000000000000000000000000000000",0.011333333333333334,0.0,0.012210197575310677,"0000000000000000000000000000000000000000000000000000000000000000000000000000000000000000000000000000",0.0
242,2589382664,"omission",276655,"1111111111111111111111111111111111111111111111111111111111111111111111111111111111111111111111111111",0.9993333333333333,0.0,0.9982685954296703,"1111111111111111111111111111111111111111111111111111111111111111111111111111111111111111111111111111",0.0
243,1496619705,"insertion",277341,"0000000000000000000000000000000000000000000000000000000000000000000000000000000000000000000000000000",0.0,0.0,3.6056825557077955e-06,"0000000000000000000000000000000000000000000000000000000000000000000000000000000000000000000000000000",0.0
243,1496619705,"omission",277341,"1111111111111111111111111111111111111111111111111111111111111111111111111111111111411111111111111111",0.998,0.01,0.997050551669431,"1111111111111111111111111111111111111111111111111111111111111111111111111111111111411111111111111111",0.01
244,1360820135,"insertion",277371,"0000000000000000000000000000000000000000000000000000000000000000000000000000000000000000000000000000",0.0033333333333333335,0.0,0.0037098460540072827,"0000000000000000000000000000000000000000000000000000000000000000000000000000000000000000000000000000",0.0
244,1360820135,"omission",277371,"1111111111111111111111111111111111111111111111111111111111111111111111111111111111111111111111111111",0.999,0.0,0.994826405162779,"1111111111111111111111111111111111111111111111111111111111111111111111111111111111111111111111111111",0.0
245,2824758128,"insertion",276871,"0000000000000000000000000000000000000000000000000000000000000000000000000000000000000000000000000000",0.0,0.0,3.611803373424351e-06,"0000000000000000000000000000000000000000000000000000000000000000000000000000000000000000000000000000",0.0
245,2824758128,"omission",276871,"1111111111111111111111111111111111111111111111111111111111111111111111111111111111111111111111111111",0.999,0.0,0.9962834543287463,"1111111111111111111111111111111111111111111111111111111111111111111111111111111111111111111111111111",0.0
246,346574212,"insertion",277207,"0000000000000000000000000000000000000000000000000000000000000000000000000000000000000000000000000000",0.0003333333333333333,0.0,0.0007864187643846093,"0000000000000000000000000000000000000000000000000000000000000000000000000000000000000000000000000000",0.0
246,346574212,"omission",277207,"1111111111111112111111111111111111111111111111111111111111111111111111111111111111111111111111111111",1.0,0.01,0.9999963925744753,"1111111111111112111111111111111111111111111111111111111111111111111111111111111111111111111111111111",0.01
247,1962587648,"insertion",276857,"0000000000000000000000000000000000000000000000000000000000000000000000000000000000000000000000000000",0.0,0.0,7.223972028780305e-06,"0000000000000000000000000000000000000000000000000000000000000000000000000000000000000000000000000000",0.0
247,1962587648,"omission",276857,"1111111111111111111111111111111111111111111111111111111111111111111111111111111111111111111111111111",1.0,0.0,0.9992270349929205,"1111111111111111111111111111111111111111111111111111111111111111111111111111111111111111111111111111",0.0
248,4242672189,"insertion",277092,"0000000000000000000000000000000000000000000000000000000000000000000000000000000000000000000000000000",0.0026666666666666666,0.0,0.001999343176068512,"0000000000000000000000000000000000000000000000000000000000000000000000000000000000000000000000000000",0.0
248,4242672189,"omission",277092,"1111111111111111111111111111111111111111111111111111111111111111111111111111111111111111111111111111",1.0,0.0,0.9999963910772995,"1111111111111111111111111111111111111111111111111111111111111111111111111111111111111111111111111111",0.0
249,3541592855,"insertion",277548,"0000000000000000000000000000000000000000000000000000000000000000000000000000000000000000000000000000",0.0006666666666666666,0.0,0.001516860207460358,"0000000000000000000000000000000000000000000000000000000000000000000000000000000000000000000000000000",0.0
249,3541592855,"omission",277548,"1111111111111111111111111111111111111111111111111111111111111111111111111111111111111111111111111111",1.0,0.0,0.9999963970066331,"1111111111111111111111111111111111111111111111111111111111111111111111111111111111111111111111111111",0.0
250,3212586866,"insertion",277515,"0000000000000000000000000000000000000000000000000000000000000000000000000000000000000000000000000000",0.0,0.0,3.603421809350159e-06,"0000000000000000000000000000000000000000000000000000000000000000000000000000000000000000000000000000",0.0
250,3212586866,"omission",277515,"1111114111111111111111111111111111111111111111111111111111111111111111111111111111111111111111111111",0.9993333333333333,0.01,0.998414494403886,"1111114111111111111111111111111111111111111111111111111111111111111111111111111111111111111111111111",0.01
251,803368259,"insertion",277547,"0000000000000000000000000000000000000000000000000000000000000000000000000000000000000000000000000000",0.013,0.0,0.013882383460759658,"0000000000000000000000000000000000000000000000000000000000000000000000000000000000000000000000000000",0.0
251,803368259,"omission",277547,"1111111111111111111111111111111111111111111111111111111111111111111111111111111111111111111111111111",0.9993333333333333,0.0,0.9994775640794679,"1111111111111111111111111111111111111111111111111111111111111111111111111111111111111111111111111111",0.0
252,493156305,"insertion",277052,"0000000000000000000000000000000000000000000000000000000000000000000000000000000000000000000000000000",0.0033333333333333335,0.0,0.0032484993737615098,"0000000000000000000000000000000000000000000000000000000000000000000000000000000000000000000000000000",0.0
252,493156305,"omission",277052,"1111111111111111111111111111111111111111111111111111111111111111111111111111111111111111111111111121",1.0,0.01,0.9993033773565155,"1111111111111111111111111111111111111111111111111111111111111111111111111111111111111111111111111121",0.01
253,447827770,"insertion",276618,"0000000000000000000000000000000000000000000000000000000000000000000000000000000000000000000000000000",0.0,0.0,3.615106808330652e-06,"0000000000000000000000000000000000000000000000000000000000000000000000000000000000000000000000000000",0.0
253,447827770,"omission",276618,"1111111111111111111111111111111111111111111111111111111111111111111111111111111111111111111111111121",0.9966666666666667,0.01,0.9937928616100963,"1111111111111111111111111111111111111111111111111111111111111111111111111111111111111111111111111121",0.01
254,1883947154,"insertion",277390,"0000000000000000000000000000000000000000000000000000000000000000000000000000000000000000000000000000",0.0,0.0,0.0004506307027315431,"0000000000000000000000000000000000000000000000000000000000000000000000000000000000000000000000000000",0.0
254,1883947154,"omission",277390,"1111111111111111311111111111111111111111111111111111111111111111111111111111111111111111111111111111",0.9956666666666667,0.01,0.993554178428128,"1111111111111111311111111111111111111111111111111111111111111111111111111111111111111111111111111111",0.01
255,724847888,"insertion",276774,"0000000000000000000000000000000000000000000000000000000000000000000000000000000000000000000000000000",0.004333333333333333,0.0,0.002384625667966167,"0000000000000000000000000000000000000000000000000000000000000000000000000000000000000000000000000000",0.0
255,724847888,"omission",276774,"1111111111111111111111111111111111111111111111111111111111111111111111111111111111111111111111111111",0.9953333333333333,0.0,0.9934711839666441,"1111111111111111111111111111111111111111111111111111111111111111111111111111111111111111111111111111",0.0
256,2668598929,"insertion",276571,"0000000000000000000000000000000000000000000000000000000000000000000000000000000000000000000000000000",0.0,0.0,3.6157211555844813e-06,"0000000000000000000000000000000000000000000000000000000000000000000000000000000000000000000000000000",0.0
256,2668598929,"omission",276571,"1111111111111111111111111111111111111111111111111111111111111111111111111111111111111121111111111111",0.9983333333333333,0.01,0.9973062877390896,"1111111111111111111111111111111111111111111111111111111111111111111111111111111111111121111111111111",0.01
257,2710591486,"insertion",277022,"0000000000000000000000000000000000000000000000000000000000000000000000000000000000000000000000000000",0.0,0.0,3.6098346334754403e-06,"0000000000000000000000000000000000000000000000000000000000000000000000000000000000000000000000000000",0.0
257,2710591486,"omission",277022,"1111111111111111111111111111111111111111111111111111111111111111111111111151111101111111111111111111",0.9983333333333333,0.02,0.9964443128860266,"1111111111111111111111111111111111111111111111111111111111111111111111111151111101111111111111111111",0.02
258,2073586304,"insertion",277219,"0000000000000000000000000000000000000000000000000000000000000000000000000000000000000000000000000000",0.002,0.0,0.003664985679140604,"0000000000000000000000000000000000000000000000000000000000000000000000000000000000000000000000000000",0.0
258,2073586304,"omission",277219,"1111111111111111111111111111111111111111111111111111111111111111111111111111111111111111111111111111",0.9993333333333333,0.0,0.996825602955075,"1111111111111111111111111111111111111111111111111111111111111111111111111111111111111111111111111111",0.0
259,4105229371,"insertion",277043,"0000000000000000000000000000000000000000000000000000000000000000000000000000000000000000000000000000",0.013333333333333334,0.0,0.011572252582640899,"0000000000000000000000000000000000000000000000000000000000000000000000000000000000000000000000000000",0.0
259,4105229371,"omission",277043,"1111111111111111111111111111121111111111111111111111111111111111111111111111111111111111111111111111",1.0,0.01,0.9999963904389948,"1111111111111111111111111111121111111111111111111111111111111111111111111111111111111111111111111111",0.01
260,2916608389,"insertion",276869,"0000000000000000000000000000000000000000000000000000000000000000000000000000000000000000000000000000",0.008,0.0,0.008650331565944783,"0000000000000000000000000000000000000000000000000000000000000000000000000000000000000000000000000000",0.0
260,2916608389,"omission",276869,"1111111111111111111111111111111111111111111111112111111111111111111111111111111111111111111111111111",1.0,0.01,0.9999963881705362,"1111111111111111111111111111111111111111111111112111111111111111111111111111111111111111111111111111",0.01
261,2961186872,"insertion",276973,"0000000000000000000000000000000000000000000000000000000000000000000000000000000000000000000000000000",0.0,0.0,0.0003177216469534827,"0000000000000000000000000000000000000000000000000000000000000000000000000000000000000000000000000000",0.0
261,2961186872,"omission",276973,"1111111111111111111111111111111111111111111111111111111111111111111111111111111111111111111111111111",0.998,0.0,0.9954724665309129,"1111111111111111111111111111111111111111111111111111111111111111111111111111111111111111111111111111",0.0
262,2919530359,"insertion",277099,"0000000000000000000000000000000000000000000000000000000000000000000000000000000000000000000000000000",0.027,0.0,0.02144728579780439,"0000000000000000000000000000000000000000000000000000000000000000000000000000000000000000000000000000",0.0
262,2919530359,"omission",277099,"1111111111111111111111111111111111111111111111111111111111111111111111111111111111111111111111111111",1.0,0.0,0.9999963911684675,"1111111111111111111111111111111111111111111111111111111111111111111111111111111111111111111111111111",0.0
263,178288254,"insertion",277143,"0000000000000000000000000000000000000000000000000000000000000000000000000000000000000000000000000000",0.0,0.0,3.608258582243038e-06,"0000000000000000000000000000000000000000000000000000000000000000000000000000000000000000000000000000",0.0
263,178288254,"omission",277143,"1111111111111111111111111111111111111111111111111111111111111111111111111111111111111111111111111111",0.998,0.0,0.9975572089398215,"1111111111111111111111111111111111111111111111111111111111111111111111111111111111111111111111111111",0.0
264,2576801683,"insertion",276843,"0000000000000000000000000000000000000000000000000000000000000000000000000000000000000000000000000000",0.013,0.0,0.012718445900549772,"0000000000000000000000000000000000000000000000000000000000000000000000000000000000000000000000000000",0.0
264,2576801683,"omission",276843,"1111111111111111111111111111111111111111111111111111111111111111111111111111511111111111111111111111",0.9993333333333333,0.01,0.9988657790364179,"1111111111111111111111111111111111111111111111111111111111111111111111111111511111111111111111111111",0.01
265,2942940323,"insertion",276726,"0000000000000000000000000000000000000000000000000000000000000000000000000000000000000000000000000000",0.0,0.0,3.6136959074893846e-06,"0000000000000000000000000000000000000000000000000000000000000000000000000000000000000000000000000000",0.0
265,2942940323,"omission",276726,"1111111111111111111111111111111111111111211111111111111111111111111111111111111111111111111111111111",0.999,0.01,0.9990459842804228,"1111111111111111111111111111111111111111211111111111111111111111111111111111111111111111111111111111",0.01
266,1690612189,"insertion",277062,"0000000000000000000000000000000000000000000000000000000000000000000000000000000000000000000000000000",0.0,0.0,3.6093134724843987e-06,"0000000000000000000000000000000000000000000000000000000000000000000000000000000000000000000000000000",0.0
266,1690612189,"omission",277062,"1011111111111111111111111111111111111111111111111111111111111111111111111111111111111111111111111111",0.9993333333333333,0.01,0.9986970378364332,"1011111111111111111111111111111111111111111111111111111111111111111111111111111111111111111111111111",0.01
267,2157302664,"insertion",277448,"0000000000000000000000000000000000000000000000000000000000000000000000000000000000000000000000000000",0.0,0.0,3.604291990902767e-06,"0000000000000000000000000000000000000000000000000000000000000000000000000000000000000000000000000000",0.0
267,2157302664,"omission",277448,"1111111111111111111111111111111111111111111111114111111111111111111111111111111111111111111111111111",1.0,0.01,0.9999963957080091,"1111111111411111111111111111111111111111111111114111111111111111111111111111111111111111111111111111",0.02
268,1087706065,"insertion",276430,"0000000000000000000000000000000000000000000000000000000000000000000000000000000000000000000000000000",0.017666666666666667,0.0,0.02164027652670306,"0000000000000000000000000000000000000000000000000000000000000000000000000000000000000000000000000000",0.0
268,1087706065,"omission",276430,"1111111111111111121111111111111111111111111111111111111111111011111111111111113111111111111111111111",0.996,0.03,0.9946387680019101,"1111111111111111121111111111111111111111111111111111111111111011111111111111113111111111111111111111",0.03
269,3660713204,"insertion",276545,"0000000000000000000000000000000000000000000000000000000000000000000000000000000000000000000000000000",0.0,0.0,3.6160610969682945e-06,"0000000000000000000000000000000000000000000000000000000000000000000000000000000000000000000000000000",0.0
269,3660713204,"omission",276545,"1111111111111111111101111111111111111111111111111111111111111111111011111115111111111111111111111113",0.9966666666666667,0.04,0.994293855588984,"1111111111111111111101111111111111111111111111111111111111111111111011111115111111111111111111111113",0.04
270,2572234313,"insertion",277019,"0000000000000000000000000000000000000000000000000000000000000000000000000000000000000000000000000000",0.0,0.0,1.0829621179851129e-05,"0000000000000000000000000000000000000000000000000000000000000000000000000000000000000000000000000000",0.0
270,2572234313,"omission",277019,"1111111111111111111111111111111111111111111111111111111111111111111111111111111111111111111111411111",0.9946666666666667,0.01,0.9900331386408103,"1111111111111111111111111111111111111111111111111111111111111111111111111111111111111111111111411111",0.01
271,3945653164,"insertion",277322,"0000000000000000000000000000000000000000000000000000000000000000000000000000000000000000000000000000",0.007333333333333333,0.0,0.007334460787318667,"0000000000000000000000000000000000000000000000000000000000000000000000000000000000000000000000000000",0.0
271,3945653164,"omission",277322,"1151111111111111111111111111111111111111111111111111111111111111111111131111111111111111111111111111",1.0,0.02,0.9999963940704094,"1151111111111111111111111111111111111111111111111111111111111111111111131111111111111111111111111111",0.02
272,1660841249,"insertion",277033,"0000000000000000000000000000000000000000000000000000000000000000000000000000000000000000000000000000",0.009666666666666667,0.0,0.007775275058476999,"0000000000000000000000000000000000000000000000000000000000000000000000000000000000000000000000000000",0.0
272,1660841249,"omission",277033,"1111111111111111111111111111111111111111111111111111111111111111511111111111111111111111111111111111",1.0,0.01,0.9989856767449248,"1111111111111111111111111111111111111111111111111111111111111111511111111111111111111111111111111111",0.01
273,1626893839,"insertion",276999,"0000000000000000000000000000000000000000000000000000000000000000000000000000000000000000000000000000",0.027333333333333334,0.0,0.023234824800179063,"0000000000000000000000000000000000000000000000000000000000000000000000000000000000000000000000000000",0.0
273,1626893839,"omission",276999,"1111111111111111111111111111111111111111111111111111111131111111111111111111111111111111111111111111",0.998,0.01,0.9965090000649824,"1111111111111111111111111111111111111111111111111111111131111111111111111111111111111111111111111111",0.01
274,1994522978,"insertion",277203,"0000000000000000000000000000000000000000000000000000000000000000000000000000000000000000000000000000",0.0,0.0,3.6074775795268433e-06,"0000000000000000000000000000000000000000000000000000000000000000000000000000000000000000000000000000",0.0
274,1994522978,"omission",277203,"1111111111111111111111111111151111111111311111111111111111111111111111111111111111111111111111111111",1.0,0.02,0.9999963925224205,"1111111111111111111111111111151111111111311111111111111111111111111111111111111111111111111111111111",0.02
275,1425353543,"insertion",277074,"0000000000000000000000000000000000000000000000000000000000000000000000000000000000000000000000000000",0.0003333333333333333,0.0,0.00046558127280536176,"0000000000000000000000000000000000000000000000000000000000000000000000000000000000000000000000000000",0.0
275,1425353543,"omission",277074,"1111111111111111111111111111111111111111111111121111111111111111111111111111111111111111111111111111",1.0,0.01,0.9999963908428464,"1111111111111111111111111111111111111111111111121111111111111111111111111111111111111111111111111111",0.01
276,692590317,"insertion",277461,"0000000000000000000000000000000000000000000000000000000000000000000000000000000000000000000000000000",0.009,0.0,0.0125315360772724,"0000000000000000000000000000000000000000000000000000000000000000000000000000000000000000000000000000",0.0
276,692590317,"omission",277461,"1111111111111111111111111111111111111111111111111111111111111111111111111111111111111111111111111111",0.9953333333333333,0.0,0.9946947307720032,"1111111111111111111111111111111111111111111111111111111111111111111111111111111111111111111111111111",0.0
277,1650562467,"insertion",277354,"0000000000000000000000000000000000000000000000000000000000000000000000000000000000000000000000000000",0.011666666666666667,0.0,0.01141145038993629,"0000000000000000000000000000000000000000000000000000000000000000000000000000000000000000000000000000",0.0
277,1650562467,"omission",277354,"1111111111111111111111111111111111111111111111111111111111111111111111111111111111111111111111111111",1.0,0.0,0.9978402973827577,"1111111111111111111111111111111111111111111111111111111111111111111111111111111111111111111111111111",0.0
278,4282517972,"insertion",276953,"0000000000000000000000000000000000000000000000000000000000000000000000000000000000000000000000000000",0.0,0.0,3.610733990005488e-06,"0000000000000000000000000000000000000000000000000000000000000000000000000000000000000000000000000000",0.0
278,4282517972,"omission",276953,"1111111111111111111111111111111111111111111111111111111111311111111111111111111111111111111111111111",0.9983333333333333,0.01,0.9976133048326064,"1111111111111111111111111111111111111111111111111111111111311111111111111111111111111111111111111111",0.01
279,2396919598,"insertion",276950,"0000000000000000000000000000000000000000000000000000000000000000000000000000000000000000000000000000",0.005666666666666667,0.0,0.004802328226496575,"0000000000000000000000000000000000000000000000000000000000000000000000000000000000000000000000000000",0.0
279,2396919598,"omission",276950,"1111111111111111111111111111111111111111111111111111111111111111111111111111111111111111111111111111",1.0,0.0,0.9999963892268974,"1111111111111111111111111111111111111111111111111111111111111111111111111111111111111111111111111111",0.0
280,3973087012,"insertion",276967,"0000000000000000000000000000000000000000000000000000000000000000000000000000000000000000000000000000",0.016666666666666666,0.0,0.015319569911108223,"0000000000000000000000000000000000000000000000000000000000000000000000000000000000000000000000000000",0.0
280,3973087012,"omission",276967,"1111111111111111111111111111111111111111111111111111111111111111111111111111111111111111111111111111",0.9916666666666667,0.0,0.9917246160178506,"1111111111111111111111111111111111111111111111111111111111111111111111111111111111111111111111111111",0.0
281,2918717555,"insertion",276784,"0000000000000000000000000000000000000000000000000000000000000000000000000000000000000000000000000000",0.006666666666666667,0.0,0.0067959376117752894,"0000000000000000000000000000000000000000000000000000000000000000000000000000000000000000000000000000",0.0
281,2918717555,"omission",276784,"1111111111111111111111111111111111111111151111111111111111111111111111111111111111111111111141111111",1.0,0.02,0.9999963870613441,"1111111111111111111111111111111111111111151111111111111111111111111111111111111111111111111141111111",0.02
282,2312527964,"insertion",276317,"0000000000000000000000000000000000000000000000000000000000000000000000000000000000000000000000000000",0.008666666666666666,0.0,0.008692945757755614,"0000000000000000000000000000000000000000000000000000000000000000000000000000000000000000000000000000",0.0
282,2312527964,"omission",276317,"1111111111111111101111111111111111113111111111111111111111111111111111111111111111115111111111111111",0.9996666666666667,0.03,0.9984003821711374,"1111111111111111101111111111111111113111111111111111111111111111111111111111111111115111111111111111",0.03
283,2501630496,"insertion",276651,"0000000000000000000000000000000000000000000000000000000000000000000000000000000000000000000000000000",0.0,0.0,1.445870233146575e-05,"0000000000000000000000000000000000000000000000000000000000000000000000000000000000000000000000000000",0.0
283,2501630496,"omission",276651,"1111111112111111111111111111111111111111111111111111111211111111111111111111111111111111111111111111",1.0,0.02,0.9997686607626965,"1111111112111111111111111111111111111111111111111111111211111111111111111111111111111111111111111111",0.02
284,1092143282,"insertion",276983,"0000000000000000000000000000000000000000000000000000000000000000000000000000000000000000000000000000",0.0,0.0,3.610342910369627e-06,"0000000000000000000000000000000000000000000000000000000000000000000000000000000000000000000000000000",0.0
284,1092143282,"omission",276983,"1111411111111111111111111111111111111111111111111211111111111111111111111111111111111111111111111111",0.997,0.02,0.9950899336418974,"1111411111111111111111111111111111111111111111111211111111111111111111111111111111111111111111111111",0.02
285,621107508,"insertion",276887,"0000000000000000000000000000000000000000000000000000000000000000000000000000000000000000000000000000",0.0,0.0,3.611594663507725e-06,"0000000000000000000000000000000000000000000000000000000000000000000000000000000000000000000000000000",0.0
285,621107508,"omission",276887,"1111111111111111111111111111111111111111111111111111111111111111111111111111111111111111111111111111",0.9956666666666667,0.0,0.9922711874200935,"1111111111111111111111111111111111111111111111111111111111111111111111111111111111111111111111111111",0.0
286,1631325835,"insertion",277022,"0000000000000000000000000000000000000000000000000000000000000000000000000000000000000000000000000000",0.021333333333333333,0.0,0.01820078622198317,"0000000000000000000000000000000000000000000000000000000000000000000000000000000000000000000000000000",0.0
286,1631325835,"omission",277022,"1111111111111111111111111111111111111111111111141111111111111111111111111111111111111111111111111111",1.0,0.01,0.999635406702019,"1111111111111111111111111111111111111111111111141111111111111111111111111111111111111111111111111111",0.01
287,938019811,"insertion",277490,"0000000000000000000000000000000000000000000000000000000000000000000000000000000000000000000000000000",0.007666666666666666,0.0,0.00730479406390884,"0000000000000000000000000000000000000000000000000000000000000000000000000000000000000000000000000000",0.0
287,938019811,"omission",277490,"1111111111111111111511111111111111121111111111111111111111111111111111111111111111111111111111111111",0.9993333333333333,0.02,0.9989765360068327,"1111111111111111111511111111111111121111111111111111111111111111111111111111111111111111111111111111",0.02
288,3917291653,"insertion",276346,"0000000000000000000000000000000000000000000000000000000000000000000000000000000000000000000000000000",0.0016666666666666668,0.0,0.0007852503211565253,"0000000000000000000000000000000000000000000000000000000000000000000000000000000000000000000000000000",0.0
288,3917291653,"omission",276346,"1111111111111111111111111111111111111111111111111111111141111111111111111111111111111111111111111111",0.998,0.01,0.9961099350449619,"1111111111111111111111111111111111111111111111111111111141111111111111111111111111111111111111111111",0.01
289,1971657923,"insertion",277126,"0000000000000000000000000000000000000000000000000000000000000000000000000000000000000000000000000000",0.0,0.0,3.6084799278304014e-06,"0000000000000000000000000000000000000000000000000000000000000000000000000000000000000000000000000000",0.0
289,1971657923,"omission",277126,"1111111111111140111111111111111411111111111111111111111111111111111111111111111111111111111111111111",1.0,0.03,0.9999963915200721,"1111111111111140111111111111111411111111111111111111111111111111111111111111111111111111111111111111",0.03
290,3275220549,"insertion",276612,"0000000000000000000000000000000000000000000000000000000000000000000000000000000000000000000000000000",0.0,0.0,3.6151852240149526e-06,"0000000000000000000000000000000000000000000000000000000000000000000000000000000000000000000000000000",0.0
290,3275220549,"omission",276612,"1111111111111111111111111111111111111111111111111111111111111111111111111111111111111111111111111111",0.9993333333333333,0.0,0.9985141588729298,"1111111111111111111111111111111111111111111111111111111111111111111111111111111111111111111111111111",0.0
291,2637746508,"insertion",276638,"0000000000000000000000000000000000000000000000000000000000000000000000000000000000000000000000000000",0.004666666666666667,0.0,0.004912574962857463,"0000000000000000000000000000000000000000000000000000000000000000000000000000000000000000000000000000",0.0
291,2637746508,"omission",276638,"3111111111111111111111111111111111111111111111111111111111111111111111111111111111111111111111111111",0.999,0.01,0.9978563966497612,"3111111111111111111111111111111111111111111111111111111111111111111111111111111111111111111111111111",0.01
292,636770492,"insertion",276725,"0000000000000000000000000000000000000000000000000000000000000000000000000000000000000000000000000000",0.0,0.0,3.6137089663346872e-06,"0000000000000000000000000000000000000000000000000000000000000000000000000000000000000000000000000000",0.0
292,636770492,"omission",276725,"1411111111111111111111111111111111111111111151111111111111111111111111111111111111111111111111111111",1.0,0.02,0.9999963862910337,"1411111111111111111111111111111111111111111151111111111111111111111111111111111111111111111111111111",0.02
293,786865889,"insertion",277203,"0000000000000000000000000000000000000000000000000000000000000000000000000000000000000000000000000000",0.0016666666666666668,0.0,0.0013275517492658782,"0000000000000000000000000000000000000000000000000000000000000000000000000000000000000000000000000000",0.0
293,786865889,"omission",277203,"1111111111115111111111211111111111111111111111111111111111111111111111111111111111111111111111111111",1.0,0.02,0.9999891775672615,"1111111111115111111111211111111111111111111111111111111111111111111111111111111111111111111111111111",0.02
294,691280680,"insertion",276397,"0000000000000000000000000000000000000000000000000000000000000000000000000000000000000000000000000000",0.0,0.0,1.447198946439167e-05,"0000000000000000000000000000000000000000000000000000000000000000000000000000000000000000000000000000",0.0
294,691280680,"omission",276397,"1111111111111111111111111111111111111111111111111111111111113111111111111111111111111111111111111111",0.999,0.01,0.9982127093011476,"1111111111111111111111111111111111111111111111111111111111113111111111111111111111111111111111111111",0.01
295,53222992,"insertion",276639,"0000000000000000000000000000000000000000000000000000000000000000000000000000000000000000000000000000",0.0,0.0,7.229664760445058e-06,"0000000000000000000000000000000000000000000000000000000000000000000000000000000000000000000000000000",0.0
295,53222992,"omission",276639,"1111111111111111111111111111111111111111111111111111111111111111111111111111111111111111111111111111",0.9943333333333333,0.0,0.9928787802109617,"1111111111111111111111111111111111111111111111111111111111111111111111111111111111111111111111111111",0.0
296,2186461696,"insertion",277039,"0000000000000000000000000000000000000000000000000000000000000000000000000000000000000000000000000000",0.0,0.0,3.60961312166562e-06,"0000000000000000000000000000000000000000000000000000000000000000000000000000000000000000000000000000",0.0
296,2186461696,"omission",277039,"1111111111111111111111111111111111111111111111111111111111111111111111111111111111111111111111111111",0.9963333333333333,0.0,0.995423010561728,"1111111111111111111111111111111111111111111111111111111111111111111111111111111111111111111111111111",0.0
297,2075130969,"insertion",276535,"0000000000000000000000000000000000000000000000000000000000000000000000000000000000000000000000000000",0.007,0.0,0.008378716541184808,"0000000000000000000000000000000000000000000000000000000000000000000000000000000000000000000000000000",0.0
297,2075130969,"omission",276535,"1111111111111111111111121111111111111111111111111111111111111111111111111111511111111111111111111111",1.0,0.02,0.999989151424418,"1111111111111111111111121111111111111111111111111111111111111111111111111111511111111111111111111111",0.02
298,1993096398,"insertion",277221,"0000000000000000000000000000000000000000000000000000000000000000000000000000000000000000000000000000",0.005333333333333333,0.0,0.0048697785152586395,"0000000000000000000000000000000000000000000000000000000000000000000000000000000000000000000000000000",0.0
298,1993096398,"omission",277221,"1111111111111111111111111111111111111111111111111111111111111111111111111111111111111111111111111111",0.994,0.0,0.990386696486545,"1111111111111111111111111111111111111111111111111111111111111111111111111111111111111111111111111111",0.0
299,1377014909,"insertion",277339,"0000000000000000000000000000000000000000000000000000000000000000000000000000000000000000000000000000",0.0,0.0,3.605708557788691e-06,"0000000000000000000000000000000000000000000000000000000000000000000000000000000000000000000000000000",0.0
299,1377014909,"omission",277339,"1111111111111111111111111111111111111111111111111111111111111111111111111111111111111111111111111111",0.9993333333333333,0.0,0.9991670813231508,"1111111111111111111111111111111111111111111111111111111111111111111111111111111111111111111111111111",0.0
300,1676680711,"insertion",277034,"0000000000000000000000000000000000000000000000000000000000000000000000000000000000000000000000000000",0.014333333333333333,0.0,0.011756722123357145,"0000000000000000000000000000000000000000000000000000000000000000000000000000000000000000000000000000",0.0
300,1676680711,"omission",277034,"1111111111111111111111111111111111111111111111111111111111111111111111111111111111111211111111111111",0.9986666666666667,0.01,0.9971122573844993,"1111111111111111111111111111111111111111111111111111111111111111111111111111111111111211111111111111",0.01
301,362076479,"insertion",276774,"0000000000000000000000000000000000000000000000000000000000000000000000000000000000000000000000000000",0.008666666666666666,0.0,0.009704703854783524,"0000000000000000000000000000000000000000000000000000000000000000000000000000000000000000000000000000",0.0
301,362076479,"omission",276774,"1111111111111111111111111111111111111111111111111111111111111111111111111114111111111111111111111111",0.9983333333333333,0.01,0.9967988206942151,"1111111111111111111111111111111111111111111111111111111111111111111111111114111111111111111111111111",0.01
302,4101736528,"insertion",277133,"0000000000000000000000000000000000000000000000000000000000000000000000000000000000000000000000000000",0.022333333333333334,0.0,0.016436210903107543,"0000000000000000000000000000000000000000000000000000000000000000000000000000000000000000000000000000",0.0
302,4101736528,"omission",277133,"1111111111111112111111111111111111111111111111111111111111111111111111111111111111111111111111111111",1.0,0.01,0.9999963916112178,"1111211111111112111111111111111111111111111111111111111111111111111111111111111111111111111111111111",0.02
303,2625029912,"insertion",276724,"0000000000000000000000000000000000000000000000000000000000000000000000000000000000000000000000000000",0.0,0.0,7.2274440505487435e-06,"0000000000000000000000000000000000000000000000000000000000000000000000000000000000000000000000000000",0.0
303,2625029912,"omission",276724,"1111111111111111111111111111111111111111111111111111111111111111111111111211111111111111111111111131",1.0,0.02,0.9999927725559494,"1111111111111111111111111111111111111111111111111111111111111111111111111211111111111111111111111131",0.02
304,428991971,"insertion",277374,"0000000000000000000000000000000000000000000000000000000000000000000000000000000000000000000000000000",0.0036666666666666666,0.0,0.004488540701510241,"0000000000000000000000000000000000000000000000000000000000000000000000000000000000000000000000000000",0.0
304,428991971,"omission",277374,"1111111111111111111111111111111111111111111111111111111111111111111111111111111111111111111111111111",0.9996666666666667,0.0,0.9994087384136163,"1111111111111111111111111111111111111111111111111111111111111111111111111111111111111111111111111111",0.0
305,1108392100,"insertion",277362,"0000000000000000000000000000000000000000000000000000000000000000000000000000000000000000000000000000",0.0,0.0,3.6054095564985705e-06,"0000000000000000000000000000000000000000000000000000000000000000000000000000000000000000000000000000",0.0
305,1108392100,"omission",277362,"1111111111111111111111111111111111111111111111111111111111111111111111111121111111111111111111111111",1.0,0.01,0.9996466698634632,"1111111111111111111111111111111111111111111111111111111111111111111111111121111111111111111111111111",0.01
306,599735915,"insertion",276928,"0000000000000000000000000000000000000000000000000000000000000000000000000000000000000000000000000000",0.0,0.0,3.6110599544284236e-06,"0000000000000000000000000000000000000000000000000000000000000000000000000000000000000000000000000000",0.0
306,599735915,"omission",276928,"1111111111111111111111111111111111111111111111111111111111111111111111111111111111111111111111111111",0.9966666666666667,0.0,0.9936012017607528,"1111111111111111111111111111111111111111111111111111111111111111111111111111111111111111111111111111",0.0
307,1218855782,"insertion",276822,"0000000000000000000000000000000000000000000000000000000000000000000000000000000000000000000000000000",0.001,0.0,0.0013546660116103908,"0000000000000000000000000000000000000000000000000000000000000000000000000000000000000000000000000000",0.0
307,1218855782,"omission",276822,"1111111111111111111111111111111111111111011111111111111111111111111111111111111111111111111111111111",0.9976666666666667,0.01,0.9950365037334595,"1111111111111111111111111111111111111111011111111111111111111111111111111111111111111111111111111111",0.01
308,2473814793,"insertion",277433,"0000000000000000000000000000000000000000000000000000000000000000000000000000000000000000000000000000",0.0,0.0,1.4417947460999452e-05,"0000000000000000000000000000000000000000000000000000000000000000000000000000000000000000000000000000",0.0
308,2473814793,"omission",277433,"1111111111111111111111111111111111111111151111111111111111111111111111111111111111111111111111111111",1.0,0.01,0.9999963955131348,"1111111111111111111111111111111111111111151111111111111111111111111111111111111111111111111111111111",0.01
309,1413441247,"insertion",277184,"0000000000000000000000000000000000000000000000000000000000000000000000000000000000000000000000000000",0.02266666666666667,0.0,0.024435120479971716,"0000000000000000000000000000000000000000000000000000000000000000000000000000000000000000000000000000",0.0
309,1413441247,"omission",277184,"1111111111111111111111111111111111111112111111111111111111111111111111111111111111111111111111111111",0.998,0.01,0.9977307410627636,"1111111111111111111111111111111111111112111111111111111111111111111111111111111111111111111111111111",0.01
310,2346749429,"insertion",276646,"0000000000000000000000000000000000000000000000000000000000000000000000000000000000000000000000000000",0.0023333333333333335,0.0,0.0038569285546458457,"0000000000000000000000000000000000000000000000000000000000000000000000000000000000000000000000000000",0.0
310,2346749429,"omission",276646,"1111111111111111111111111111111111111111111111111111111111111111111111111111111111111111111111111111",0.9973333333333333,0.0,0.9961792188544886,"1111111111111111111111111111111111111111111111111111111111111111111111111111111111111111111111111111",0.0
311,1086031912,"insertion",277061,"0000000000000000000000000000000000000000000000000000000000000000000000000000000000000000000000000000",0.0,0.0,1.0827979499025481e-05,"0000000000000000000000000000000000000000000000000000000000000000000000000000000000000000000000000000",0.0
311,1086031912,"omission",277061,"1111111111111111111111111111111111111111111111111111111111111111111111111111111111111111111111111111",0.9956666666666667,0.0,0.9906698909983397,"1111111111111111111111111111111111111111111111111111111111111111111111111111111111111111111111111111",0.0
312,4147422088,"insertion",277333,"0000000000000000000000000000000000000000000000000000000000000000000000000000000000000000000000000000",0.004666666666666667,0.0,0.005495218727013111,"0000000000000000000000000000000000000000000000000000000000000000000000000000000000000000000000000000",0.0
312,4147422088,"omission",277333,"1111111111111111111111111111111111111111111111111111111111111111111111111111111111111111111111111111",1.0,0.0,0.9999963942134337,"1111111111111111111111111111111111111111111111111111111111111111111111111111111111111111111111111111",0.0
313,3127489408,"insertion",277107,"0000000000000000000000000000000000000000000000000000000000000000000000000000000000000000000000000000",0.0,0.0,3.6087273462140844e-06,"0000000000000000000000000000000000000000000000000000000000000000000000000000000000000000000000000000",0.0
313,3127489408,"omission",277107,"1111111111111111111111111111111111111111111111111111111112111111111111111111111111111111111111111111",0.9986666666666667,0.01,0.9971238443050674,"1111111111111111111111111111111111111111111111111111111112111111111111111111111111111111111111111111",0.01
314,563278293,"insertion",277187,"0000000000000000000000000000000000000000000000000000000000000000000000000000000000000000000000000000",0.005333333333333333,0.0,0.004404984378720426,"0000000000000000000000000000000000000000000000000000000000000000000000000000000000000000000000000000",0.0
314,563278293,"omission",277187,"1111111111111111111111111111111111111111111121111111111111111111111111111111111111111111111111111111",0.9983333333333333,0.01,0.9973663893558837,"1111111111111111111111111111111111111111111121111111111111111111111111111111111111111111111111111111",0.01
315,3994349162,"insertion",276780,"0000000000000000000000000000000000000000000000000000000000000000000000000000000000000000000000000000",0.0,0.0,3.6129908699720717e-06,"0000000000000000000000000000000000000000000000000000000000000000000000000000000000000000000000000000",0.0
315,3994349162,"omission",276780,"1111111111111111111111111111111111111111110111111111111111111111111111111111111111111111111111111111",0.9933333333333333,0.01,0.9871702694207292,"1111111111111111111111111111111111111111110111111111111111111111111111111111111111111111111111111111",0.01
316,1622203204,"insertion",277350,"0000000000000000000000000000000000000000000000000000000000000000000000000000000000000000000000000000",0.0,0.0,7.211131101968999e-06,"0000000000000000000000000000000000000000000000000000000000000000000000000000000000000000000000000000",0.0
316,1622203204,"omission",277350,"1111111111111111111111111111111111111111111111111111111111111111111111111111111111111111111111111111",1.0,0.0,0.999996394434449,"1111111111111111111111111111111111111111111111111111111111111111111111111111111111111111111111111111",0.0
317,893680031,"insertion",276829,"0000000000000000000000000000000000000000000000000000000000000000000000000000000000000000000000000000",0.005,0.0,0.003868828297715549,"0000000000000000000000000000000000000000000000000000000000000000000000000000000000000000000000000000",0.0
317,893680031,"omission",276829,"1111111111111111111111111111111111111111111111111111111111111111111111111111111111111111111111111111",1.0,0.0,0.9999927752972965,"1111111111111111111111111111111111111111111111111111111111111111111111111111111111111111111111111111",0.0
318,3116125150,"insertion",277170,"0000000000000000000000000000000000000000000000000000000000000000000000000000000000000000000000000000",0.007,0.0,0.005011382946866353,"0000000000000000000000000000000000000000000000000000000000000000000000000000000000000000000000000000",0.0
318,3116125150,"omission",277170,"1111111111111111111111111111111111111111111111111111111111111111111111111111111111111111111111110111",0.999,0.01,0.9969585343238241,"1111111111111111111111111111111111111111111111111111111111111111111111111111111111111111111111110111",0.01
319,2923639176,"insertion",277180,"0000000000000000000000000000000000000000000000000000000000000000000000000000000000000000000000000000",0.0,0.0,0.0003138765923825398,"0000000000000000000000000000000000000000000000000000000000000000000000000000000000000000000000000000",0.0
319,2923639176,"omission",277180,"1111111111111111111111111111111111111111111111111111111111111111111111111111111111111111311111111111",0.997,0.01,0.9962190497837138,"1111111111111111111111111111111111111111111111111111111111111111111111111111111111111111311111111111",0.01
320,1679187582,"insertion",276900,"0000000000000000000000000000000000000000000000000000000000000000000000000000000000000000000000000000",0.0,0.0,3.611425104460471e-06,"0000000000000000000000000000000000000000000000000000000000000000000000000000000000000000000000000000",0.0
320,1679187582,"omission",276900,"1111111111111111111111111111111111111111111111111111111111111111111111111111111111111111111111111111",0.9963333333333333,0.0,0.995153467509814,"1111111111111111111111111111111111111111111111111111111111111111111111111111111111111111111111111111",0.0
321,33219263,"insertion",277248,"0000000000000000000000000000000000000000000000000000000000000000000000000000000000000000000000000000",0.0,0.0,1.0820676147983567e-05,"0000000000000000000000000000000000000000000000000000000000000000000000000000000000000000000000000000",0.0
321,33219263,"omission",277248,"1111111111111111111111111241111111111111111111111111111111111111111111111111111111111111111111111111",1.0,0.02,0.9998485105339282,"1111111111111111111111111241111111111111111111111111111111111111111111111111111111111111111111111111",0.02
322,2171279120,"insertion",277315,"0000000000000000000000000000000000000000000000000000000000000000000000000000000000000000000000000000",0.0026666666666666666,0.0,0.002581910758201894,"0000000000000000000000000000000000000000000000000000000000000000000000000000000000000000000000000000",0.0
322,2171279120,"omission",277315,"1111111111111111111111110111111111111131111111111111111111111111111111111111111111111111111111111111",1.0,0.02,0.999992787958776,"1111111111111111111111110111111111111131111111111111111111111111111111111111111111111111111111111111",0.02
323,2019294908,"insertion",276922,"0000000000000000000000000000000000000000000000000000000000000000000000000000000000000000000000000000",0.0,0.0,3.611138194647571e-06,"0000000000000000000000000000000000000000000000000000000000000000000000000000000000000000000000000000",0.0
323,2019294908,"omission",276922,"1111111111111111111121111111111111111111111111111111111111111111111111111111111111111111111111111111",0.997,0.01,0.9962733053831238,"1111111111111111111121111111111111111111111111111111111111111111111111111111111111111111111111111111",0.01
324,207607893,"insertion",277372,"0000000000000000000000000000000000000000000000000000000000000000000000000000000000000000000000000000",0.005333333333333333,0.0,0.004827469346110444,"0000000000000000000000000000000000000000000000000000000000000000000000000000000000000000000000000000",0.0
324,207607893,"omission",277372,"1111111111111111111111111111111111111111111111111111111111111111111111111111111111111111111111111111",0.9986666666666667,0.0,0.9979774381604422,"1111111111111111111111111111111111111111111111111111111111111111111111111111111111111111111111111111",0.0
325,2249070585,"insertion",277136,"0000000000000000000000000000000000000000000000000000000000000000000000000000000000000000000000000000",0.0,0.0,3.608349721254984e-06,"0000000000000000000000000000000000000000000000000000000000000000000000000000000000000000000000000000",0.0
325,2249070585,"omission",277136,"1111111111111111111111111111111111111111111111111111111111111111111311111111111111111121111111111111",0.9956666666666667,0.02,0.9938152885777689,"1111111111111111111111111111111111111111111111111111111111111111111311111111111111111121111111111111",0.02
326,4039261746,"insertion",277267,"0000000000000000000000000000000000000000000000000000000000000000000000000000000000000000000000000000",0.0,0.0,3.606644882531576e-06,"0000000000000000000000000000000000000000000000000000000000000000000000000000000000000000000000000000",0.0
326,4039261746,"omission",277267,"1111111111111111111111111111111111111111111111111111111111111111111111111111111111111111111111111111",1.0,0.0,0.9999963933551175,"1111111111111111111111111111111111111111111111111111111111111111111111111111111111111111111111111111",0.0
327,486081243,"insertion",277482,"0000000000000000000000000000000000000000000000000000000000000000000000000000000000000000000000000000",0.0,0.0,0.0007351854721584541,"0000000000000000000000000000000000000000000000000000000000000000000000000000000000000000000000000000",0.0
327,486081243,"omission",277482,"1111111111111111111111111111111111111111111111111111111111111111111111111111111111111111111111111111",0.9986666666666667,0.0,0.9980539208089924,"1111111111111111111111111111111111111111111111111111111111111111111111111111111111111111111111111111",0.0
328,2480475823,"insertion",276569,"0000000000000000000000000000000000000000000000000000000000000000000000000000000000000000000000000000",0.007333333333333333,0.0,0.008638020306036852,"0000000000000000000000000000000000000000000000000000000000000000000000000000000000000000000000000000",0.0
328,2480475823,"omission",276569,"1111111111111111111111111111111111111111111111111111111111111111111111111111111111111111111111111111",1.0,0.0,0.9999963842526973,"1111111111111111111111111111111111111111111111111111111111111111111111111111111111111111111111111111",0.0
329,2351828456,"insertion",276801,"0000000000000000000000000000000000000000000000000000000000000000000000000000000000000000000000000000",0.0,0.0,3.6127167630057802e-06,"0000000000000000000000000000000000000000000000000000000000000000000000000000000000000000000000000000",0.0
329,2351828456,"omission",276801,"1111111111111111111111111111111111111111111111111111111111111111111111111111111111111111011111111111",0.999,0.01,0.9984790462427746,"1111111111111111111111111111111111111111111111111111111111111111111111111111111111111111111111111111",0.0
330,1488436064,"insertion",277273,"0000000000000000000000000000000000000000000000000000000000000000000000000000000000000000000000000000",0.0013333333333333333,0.0,0.0010422978158631236,"0000000000000000000000000000000000000000000000000000000000000000000000000000000000000000000000000000",0.0
330,1488436064,"omission",277273,"1121111111111111111111111111111111111111111111111111111121111111111111111111111111111111111111111111",1.0,0.02,0.9999963934331632,"1121111111111111111111111111111111111111111111111111111121111111111111111111111111111111111111111111",0.02
331,3095365265,"insertion",277035,"0000000000000000000000000000000000000000000000000000000000000000000000000000000000000000000000000000",0.006,0.0,0.007894337879105092,"0000000000000000000000000000000000000000000000000000000000000000000000000000000000000000000000000000",0.0
331,3095365265,"omission",277035,"1111111111111111111111111111111111111111111111111111111111111111111111111111111111111111111114111111",1.0,0.01,0.9999963903347604,"1111111111111111111111111111111111111111111111111111111111111111111111111111111111111111111114111111",0.01
332,559613222,"insertion",276766,"0000000000000000000000000000000000000000000000000000000000000000000000000000000000000000000000000000",0.0,0.0,3.6131736310588406e-06,"0000000000000000000000000000000000000000000000000000000000000000000000000000000000000000000000000000",0.0
332,559613222,"omission",276766,"1111111111111111111111111111111111111111111111111111111111111111110111111111111111111111111111111111",0.9966666666666667,0.01,0.9937455964446371,"1111111111111111111111111111111111111111111111111111111111111111110111111111111111111111111111111111",0.01
333,503026558,"insertion",277023,"0000000000000000000000000000000000000000000000000000000000000000000000000000000000000000000000000000",0.006,0.0,0.006959736049844417,"0000000000000000000000000000000000000000000000000000000000000000000000000000000000000000000000000000",0.0
333,503026558,"omission",277023,"1111111111111111111111111111111111111111111111111111111111111111111111111111111111111111114111111111",0.9973333333333333,0.01,0.9973323418356664,"1111111111111111111111111111111111111111111111111111111111111111111111111111111111111111114111111111",0.01
334,3276314889,"insertion",277223,"0000000000000000000000000000000000000000000000000000000000000000000000000000000000000000000000000000",0.0,0.0,1.0821651961244057e-05,"0000000000000000000000000000000000000000000000000000000000000000000000000000000000000000000000000000",0.0
334,3276314889,"omission",277223,"1111111111111111111111111111111111111111111111111111111111111111111111111111111111111111111111111111",0.9976666666666667,0.0,0.9973847674426993,"1111111111111111111111111111111111111111111111111111111111111111111111111111111111111111111111111111",0.0
335,24292525,"insertion",276713,"0000000000000000000000000000000000000000000000000000000000000000000000000000000000000000000000000000",0.0,0.0,3.6138656798404116e-06,"0000000000000000000000000000000000000000000000000000000000000000000000000000000000000000000000000000",0.0
335,24292525,"omission",276713,"1111111111111111111111111111111111111111111111111111111111111111211111111111111111111111111111111111",0.9943333333333333,0.01,0.9937805371649947,"1111111111111111111111111111111111111111111111111111111111111111211111111111111111111111111111111111",0.01
336,1892554240,"insertion",277470,"0000000000000000000000000000000000000000000000000000000000000000000000000000000000000000000000000000",0.012666666666666666,0.0,0.013331218983021526,"0000000000000000000000000000000000000000000000000000000000000000000000000000000000000000000000000000",0.0
336,1892554240,"omission",277470,"1111141111111111111111111111111111111111111111111111111111111111111111111111111111111111111111111511",0.9986666666666667,0.02,0.9978484082906559,"1111141111111111111111111111111111111111111111111111111111111111111111111111111111111111111111111511",0.02
337,710229545,"insertion",276997,"0000000000000000000000000000000000000000000000000000000000000000000000000000000000000000000000000000",0.0,0.0,0.001649843319037098,"0000000000000000000000000000000000000000000000000000000000000000000000000000000000000000000000000000",0.0
337,710229545,"omission",276997,"1111111111111111111141111111111111111111111111111111111111111111111111111111111111111111111111111111",1.0,0.01,0.9999963898395645,"1111111111111111111141111111111111111111111111111111111111111111111111111111111111111111111111111111",0.01
338,3019538435,"insertion",277272,"0000000000000000000000000000000000000000000000000000000000000000000000000000000000000000000000000000",0.0,0.0,1.0819739532803647e-05,"0000000000000000000000000000000000000000000000000000000000000000000000000000000000000000000000000000",0.0
338,3019538435,"omission",277272,"1111111111111111111111111111111111111111111111111111111111111111111111111111111111111111311111111111",0.995,0.01,0.9943124235855896,"1111111111111111111111111111111111111111111111111111111111111111111111111111111111111111311111111111",0.01
339,3554746001,"insertion",277515,"0000000000000000000000000000000000000000000000000000000000000000000000000000000000000000000000000000",0.0,0.0,3.603421809350159e-06,"0000000000000000000000000000000000000000000000000000000000000000000000000000000000000000000000000000",0.0
339,3554746001,"omission",277515,"1111111111111111111111111111111111111111111111111111311111111111111111111111111111111111111111111111",0.995,0.01,0.9895320596438378,"1111111111111111111111111111111111111111111111111111111111111111111111111111111111111111111111111111",0.0
340,3311310557,"insertion",277472,"0000000000000000000000000000000000000000000000000000000000000000000000000000000000000000000000000000",0.0,0.0,3.603980235772387e-06,"0000000000000000000000000000000000000000000000000000000000000000000000000000000000000000000000000000",0.0
340,3311310557,"omission",277472,"1111111111111111111111111111111111111211111511111111111111111111111111111111111111111111111111111111",1.0,0.02,0.9999963960197642,"1111111111111111111111111111111111111211111511111111111111111111111111111111111111111111111111111111",0.02
341,250393770,"insertion",277119,"0000000000000000000000000000000000000000000000000000000000000000000000000000000000000000000000000000",0.0,0.0,7.217142156049047e-06,"0000000000000000000000000000000000000000000000000000000000000000000000000000000000000000000000000000",0.0
341,250393770,"omission",277119,"1111111111111111111111111111111111111111111111111111111111111111111111111111111111111111111111111111",1.0,0.0,0.9999963914289219,"1111111111111111111111111111111111111111111111111111111111111111111111111111111111111111111111111111",0.0
342,918995244,"insertion",277498,"0000000000000000000000000000000000000000000000000000000000000000000000000000000000000000000000000000",0.0,0.0,7.2072851238031405e-06,"0000000000000000000000000000000000000000000000000000000000000000000000000000000000000000000000000000",0.0
342,918995244,"omission",277498,"1111111111111111111111111151111111111111110111111111111111111111111111111111111111111111111111111111",1.0,0.02,0.9999963963574381,"1111111111111111111111111111111111111111110111111111111111111111111111111111111111111111111111111111",0.01
343,3311814927,"insertion",276630,"0000000000000000000000000000000000000000000000000000000000000000000000000000000000000000000000000000",0.0,0.0,3.6149499871669274e-06,"0000000000000000000000000000000000000000000000000000000000000000000000000000000000000000000000000000",0.0
343,3311814927,"omission",276630,"1111111111111111111111111111111111111111111111111111111111111111111111111211111111111111111111141111",1.0,0.02,0.9999963850500129,"1111111111111111111111111111111111111111111111111111111111111111111111111211111111111111111111141111",0.02
344,555054616,"insertion",276767,"0000000000000000000000000000000000000000000000000000000000000000000000000000000000000000000000000000",0.017666666666666667,0.0,0.015973782906859947,"0000000000000000000000000000000000000000000000000000000000000000000000000000000000000000000000000000",0.0
344,555054616,"omission",276767,"1111111111111111111111111111111111111111111111111111111111111111111111111111111111111111111111111111",0.994,0.0,0.9889509549583403,"1111111111111111111111111111111111111111111111111111111111111111111111111111111111111111111111111111",0.0
345,2460024935,"insertion",276688,"0000000000000000000000000000000000000000000000000000000000000000000000000000000000000000000000000000",0.005333333333333333,0.0,0.003491309674831127,"0000000000000000000000000000000000000000000000000000000000000000000000000000000000000000000000000000",0.0
345,2460024935,"omission",276688,"1111111111111111111111111111111111111111511111111111111111111111111111111111111111112111111111111111",0.996,0.02,0.9942751195394074,"1111111111111111111111111111111111111111511111111111111111111111111111111111111111112111111111111111",0.02
346,1571046983,"insertion",277075,"0000000000000000000000000000000000000000000000000000000000000000000000000000000000000000000000000000",0.0,0.0,2.887315302049272e-05,"0000000000000000000000000000000000000000000000000000000000000000000000000000000000000000000000000000",0.0
346,1571046983,"omission",277075,"1111111111111111111111111111111111111111111111111111111111111111111111111111111111111111111111111111",0.9993333333333333,0.0,0.9980763261800096,"1111111111111111111111111111111111111111111111111111111111111111111111111111111111111111111111111111",0.0
347,1406682056,"insertion",277072,"0000000000000000000000000000000000000000000000000000000000000000000000000000000000000000000000000000",0.012,0.0,0.013696850265816343,"0000000000000000000000000000000000000000000000000000000000000000000000000000000000000000000000000000",0.0
347,1406682056,"omission",277072,"1111111111111111111111111111101111111111111111111111111111111111111115111111111111111111111111111111",1.0,0.02,0.9999963908167943,"1111111111111111111111111111101111111111111111111111111111111111111115111111111111111111111111111111",0.02
348,1006530655,"insertion",277096,"0000000000000000000000000000000000000000000000000000000000000000000000000000000000000000000000000000",0.0026666666666666666,0.0,0.0035655641566971616,"0000000000000000000000000000000000000000000000000000000000000000000000000000000000000000000000000000",0.0
348,1006530655,"omission",277096,"1111111111111111111111111111111111111111111111111111111111111111111111111111111311111111111111111111",1.0,0.01,0.9999963911293961,"1111111111111111111111111111111111111111111111111111111111111111111111111111111311111111111111111111",0.01
349,4220444834,"insertion",277210,"0000000000000000000000000000000000000000000000000000000000000000000000000000000000000000000000000000",0.005333333333333333,0.0,0.004401011511170273,"0000000000000000000000000000000000000000000000000000000000000000000000000000000000000000000000000000",0.0
349,4220444834,"omission",277210,"1111111111111111111111111111111111111111111111111111111111111111111111111111111111111111111111111111",1.0,0.0,0.9958659350886876,"1111111111111111111111111111111111111111111111111111111111111111111111111111111111111111111111111111",0.0
350,2231694116,"insertion",276907,"0000000000000000000000000000000000000000000000000000000000000000000000000000000000000000000000000000",0.0,0.0,3.6113338100293964e-06,"0000000000000000000000000000000000000000000000000000000000000000000000000000000000000000000000000000",0.0
350,2231694116,"omission",276907,"1111111111111111111111111111111111111111111111111111111111111111111111111111111111111111111111111111",0.999,0.0,0.9981834990935552,"1111111111111111111111111111111111111111111111111111111111111111111111111111111111111111111111111111",0.0
351,3972180633,"insertion",276812,"0000000000000000000000000000000000000000000000000000000000000000000000000000000000000000000000000000",0.0,0.0,2.1675439198586762e-05,"0000000000000000000000000000000000000000000000000000000000000000000000000000000000000000000000000000",0.0
351,3972180633,"omission",276812,"1111111111111111111111111111111111111111111111111111111111311111111111111111111111111111111111111111",0.9956666666666667,0.01,0.9934070539104298,"1111111111111111111111111111111111111111111111111111111111311111111111111111111111111111111111111111",0.01
352,3799806838,"insertion",277081,"0000000000000000000000000000000000000000000000000000000000000000000000000000000000000000000000000000",0.0,0.0,3.6090659737259996e-06,"0000000000000000000000000000000000000000000000000000000000000000000000000000000000000000000000000000",0.0
352,3799806838,"omission",277081,"1111111111111111111111111111121111511111111311111111111111111111111111111111111111111111111111111111",1.0,0.03,0.9999963909340263,"1111111111111111111111111111121111511111111311111111111111111111111111111111111111111111111111111111",0.03
353,42431467,"insertion",276755,"0000000000000000000000000000000000000000000000000000000000000000000000000000000000000000000000000000",0.0,0.0,3.6133172420272154e-06,"0000000000000000000000000000000000000000000000000000000000000000000000000000000000000000000000000000",0.0
353,42431467,"omission",276755,"1111111111111111111111111111111111111111111111111110111111111111111111111111111111111111111111111111",0.999,0.01,0.9989846578549904,"1111111111111111111111111111111111111111111111111110111111111111111111111111111111111111111111111111",0.01
354,2694321371,"insertion",277105,"0000000000000000000000000000000000000000000000000000000000000000000000000000000000000000000000000000",0.0,0.0,3.6087533922281885e-06,"0000000000000000000000000000000000000000000000000000000000000000000000000000000000000000000000000000",0.0
354,2694321371,"omission",277105,"5111211111111111111111111111111111111111111111111111111111111111111311111111111111111111111111111111",1.0,0.03,0.9999963912466078,"5111211111111111111111111111111111111111111111111111111111111111111311111111111111111111111111111111",0.03
355,1692182294,"insertion",277296,"0000000000000000000000000000000000000000000000000000000000000000000000000000000000000000000000000000",0.0,0.0,3.60626769325087e-06,"0000000000000000000000000000000000000000000000000000000000000000000000000000000000000000000000000000",0.0
355,1692182294,"omission",277296,"1111111111111111111111111111111111111111111111111111111111111111111111111111111111111111111111111111",0.9986666666666667,0.0,0.9976883824086262,"1111111111111111111111111111111111111111111111111111111111111111111111111111111111111111111111111111",0.0
356,3408025256,"insertion",277380,"0000000000000000000000000000000000000000000000000000000000000000000000000000000000000000000000000000",0.012333333333333333,0.0,0.013407648019496789,"0000000000000000000000000000000000000000000000000000000000000000000000000000000000000000000000000000",0.0
356,3408025256,"omission",277380,"1111111111111111111111111111411111111111111111111111111111111111111111111111111111111111111111111111",0.997,0.01,0.9970257301381864,"1111111111111111111111111111411111111111111111111111111111111111111111111111111111111111111111111111",0.01
357,1374663425,"insertion",276609,"0000000000000000000000000000000000000000000000000000000000000000000000000000000000000000000000000000",0.0,0.0,2.8921795465062472e-05,"0000000000000000000000000000000000000000000000000000000000000000000000000000000000000000000000000000",0.0
357,1374663425,"omission",276609,"1111111121111111111111111111111111111111111111111111111211111111111111111111111111111111111111111111",1.0,0.02,0.9999963847755668,"1111111121111111111111111111111111111111111111111111111211111111111111111111111111111111111111111111",0.02
358,3757419748,"insertion",276513,"0000000000000000000000000000000000000000000000000000000000000000000000000000000000000000000000000000",0.013666666666666667,0.0,0.009703014697372989,"0000000000000000000000000000000000000000000000000000000000000000000000000000000000000000000000000000",0.0
358,3757419748,"omission",276513,"1111111111111111111111111111111111111111111111111111111111111111111111111111111111111111111111111111",0.9993333333333333,0.0,0.9976782201134128,"1111111111111111111111111111111111111111111111111111111111111111111111111111111111111111111111111111",0.0
359,697026301,"insertion",277509,"0000000000000000000000000000000000000000000000000000000000000000000000000000000000000000000000000000",0.003,0.0,0.0040179021866036295,"0000000000000000000000000000000000000000000000000000000000000000000000000000000000000000000000000000",0.0
359,697026301,"omission",277509,"1111111111111111111111111111111111111111111111111111111111111111111111111111111111111511111111111111",0.9996666666666667,0.01,0.9969622497369445,"1111111111111111111111111111111111111111111111111111111111111111111111111111111111111511111111111111",0.01
360,2626462029,"insertion",277275,"0000000000000000000000000000000000000000000000000000000000000000000000000000000000000000000000000000",0.009333333333333334,0.0,0.011667159560579066,"0000000000000000000000000000000000000000000000000000000000000000000000000000000000000000000000000000",0.0
360,2626462029,"omission",277275,"1111111111111111111111111111111111111131111111111111111111111111111111111111111111111111111111111111",1.0,0.01,0.9999963934591776,"1111111111111111111111111111111111111131111111111111111111111111111111111111111111111111111111111111",0.01
361,4138391919,"insertion",276928,"0000000000000000000000000000000000000000000000000000000000000000000000000000000000000000000000000000",0.0,0.0,3.6110599544284236e-06,"0000000000000000000000000000000000000000000000000000000000000000000000000000000000000000000000000000",0.0
361,4138391919,"omission",276928,"1111111111111111111111111111111111111111111111121111111111111111111111111111111111111111111111111111",0.998,0.01,0.9962300534075768,"1111111111111111111111111111111111111111111111121111111111111111111111111111111111111111111111111111",0.01
362,926227567,"insertion",276948,"0000000000000000000000000000000000000000000000000000000000000000000000000000000000000000000000000000",0.0,0.0,3.610799178182107e-06,"0000000000000000000000000000000000000000000000000000000000000000000000000000000000000000000000000000",0.0
362,926227567,"omission",276948,"1111211111111111111111111111111111111111111111111111111111111111111111111111111111111111111111111111",1.0,0.01,0.9999963892008218,"1111211111111111111111111111111111111111111111111111111111111111111111111111111111111111111111111111",0.01
363,2765484732,"insertion",276888,"0000000000000000000000000000000000000000000000000000000000000000000000000000000000000000000000000000",0.0,0.0,3.6115816199388198e-06,"0000000000000000000000000000000000000000000000000000000000000000000000000000000000000000000000000000",0.0
363,2765484732,"omission",276888,"1111111111111111111111111111111111111111111111111111111111111111111111111111111111111111111111111111",0.999,0.0,0.9985120283725852,"1111111111111111111111111111111111111111111111111111111111111111111111111111111111111111111111111111",0.0
364,2381559468,"insertion",276941,"0000000000000000000000000000000000000000000000000000000000000000000000000000000000000000000000000000",0.007333333333333333,0.0,0.008575864808261717,"0000000000000000000000000000000000000000000000000000000000000000000000000000000000000000000000000000",0.0
364,2381559468,"omission",276941,"1111111121111111311111111111111111111111151111111111111111111111111111111111111111131111111111111111",0.9966666666666667,0.04,0.9956633205748537,"1111111121111111311111111111111111111111151111111111111111111111111111111111111111131111111111111111",0.04
365,969728496,"insertion",277423,"0000000000000000000000000000000000000000000000000000000000000000000000000000000000000000000000000000",0.0,0.0,3.604616793188716e-06,"0000000000000000000000000000000000000000000000000000000000000000000000000000000000000000000000000000",0.0
365,969728496,"omission",277423,"1111111111111111111111111111111111111111111111111111111111111111111111111115111111111111111111111111",1.0,0.01,0.9999963953832068,"1111111111111111111111111111111111111111111111111111111111111111111111111115111111111111111111111111",0.01
366,130344528,"insertion",276601,"0000000000000000000000000000000000000000000000000000000000000000000000000000000000000000000000000000",0.007333333333333333,0.0,0.00859002169197397,"0000000000000000000000000000000000000000000000000000000000000000000000000000000000000000000000000000",0.0
366,130344528,"omission",276601,"1111111111111111311111111111111111111111111111111111111111111111111111111111111111111111111111111111",0.9996666666666667,0.01,0.9988864786695589,"1111111111111111311111111111111111111111111111111111111111111111111111111111111111111111111111111111",0.01
367,1116770726,"insertion",276911,"0000000000000000000000000000000000000000000000000000000000000000000000000000000000000000000000000000",0.0,0.0,3.6112816438554042e-06,"0000000000000000000000000000000000000000000000000000000000000000000000000000000000000000000000000000",0.0
367,1116770726,"omission",276911,"1211111111113111111111111111111111111111111111111111111111111111111111111111111111111111111111111111",0.998,0.02,0.9986060452854718,"1211111111113111111111111111111111111111111111111111111111111111111111111111111111111111111111111111",0.02
368,2704389334,"insertion",277644,"0000000000000000000000000000000000000000000000000000000000000000000000000000000000000000000000000000",0.003,0.0,0.0029174155300151633,"0000000000000000000000000000000000000000000000000000000000000000000000000000000000000000000000000000",0.0
368,2704389334,"omission",277644,"1111111111111111111111111111111111111111111111111111111111111111111111111111111111111111111111111111",0.9956666666666667,0.0,0.9924795510781831,"1111111111111111111111111111111111111111111111111111111111111111111111111111111111111111111111111111",0.0
369,205053328,"insertion",277610,"0000000000000000000000000000000000000000000000000000000000000000000000000000000000000000000000000000",0.0,0.0,3.6021886898479515e-06,"0000000000000000000000000000000000000000000000000000000000000000000000000000000000000000000000000000",0.0
369,205053328,"omission",277610,"1121111111111111111111111111111111111113111111111111111111111111111111111111111011521115111111111111",1.0,0.06,0.9991642922239553,"1121111111111111111111111111111111111113111111111111111111111111111111111111111011521115111111111111",0.06
370,1854672754,"insertion",276664,"0000000000000000000000000000000000000000000000000000000000000000000000000000000000000000000000000000",0.0,0.0,3.6145057344133475e-06,"0000000000000000000000000000000000000000000000000000000000000000000000000000000000000000000000000000",0.0
370,1854672754,"omission",276664,"1111111111111111111111111111111111111111111111111111111111111111111111111111111111111111111111111111",0.9993333333333333,0.0,0.9948601728456642,"1111111111111111111111111111111111111111111111111111111111111111111111111111111111111111111111111111",0.0
371,2787654456,"insertion",276924,"0000000000000000000000000000000000000000000000000000000000000000000000000000000000000000000000000000",0.008666666666666666,0.0,0.008200835611343226,"0000000000000000000000000000000000000000000000000000000000000000000000000000000000000000000000000000",0.0
371,2787654456,"omission",276924,"1111111111101111111111111111111111112111111111511111111111113111111111111111111111111111111111111112",1.0,0.05,0.9999963888878858,"1111111111101111111111111111111111112111111111511111111111113111111111111111111111111111111111111112",0.05
372,1531806650,"insertion",277291,"0000000000000000000000000000000000000000000000000000000000000000000000000000000000000000000000000000",0.004333333333333333,0.0,0.00714775145154892,"0000000000000000000000000000000000000000000000000000000000000000000000000000000000000000000000000000",0.0
372,1531806650,"omission",277291,"1111111111111111111111111111111115111111111111111111111111111111111111111111111111111111111111111111",1.0,0.01,0.9999963936672798,"1111111111111111111111111111111115111111111111111111111111111111111111111111111111111111111111111111",0.01
373,1205758962,"insertion",276972,"0000000000000000000000000000000000000000000000000000000000000000000000000000000000000000000000000000",0.0,0.0,0.0002816179311191424,"0000000000000000000000000000000000000000000000000000000000000000000000000000000000000000000000000000",0.0
373,1205758962,"omission",276972,"1111111111111111111111111111111111111111111111111111111111111111111111111111111111111111111111111111",1.0,0.0,0.9999963895137036,"1111111111111111111111111111111111111111111111111111111111111111111111111111111111111111111111111111",0.0
374,405086242,"insertion",277109,"0000000000000000000000000000000000000000000000000000000000000000000000000000000000000000000000000000",0.0,0.0,1.0826103901727846e-05,"0000000000000000000000000000000000000000000000000000000000000000000000000000000000000000000000000000",0.0
374,405086242,"omission",277109,"1111111111111111111111111111111111111111111111111111111111111111111111111111111111111111111111111311",1.0,0.01,0.9999963912986994,"1111111111111111111111111111111111111111111111111111111111111111111111111111111111111111111111111311",0.01
375,2127426822,"insertion",277239,"0000000000000000000000000000000000000000000000000000000000000000000000000000000000000000000000000000",0.014333333333333333,0.0,0.015766236951644436,"0000000000000000000000000000000000000000000000000000000000000000000000000000000000000000000000000000",0.0
375,2127426822,"omission",277239,"1111111111111111111111111111111111111111111111111111111111111111111111111111111111111111111111111111",0.9946666666666667,0.0,0.994380279759629,"1111111111111111111111111111111111111111111111111111111111111111111111111111111111111111111111111111",0.0
376,404871883,"insertion",277106,"0000000000000000000000000000000000000000000000000000000000000000000000000000000000000000000000000000",0.0,0.0,3.60874036917414e-06,"0000000000000000000000000000000000000000000000000000000000000000000000000000000000000000000000000000",0.0
376,404871883,"omission",277106,"1111111111111111111111111111111111111111111111111111111111111111111111111111111111111111111111111111",0.9986666666666667,0.0,0.9973439670882879,"1111111111111111111111111111111111111111111111111111111111111111111111111111111111111111111111111111",0.0
377,3660219390,"insertion",276715,"0000000000000000000000000000000000000000000000000000000000000000000000000000000000000000000000000000",0.017,0.0,0.014823969875033429,"0000000000000000000000000000000000000000000000000000000000000000000000000000000000000000000000000000",0.0
377,3660219390,"omission",276715,"1111111111111111111111111111111111111111111111111111111111111111111111111111111111111111111111111111",1.0,0.0,0.9999963861604401,"1111111111111111111111111111111111111111111111111111111111111111111111111111111111111111111111111111",0.0
378,3018612065,"insertion",276993,"0000000000000000000000000000000000000000000000000000000000000000000000000000000000000000000000000000",0.0,0.0,3.6102125693160813e-06,"0000000000000000000000000000000000000000000000000000000000000000000000000000000000000000000000000000",0.0
378,3018612065,"omission",276993,"1111111111111111111111111111111111111111111111111111111111111111111111111111111111111111111111111111",1.0,0.0,0.9999963897874307,"1111111111111111111111111111111111111111111111111111111111111111111111111111111111111111111111111111",0.0
379,3536493001,"insertion",276543,"0000000000000000000000000000000000000000000000000000000000000000000000000000000000000000000000000000",0.0026666666666666666,0.0,0.0026144310809931223,"0000000000000000000000000000000000000000000000000000000000000000000000000000000000000000000000000000",0.0
379,3536493001,"omission",276543,"1111111111111111111111111111111111111111111111111111111111111111111111111111111111111111111111111111",0.9986666666666667,0.0,0.9970601210666011,"1111111111111111111111111111111111111111111111111111111111111111111111111111111111111111111111111111",0.0
380,3908560555,"insertion",276561,"0000000000000000000000000000000000000000000000000000000000000000000000000000000000000000000000000000",0.022,0.0,0.01863610066531675,"0000000000000000000000000000000000000000000000000000000000000000000000000000000000000000000000000000",0.0
380,3908560555,"omission",276561,"1111111111111111111111111111511111111111111111111111111111111111111111111111111111111111111111111111",0.9993333333333333,0.01,0.9974978304888632,"1111111111111111111111111111511111111111111111111111111111111111111111111111111111111111111111111111",0.01
381,119937497,"insertion",276953,"0000000000000000000000000000000000000000000000000000000000000000000000000000000000000000000000000000",0.020666666666666667,0.0,0.02284872468875473,"0000000000000000000000000000000000000000000000000000000000000000000000000000000000000000000000000000",0.0
381,119937497,"omission",276953,"1111111111111111111111111111111111111111111111111111111111111111111111111111111111111111111111111111",1.0,0.0,0.99999638926601,"1111111111111111111111111111111111111111111111111111111111111111111111111111111111111111111111111111",0.0
382,2886200139,"insertion",276654,"0000000000000000000000000000000000000000000000000000000000000000000000000000000000000000000000000000",0.015666666666666666,0.0,0.01640321991809234,"0000000000000000000000000000000000000000000000000000000000000000000000000000000000000000000000000000",0.0
382,2886200139,"omission",276654,"1111111111111111114111111111111111211111111111111101211111111111111131111111111111111111111111111111",0.9976666666666667,0.05,0.9961865586131363,"1111111111111111114111111111111111211111111111111101211111111111111131111111111111111111113111111111",0.06
383,1684063713,"insertion",278179,"0000000000000000000000000000000000000000000000000000000000000000000000000000000000000000000000000000",0.0,0.0,3.5948205825047272e-06,"0000000000000000000000000000000000000000000000000000000000000000000000000000000000000000000000000000",0.0
383,1684063713,"omission",278179,"1111111111111111111111111111111111111111111111111111111111111111111111111111111111111111111111111111",0.9983333333333333,0.0,0.9946185535879905,"1111111111111111111111111111111111111111111111111111111111111111111111111111111111111111111111111111",0.0
384,1039564560,"insertion",277590,"0000000000000000000000000000000000000000000000000000000000000000000000000000000000000000000000000000",0.0026666666666666666,0.0,0.00553336047177662,"0000000000000000000000000000000000000000000000000000000000000000000000000000000000000000000000000000",0.0
384,1039564560,"omission",277590,"1111211111111111111111131111111111111111111111111111111111111111111111111111111111111111111111111111",1.0,0.02,0.9999963975517762,"1111211111111111111111131111111111111111111111111111111111111111111111111111111111111111111111111111",0.02
385,2482576926,"insertion",276949,"0000000000000000000000000000000000000000000000000000000000000000000000000000000000000000000000000000",0.005,0.0,0.005297023267905888,"0000000000000000000000000000000000000000000000000000000000000000000000000000000000000000000000000000",0.0
385,2482576926,"omission",276949,"1111111111111111111311111111111111111111111111111111111111111111111111111111111111111111111111111111",0.9993333333333333,0.01,0.9987037277756113,"1111111111111111111311111111111111111111111111111111111111111111111111111111111111111111111111111111",0.01
386,4038884373,"insertion",276896,"0000000000000000000000000000000000000000000000000000000000000000000000000000000000000000000000000000",0.034333333333333334,0.0,0.030285848426298778,"0000000000000000000000000000000000000000000000000000000000000000000000000000000000000000000000000000",0.0
386,4038884373,"omission",276896,"1111111111111111111111111111111111111411111111111111111114111111111111111111111111111111111111111111",1.0,0.02,0.9999963885227252,"1111111111111111111111111111111111111411111111111111111114111111111111111111111111111111111111111111",0.02
387,3555766361,"insertion",276678,"0000000000000000000000000000000000000000000000000000000000000000000000000000000000000000000000000000",0.015333333333333332,0.0,0.014894624417642232,"0000000000000000000000000000000000000000000000000000000000000000000000000000000000000000000000000000",0.0
387,3555766361,"omission",276678,"1111111111111111111111111111111141111111111111111111111111111111111111111111111111111111111111111111",0.9976666666666667,0.01,0.9950194631284855,"1111111111111111111111111111111141111111111111111111111111111111111111111111111111111111111111111111",0.01
388,1728066701,"insertion",277113,"0000000000000000000000000000000000000000000000000000000000000000000000000000000000000000000000000000",0.007666666666666666,0.0,0.012060105661248882,"0000000000000000000000000000000000000000000000000000000000000000000000000000000000000000000000000000",0.0
388,1728066701,"omission",277113,"1111111111111111111121111111111111111111111111111111111111111111111111111111111111111111111111111111",0.9996666666666667,0.01,0.9986359305984583,"1111111111111111111121111111111111111111111111111111111111111111111111111111111111111111111111111111",0.01
389,916516826,"insertion",276652,"0000000000000000000000000000000000000000000000000000000000000000000000000000000000000000000000000000",0.005,0.0,0.0038206982805050406,"0000000000000000000000000000000000000000000000000000000000000000000000000000000000000000000000000000",0.0
389,916516826,"omission",276652,"1111111111111111111111111111111111111111111111111111111111111111111111111111111111111111111111111111",1.0,0.0,0.9999963853374829,"1111111111111111111111111111111111111111111111111111111111111111111111111111111111111111111111111111",0.0
390,1801395982,"insertion",276595,"0000000000000000000000000000000000000000000000000000000000000000000000000000000000000000000000000000",0.009666666666666667,0.0,0.009920677961199447,"0000000000000000000000000000000000000000000000000000000000000000000000000000000000000000000000000000",0.0
390,1801395982,"omission",276595,"1111111111111111111111111111111111111111111111121111111111111111111111111111111111111111111111111111",0.9986666666666667,0.01,0.9976391389545688,"1111111111111111111111111111111111111111111111121111111111111111111111111111111111111111111111111111",0.01
391,2862388465,"insertion",276160,"0000000000000000000000000000000000000000000000000000000000000000000000000000000000000000000000000000",0.0,0.0,1.8105511679865586e-05,"0000000000000000000000000000000000000000000000000000000000000000000000000000000000000000000000000000",0.0
391,2862388465,"omission",276160,"1111111111111111111111111111111111111111111111111111111111111111112111111111111111111111111111111111",1.0,0.01,0.999996378897664,"1111111111111111111111111111111111111111111111111111111111111111112111111111111111111111111111111111",0.01
392,2809194243,"insertion",277476,"0000000000000000000000000000000000000000000000000000000000000000000000000000000000000000000000000000",0.0,0.0,3.6039282818271915e-06,"0000000000000000000000000000000000000000000000000000000000000000000000000000000000000000000000000000",0.0
392,2809194243,"omission",277476,"1111111111111111111111111111211111111111111111111111111111111111111111111111111111111111111111111111",1.0,0.01,0.9999963960717182,"1111111111111111111111111111211111111111111111111111111111111111111111111111111111111111111111111111",0.01
393,2077544307,"insertion",277272,"0000000000000000000000000000000000000000000000000000000000000000000000000000000000000000000000000000",0.008333333333333333,0.0,0.007335783403240872,"0000000000000000000000000000000000000000000000000000000000000000000000000000000000000000000000000000",0.0
393,2077544307,"omission",277272,"1111111111111111111111111111111111111111111111111111111111111111111111111111111111111111112111111111",0.9986666666666667,0.01,0.9984744167258747,"1111111111111111111111111111111111111111111111111111111111111111111111111111111111111111112111114111",0.02
394,1817929742,"insertion",277557,"0000000000000000000000000000000000000000000000000000000000000000000000000000000000000000000000000000",0.0,0.0,3.6028765366268428e-06,"0000000000000000000000000000000000000000000000000000000000000000000000000000000000000000000000000000",0.0
394,1817929742,"omission",277557,"1111111111112111111111111111111111111111111111111111111111111111111111111111111111111111111111111111",1.0,0.01,0.9999963971234633,"1111111111112111111111111111111111111111111111111111111111111111111111111111111111111111111111111111",0.01
395,3726273834,"insertion",277159,"0000000000000000000000000000000000000000000000000000000000000000000000000000000000000000000000000000",0.0016666666666666668,0.0,0.0011040633862273504,"0000000000000000000000000000000000000000000000000000000000000000000000000000000000000000000000000000",0.0
395,3726273834,"omission",277159,"1111111111111111111111111111111111111111113111111111111111111111111111111111111111111111111111111111",0.9993333333333333,0.01,0.9977269283224731,"1111111111111111111111111111111111111111113111111111111111111111111111111111111111111111111111111111",0.01
396,2886498900,"insertion",277162,"0000000000000000000000000000000000000000000000000000000000000000000000000000000000000000000000000000",0.0,0.0,3.608011228130942e-06,"0000000000000000000000000000000000000000000000000000000000000000000000000000000000000000000000000000",0.0
396,2886498900,"omission",277162,"3131111111111111111111111111111121111111111111111111110111111111111111111111151111111111111111111111",1.0,0.05,0.9999963919887719,"3131111111111111111111111111111121111111111111111111110111111111111111111111151111111111111111111111",0.05
397,2975196777,"insertion",277371,"0000000000000000000000000000000000000000000000000000000000000000000000000000000000000000000000000000",0.0,0.0,3.6052925694920144e-06,"0000000000000000000000000000000000000000000000000000000000000000000000000000000000000000000000000000",0.0
397,2975196777,"omission",277371,"1111111111111111111111111111111111111111111111111111111111111111111112111111111111111111111111111111",1.0,0.01,0.9999963947074305,"1111111111111111111111111111111111111111111111111111111111111111111112111111111111111111111111111111",0.01
398,4213788383,"insertion",276828,"0000000000000000000000000000000000000000000000000000000000000000000000000000000000000000000000000000",0.009666666666666667,0.0,0.009092321196993068,"0000000000000000000000000000000000000000000000000000000000000000000000000000000000000000000000000000",0.0
398,4213788383,"omission",276828,"1111111111111111401111111111211111111111111111111111111111111111111111111111111111111111111111111111",0.9996666666666667,0.03,0.9984394585788235,"1111111111111111401111111111211111111111111111111111111111111111111111111111111111111111111111111111",0.03
399,151855518,"insertion",276530,"0000000000000000000000000000000000000000000000000000000000000000000000000000000000000000000000000000",0.0,0.0,3.616257246075457e-06,"0000000000000000000000000000000000000000000000000000000000000000000000000000000000000000000000000000",0.0
399,151855518,"omission",276530,"1111111111111111111111111111111111111111111111111111111111111111111111111111111111111111111111111111",0.9996666666666667,0.0,0.9985534971015698,"1111111111111111111111111111111111111111111111111111111111111111111111111111111111111111111111111111",0.0
400,342734083,"insertion",277191,"0000000000000000000000000000000000000000000000000000000000000000000000000000000000000000000000000000",0.012,0.0,0.014650600671019878,"0000000000000000000000000000000000000000000000000000000000000000000000000000000000000000000000000000",0.0
400,342734083,"omission",277191,"1111111111111111111111111111111111111111111111111111111111111111111111111111111111111111111111111111",1.0,0.0,0.998654352610123,"1111111111111111111111111111111111111111111111111111111111111111111111111111111111111111111111111111",0.0
401,2039315919,"insertion",276479,"0000000000000000000000000000000000000000000000000000000000000000000000000000000000000000000000000000",0.003,0.0,0.0019567560529228367,"0000000000000000000000000000000000000000000000000000000000000000000000000000000000000000000000000000",0.0
401,2039315919,"omission",276479,"1111111111111111111111111111111111111111111111111111111111111111111111111111111211111111111111111111",0.9963333333333333,0.01,0.9935727254971463,"1111111111111111111111111111111111111111111111111111111111111111111111111111111211111111111111111111",0.01
402,430081763,"insertion",277768,"0000000000000000000000000000000000000000000000000000000000000000000000000000000000000000000000000000",0.0016666666666666668,0.0,0.0019332750110704294,"0000000000000000000000000000000000000000000000000000000000000000000000000000000000000000000000000000",0.0
402,430081763,"omission",277768,"1111111111111111111111111111111111111111111111111111111111111111111111111111111111111211111111111111",0.998,0.01,0.997350297191531,"1111111111111111111111111111111111111111111111111111111111111111111111111111111111111211111111111111",0.01
403,3417258661,"insertion",277029,"0000000000000000000000000000000000000000000000000000000000000000000000000000000000000000000000000000",0.0,0.0,3.609743419437746e-06,"0000000000000000000000000000000000000000000000000000000000000000000000000000000000000000000000000000",0.0
403,3417258661,"omission",277029,"1111111111111111111111111111111111111211111111111111111111111111141111111111111111111111111111111111",1.0,0.02,0.9999963902565806,"1111111111111111111111111111111111111211111111111111111111111111141111111111111111111111111111111111",0.02
404,3319628950,"insertion",277008,"0000000000000000000000000000000000000000000000000000000000000000000000000000000000000000000000000000",0.0,0.0,7.220034150761533e-06,"0000000000000000000000000000000000000000000000000000000000000000000000000000000000000000000000000000",0.0
404,3319628950,"omission",277008,"1111111111111111111111111111111111111111111111111111111111111131111111111111111111111111111111111111",1.0,0.01,0.9999963899829246,"1111111111111111111111111111111111111111111111111111111111111131111111111111111111111111111111111111",0.01
405,133494292,"insertion",277547,"0000000000000000000000000000000000000000000000000000000000000000000000000000000000000000000000000000",0.015333333333333332,0.0,0.017125089174407124,"0000000000000000000000000000000000000000000000000000000000000000000000000000000000000000000000000000",0.0
405,133494292,"omission",277547,"1111111111111111111111111111111111111111111111111111111111111111111112111111111111111111111111111111",0.9993333333333333,0.01,0.994905349023225,"1111111111111111111111111111111111111111111111111111111111111111111112111111111111111111111111111111",0.01
406,1115725232,"insertion",277348,"0000000000000000000000000000000000000000000000000000000000000000000000000000000000000000000000000000",0.006666666666666667,0.0,0.005202868608638276,"0000000000000000000000000000000000000000000000000000000000000000000000000000000000000000000000000000",0.0
406,1115725232,"omission",277348,"1111111111111111111111111111111111111111111111111111111111111111111111111111111211111111111121111111",0.9986666666666667,0.02,0.9975806480690255,"1111111111111111111111111111111111111111111111111111111111111111111111111111111211111111111121111111",0.02
407,738841318,"insertion",277231,"0000000000000000000000000000000000000000000000000000000000000000000000000000000000000000000000000000",0.0013333333333333333,0.0,0.00285683367600909,"0000000000000000000000000000000000000000000000000000000000000000000000000000000000000000000000000000",0.0
407,738841318,"omission",277231,"1111111111111111111111111111111111111111111111111111111111111111111111111111111111111111011111111111",0.9953333333333333,0.01,0.9922374923348843,"1111111111111111111111111111111111111111111111111111111111111111111111111111111111111111011111111111",0.01
408,4096231992,"insertion",276627,"0000000000000000000000000000000000000000000000000000000000000000000000000000000000000000000000000000",0.007,0.0,0.008534989480381453,"0000000000000000000000000000000000000000000000000000000000000000000000000000000000000000000000000000",0.0
408,4096231992,"omission",276627,"1111111111111111111111111111111111111111111111111111111111111111111111111131111111111111111111111111",1.0,0.01,0.9999963850108088,"1111111111111111111111111111111111111111111111111111111111111111111111111131111111111111111111111111",0.01
409,4069571960,"insertion",277380,"0000000000000000000000000000000000000000000000000000000000000000000000000000000000000000000000000000",0.0,0.0,3.6051755900771147e-06,"0000000000000000000000000000000000000000000000000000000000000000000000000000000000000000000000000000",0.0
409,4069571960,"omission",277380,"1111111111111111111111111111111111111111111111111111111111111111111111111111111111111111111111111111",0.997,0.0,0.9950500939148241,"1111111111111111111111111111111111111111111111111111111111111111111111111111111111111111111111111111",0.0
410,4278974805,"insertion",277167,"0000000000000000000000000000000000000000000000000000000000000000000000000000000000000000000000000000",0.010333333333333333,0.0,0.008788956798452912,"0000000000000000000000000000000000000000000000000000000000000000000000000000000000000000000000000000",0.0
410,4278974805,"omission",277167,"1111111111111111111111111511111111111111111111111111111111111111111111111111111111111111111111111111",0.9983333333333333,0.01,0.9972976483407056,"1111111111111111111111111511111111111111111111111111111111111111111111111111111111111111111111111111",0.01
411,2163114102,"insertion",277240,"0000000000000000000000000000000000000000000000000000000000000000000000000000000000000000000000000000",0.0016666666666666668,0.0,0.00346632328063512,"0000000000000000000000000000000000000000000000000000000000000000000000000000000000000000000000000000",0.0
411,2163114102,"omission",277240,"1111111111111111111111111111111111111111111111111111111011111111111111111111111111111121111111111111",1.0,0.02,0.9999963930038703,"1111111111111111111111111111111111111111111111111111111011111111111111111111111111111121111111111111",0.02
412,3674385592,"insertion",276847,"0000000000000000000000000000000000000000000000000000000000000000000000000000000000000000000000000000",0.005333333333333333,0.0,0.005667410762662274,"0000000000000000000000000000000000000000000000000000000000000000000000000000000000000000000000000000",0.0
412,3674385592,"omission",276847,"1111111111111111111111111111111111111111111111211111111111111111111111111111111111111111111111111111",0.9986666666666667,0.01,0.9963553744681158,"1111111111111111111111111111111111111111111111211111111111111111111111111111111111111111111111111111",0.01
413,2463150122,"insertion",276872,"0000000000000000000000000000000000000000000000000000000000000000000000000000000000000000000000000000",0.0,0.0,3.6117903283478586e-06,"0000000000000000000000000000000000000000000000000000000000000000000000000000000000000000000000000000",0.0
413,2463150122,"omission",276872,"1111111111111111111111111111111111111111111111111111111111111511111111111111111111111111111111111111",0.9976666666666667,0.01,0.9970852852050233,"1111111111111111111111111111111111111111111111111111111111111511111111111111111111111111111111111111",0.01
414,4088198407,"insertion",277388,"0000000000000000000000000000000000000000000000000000000000000000000000000000000000000000000000000000",0.012333333333333333,0.0,0.010840450345546114,"0000000000000000000000000000000000000000000000000000000000000000000000000000000000000000000000000000",0.0
414,4088198407,"omission",277388,"1111111111111111111111111111111111111111111111111111111111111111111111111111111111111111111111111111",1.0,0.0,0.9999891847851557,"1111111111111111111111111111111111111111111111111111111111111111111111111111111111111111111111111111",0.0
415,983483331,"insertion",277321,"0000000000000000000000000000000000000000000000000000000000000000000000000000000000000000000000000000",0.024333333333333332,0.0,0.02196740227895572,"0000000000000000000000000000000000000000000000000000000000000000000000000000000000000000000000000000",0.0
415,983483331,"omission",277321,"1111111111111111111111111111111111111111111111111111111111121111111111111111111111111111111111111111",0.9986666666666667,0.01,0.9983448723496322,"1111111111111111111111111111111111111111111111111111111111121111111111111111111111111111111111111111",0.01
416,4155393528,"insertion",276717,"0000000000000000000000000000000000000000000000000000000000000000000000000000000000000000000000000000",0.0,0.0,3.6138134404949477e-06,"0000000000000000000000000000000000000000000000000000000000000000000000000000000000000000000000000000",0.0
416,4155393528,"omission",276717,"1111111111111111111111111111111141111111111111111111111111111111111111111111111111111111111111111111",0.9963333333333333,0.01,0.9949659578773905,"1111111111111111111111111111111141111111111111111111111111111111111111111111111111111111111111111111",0.01
417,3043891686,"insertion",276613,"0000000000000000000000000000000000000000000000000000000000000000000000000000000000000000000000000000",0.0033333333333333335,0.0,0.00303312943762382,"0000000000000000000000000000000000000000000000000000000000000000000000000000000000000000000000000000",0.0
417,3043891686,"omission",276613,"1111111111111111111111111111111111111111111111111111111111111111111111111111111111111111111111111111",0.998,0.0,0.9980080401428716,"1111111111111111111111111111111111111111111111111111111111111111111111111111111111111111111111111111",0.0
418,1296467641,"insertion",277101,"0000000000000000000000000000000000000000000000000000000000000000000000000000000000000000000000000000",0.0,0.0,7.2176109707686755e-06,"0000000000000000000000000000000000000000000000000000000000000000000000000000000000000000000000000000",0.0
418,1296467641,"omission",277101,"1111111111111111111111111111111111111111111111111111111111111111111111111111111111141111111111111111",1.0,0.01,0.9999963911945147,"1111111111111111111111111111111111111111111111111111111111111111111111111111111111141111111111111111",0.01
419,4037058905,"insertion",277256,"0000000000000000000000000000000000000000000000000000000000000000000000000000000000000000000000000000",0.006,0.0,0.007004382247389587,"0000000000000000000000000000000000000000000000000000000000000000000000000000000000000000000000000000",0.0
419,4037058905,"omission",277256,"1111111111111111111111112111111111111111111111111111111111111111111111111111111111111111111111111111",1.0,0.01,0.999996393212025,"1111111111111111111111112111111111111111111111111111111111111111111111111111111111111111111111111111",0.01
420,479423317,"insertion",276790,"0000000000000000000000000000000000000000000000000000000000000000000000000000000000000000000000000000",0.0,0.0,3.612860337657927e-06,"0000000000000000000000000000000000000000000000000000000000000000000000000000000000000000000000000000",0.0
420,479423317,"omission",276790,"1111111111111111111111111111111111111111111111111111111111111111111111111111111110111111111111111111",1.0,0.01,0.9999963871396623,"1111111111111111111111111111111111111111111111111111111111111111111111111111111110111111111111111111",0.01
421,1053180903,"insertion",276791,"0000000000000000000000000000000000000000000000000000000000000000000000000000000000000000000000000000",0.0,0.0,3.6128472849452654e-06,"0000000000000000000000000000000000000000000000000000000000000000000000000000000000000000000000000000",0.0
421,1053180903,"omission",276791,"1111111111111111111111111111111111111111111111111111111111111111111111111111111111111111111111111111",0.9993333333333333,0.0,0.9994400086708335,"1111111111111111111111111111111111111111111111111111111111111111111111111111111111111111111111111111",0.0
422,2455749627,"insertion",277273,"0000000000000000000000000000000000000000000000000000000000000000000000000000000000000000000000000000",0.0,0.0,3.6065668368966215e-06,"0000000000000000000000000000000000000000000000000000000000000000000000000000000000000000000000000000",0.0
422,2455749627,"omission",277273,"1111111111111111111111111111111111111111111111111111111111111111111111111111111111111111111111111111",1.0,0.0,0.9999963934331632,"1111111111111111111111111111111111111111111111111111111111111111111111111111111111111111111111111111",0.0
423,365394538,"insertion",276987,"0000000000000000000000000000000000000000000000000000000000000000000000000000000000000000000000000000",0.0,0.0,1.083087231845653e-05,"0000000000000000000000000000000000000000000000000000000000000000000000000000000000000000000000000000",0.0
423,365394538,"omission",276987,"1111121111111111111111111111111111111111111111111111111111111111111111111111111111111111111111111111",0.9993333333333333,0.01,0.9968698778999661,"1111121111111111111111111111111111111111111111111111111111111111111111111111111111111111111111111111",0.01
424,3615097847,"insertion",277473,"0000000000000000000000000000000000000000000000000000000000000000000000000000000000000000000000000000",0.0,0.0,3.603967247145658e-06,"0000000000000000000000000000000000000000000000000000000000000000000000000000000000000000000000000000",0.0
424,3615097847,"omission",277473,"1111111111111111111111111111111111111111111111111111111111111111111111111111111111111111511111111111",0.9996666666666667,0.01,0.9995170683888824,"1111111111111111111111111111111111111111111111111111111111111111111111111111111111111111511111111111",0.01
425,2635095023,"insertion",277224,"0000000000000000000000000000000000000000000000000000000000000000000000000000000000000000000000000000",0.0,0.0,3.607204308444826e-06,"0000000000000000000000000000000000000000000000000000000000000000000000000000000000000000000000000000",0.0
425,2635095023,"omission",277224,"1111111111111111111101111111111111111111111111111111111111111111111111111111111131111111111111111111",1.0,0.02,0.9999963927956915,"1111111111111111111101111111111111111111111111111111111111111111111111111111111131111111111111111111",0.02
426,1213288797,"insertion",276884,"0000000000000000000000000000000000000000000000000000000000000000000000000000000000000000000000000000",0.0,0.0,3.6116337947797445e-06,"0000000000000000000000000000000000000000000000000000000000000000000000000000000000000000000000000000",0.0
426,1213288797,"omission",276884,"1111111111111111111111111111111111111111111111111111111111111111111111111111111111111111111111111111",1.0,0.0,0.9999927767324105,"1111111111111111111111111111111111111111111111111111111111111111111111111111111111111111111111111111",0.0
427,3195603283,"insertion",276877,"0000000000000000000000000000000000000000000000000000000000000000000000000000000000000000000000000000",0.0,0.0,3.6117251043788555e-06,"0000000000000000000000000000000000000000000000000000000000000000000000000000000000000000000000000000",0.0
427,3195603283,"omission",276877,"1111111111111111111111111111111111111111111111111111111111115111111111111111111111111111111111111111",0.9923333333333333,0.01,0.989656019301059,"1111111111111111111111111111111111111111111111111111111111115111111111111111111111111111111111111111",0.01
428,4188004966,"insertion",276913,"0000000000000000000000000000000000000000000000000000000000000000000000000000000000000000000000000000",0.0,0.0,3.6112555613335646e-06,"0000000000000000000000000000000000000000000000000000000000000000000000000000000000000000000000000000",0.0
428,4188004966,"omission",276913,"1111111111111111111111111111111111111111111111111111111111111111111111111111111111111111111111111111",1.0,0.0,0.9999963887444386,"1111111111111111111111111111111111111111111111111111111111111111111111111111111111111111111111111111",0.0
429,2070075638,"insertion",276523,"0000000000000000000000000000000000000000000000000000000000000000000000000000000000000000000000000000",0.013666666666666667,0.0,0.013264767360282365,"0000000000000000000000000000000000000000000000000000000000000000000000000000000000000000000000000000",0.0
429,2070075638,"omission",276523,"1111111211111111111111111111111111111111111111111111111111111111111111111111111111111111111111111121",1.0,0.02,0.9999891509536312,"1111111211111111111111111111111111111111111111111111111111111111111111111111111111111111111111111121",0.02
430,642874692,"insertion",276782,"0000000000000000000000000000000000000000000000000000000000000000000000000000000000000000000000000000",0.0,0.0,3.612964762754669e-06,"0000000000000000000000000000000000000000000000000000000000000000000000000000000000000000000000000000",0.0
430,642874692,"omission",276782,"1111111111111111111111111111111111111111111111111111111111111111111111111011111111111111111111111111",0.9916666666666667,0.01,0.9877086938771086,"1111111111111111111111111111111111111111111111111111111111111111111111111011111111111111111111111111",0.01
431,537670243,"insertion",277507,"0000000000000000000000000000000000000000000000000000000000000000000000000000000000000000000000000000",0.004333333333333333,0.0,0.004126036914517164,"0000000000000000000000000000000000000000000000000000000000000000000000000000000000000000000000000000",0.0
431,537670243,"omission",277507,"1111111111111111111111111112211111111112111111111111111111111111111151111111111111111111111111101111",1.0,0.05,0.9999963964743105,"1111111111111111111111111112211111111112111111111111111111111111111151111111111111111111111111101111",0.05
432,622643515,"insertion",277530,"0000000000000000000000000000000000000000000000000000000000000000000000000000000000000000000000000000",0.0,0.0,3.603227050146111e-06,"0000000000000000000000000000000000000000000000000000000000000000000000000000000000000000000000000000",0.0
432,622643515,"omission",277530,"1111111111111111111111111111111111111111111111111111111111111111111111111111111111111111111111111111",0.999,0.0,0.9975353926977001,"1111111111111111111111111111111111111111111111111111111111111111111111111111111111111111111111111111",0.0
433,1279489570,"insertion",277201,"0000000000000000000000000000000000000000000000000000000000000000000000000000000000000000000000000000",0.0,0.0,1.0822510822510823e-05,"0000000000000000000000000000000000000000000000000000000000000000000000000000000000000000000000000000",0.0
433,1279489570,"omission",277201,"1111111111111111111111111111111111111111111111111111111111111111111111111111111111111111111111111211",1.0,0.01,0.9999963924963925,"1111111111111111111111111111111111111111111111111111111111111111111111111111111111111111111111111211",0.01
434,2534671882,"insertion",277390,"0000000000000000000000000000000000000000000000000000000000000000000000000000000000000000000000000000",0.017,0.0,0.014333661392484922,"0000000000000000000000000000000000000000000000000000000000000000000000000000000000000000000000000000",0.0
434,2534671882,"omission",277390,"1101111111112111111111111111111111111111141111111111111111111151111111111111111111111111111111111111",0.997,0.04,0.9935505733825062,"1101111111112111111111111111111111111111141111111111111111111151111111111111111111111111111111111111",0.04
435,935734602,"insertion",276932,"0000000000000000000000000000000000000000000000000000000000000000000000000000000000000000000000000000",0.013333333333333334,0.0,0.017040345790106562,"0000000000000000000000000000000000000000000000000000000000000000000000000000000000000000000000000000",0.0
435,935734602,"omission",276932,"1111111111111111111151111111111111111111111111111111111111111111111151111111111111111111111111111111",0.9973333333333333,0.02,0.9942043324871538,"1111111111111111111151111111111111111111111111111111111111111111111151111111111111111111111111111111",0.02
436,4287146831,"insertion",277353,"0000000000000000000000000000000000000000000000000000000000000000000000000000000000000000000000000000",0.0033333333333333335,0.0,0.005000865326372264,"0000000000000000000000000000000000000000000000000000000000000000000000000000000000000000000000000000",0.0
436,4287146831,"omission",277353,"1111111111111111111111111111111111111111111111111111111111111111111111111111111111111111111111111111",1.0,0.0,0.9999963944734489,"1111111111111111111111111111111111111111111111111111111111111111111111111111111111111111111111111111",0.0
437,1744221638,"insertion",276800,"0000000000000000000000000000000000000000000000000000000000000000000000000000000000000000000000000000",0.006666666666666667,0.0,0.0050036307934638495,"0000000000000000000000000000000000000000000000000000000000000000000000000000000000000000000000000000",0.0
437,1744221638,"omission",276800,"1111111111111111111111101111111112111111111111111111111111111111111111111111111111111111111111511111",1.0,0.03,0.9999963872701852,"1111111111111111111111101111111112111111111111111111111111111111111111111111111111111111111111511111",0.03
438,1925314784,"insertion",276489,"0000000000000000000000000000000000000000000000000000000000000000000000000000000000000000000000000000",0.012333333333333333,0.0,0.01093356673707358,"0000000000000000000000000000000000000000000000000000000000000000000000000000000000000000000000000000",0.0
438,1925314784,"omission",276489,"1111111111111111111111111111111111111111111111111111111111111411111111111111111111111111111111111111",0.9966666666666667,0.01,0.9964302248198836,"1111111111111111111111111111111111111111111111111111111111111411111111111111111111111111111111111111",0.01
439,1502721890,"insertion",276721,"0000000000000000000000000000000000000000000000000000000000000000000000000000000000000000000000000000",0.0,0.0,3.6137612026597282e-06,"0000000000000000000000000000000000000000000000000000000000000000000000000000000000000000000000000000",0.0
439,1502721890,"omission",276721,"1111111111111111111111111111111111111111111111111111111111111111111111111111111151111111111111111111",0.998,0.01,0.9983701936976005,"1111111111111111111111111111111111111111111111111111111111111111111111111111111151111111111111111111",0.01
440,1256339752,"insertion",277437,"0000000000000000000000000000000000000000000000000000000000000000000000000000000000000000000000000000",0.004666666666666667,0.0,0.004094638042647674,"0000000000000000000000000000000000000000000000000000000000000000000000000000000000000000000000000000",0.0
440,1256339752,"omission",277437,"1111111111111111111111111111111111111111111111111111111111111111111111111111111111111111111111131111",0.9996666666666667,0.01,0.9988682074424372,"1111111111111111111111111111111111111111111111111111111111111111111111111111111111111111111111131111",0.01
441,544701741,"insertion",277484,"0000000000000000000000000000000000000000000000000000000000000000000000000000000000000000000000000000",0.002,0.0,0.0017406471747818785,"0000000000000000000000000000000000000000000000000000000000000000000000000000000000000000000000000000",0.0
441,544701741,"omission",277484,"1111111111111111111111111111111111111111111110111111111111111111111111111111111111111111111111111111",1.0,0.01,0.9999963961756215,"1111111111111111111111111111111111111111111110111111111111111111111111111111111111111111111111111111",0.01
442,2503568679,"insertion",277030,"0000000000000000000000000000000000000000000000000000000000000000000000000000000000000000000000000000",0.0,0.0,7.219460778474456e-06,"0000000000000000000000000000000000000000000000000000000000000000000000000000000000000000000000000000",0.0
442,2503568679,"omission",277030,"1111111111111111111111111111111111111111111111111111111111111111111112111111111111111111111111110111",1.0,0.02,0.9999963902696107,"1111111111111111111111111111111111111111111111111111111111111111111112111111111111111111111111110111",0.02
443,4144717727,"insertion",276443,"0000000000000000000000000000000000000000000000000000000000000000000000000000000000000000000000000000",0.016666666666666666,0.0,0.014639598903205736,"0000000000000000000000000000000000000000000000000000000000000000000000000000000000000000000000000000",0.0
443,4144717727,"omission",276443,"1111111111111111111111111111111111111111111111111111111111111111111111111111111111112111111111111111",0.9976666666666667,0.01,0.9966973180631018,"1111111111111111111111111111111111111111111111111111111111111111111111111111111111112111111111111111",0.01
444,157292894,"insertion",276395,"0000000000000000000000000000000000000000000000000000000000000000000000000000000000000000000000000000",0.0,0.0,3.618023546097238e-06,"0000000000000000000000000000000000000000000000000000000000000000000000000000000000000000000000000000",0.0
444,157292894,"omission",276395,"1111111111111111111111111111111111111111111111111111111111111111111111111111111111111111111111111111",0.998,0.0,0.9944390978096486,"1111111111111111111111111111111111111111111111111111111111111111111111111111111111111111111111111111",0.0
445,3400460908,"insertion",276987,"0000000000000000000000000000000000000000000000000000000000000000000000000000000000000000000000000000",0.009666666666666667,0.0,0.00942285891705718,"0000000000000000000000000000000000000000000000000000000000000000000000000000000000000000000000000000",0.0
445,3400460908,"omission",276987,"1131111111111111111111111111111111111111111111111111111111111111111111111111111111111111111111111111",0.9953333333333333,0.01,0.9929599329930032,"1131111111111111111111111111111111111111111111111111111111111111111111111111111111111111111111111111",0.01
446,54538096,"insertion",276754,"0000000000000000000000000000000000000000000000000000000000000000000000000000000000000000000000000000",0.008,0.0,0.010099258183289793,"0000000000000000000000000000000000000000000000000000000000000000000000000000000000000000000000000000",0.0
446,54538096,"omission",276754,"1111111111111111111111111111101111111111111111111111111111111111111111111111111111111111111111111111",1.0,0.01,0.9999963866697018,"1111111111111111111111111111101111111111111111111111111111111111111111111111111111111111111111111111",0.01
447,1790346256,"insertion",277198,"0000000000000000000000000000000000000000000000000000000000000000000000000000000000000000000000000000",0.006333333333333333,0.0,0.005811751209428674,"0000000000000000000000000000000000000000000000000000000000000000000000000000000000000000000000000000",0.0
447,1790346256,"omission",277198,"1111111111111111111111111111111111111111111111111111111111111111111111111111111111111111111111111111",0.9996666666666667,0.0,0.9985569829399308,"1111111111111111111111111111111111111111111111111111111111111111111111111111111111111111111111111111",0.0
448,1058036847,"insertion",277860,"0000000000000000000000000000000000000000000000000000000000000000000000000000000000000000000000000000",0.0,0.0,3.598947667701964e-06,"0000000000000000000000000000000000000000000000000000000000000000000000000000000000000000000000000000",0.0
448,1058036847,"omission",277860,"1111111111111111111111111111111111111111111111111111111111111111111111111111111111111111111111111111",0.9973333333333333,0.0,0.9916972277306115,"1111111111111111111111111111111111111111111111111111111111111111111111111111111111111111111111111111",0.0
449,3059825677,"insertion",276998,"0000000000000000000000000000000000000000000000000000000000000000000000000000000000000000000000000000",0.014666666666666666,0.0,0.01074018852189735,"0000000000000000000000000000000000000000000000000000000000000000000000000000000000000000000000000000",0.0
449,3059825677,"omission",276998,"1111111111111111111111111111111111111111111111111111111111111111111111111111011111111111111111111111",1.0,0.01,0.9989313963689137,"1111111111111111111111111111111111111111111111111111111111111111111111111111011111111111111111111111",0.01
450,156264085,"insertion",277194,"0000000000000000000000000000000000000000000000000000000000000000000000000000000000000000000000000000",0.0,0.0,3.6075947083800817e-06,"0000000000000000000000000000000000000000000000000000000000000000000000000000000000000000000000000000",0.0
450,156264085,"omission",277194,"1111111111111111111111111111111111111211111111111111111111111111111111111111111111111111111111111111",0.9996666666666667,0.01,0.9984415190859798,"1111111111111111111111111111111111111211111111111111111111111111111111111111111111111111111111111111",0.01
451,2818033067,"insertion",276778,"0000000000000000000000000000000000000000000000000000000000000000000000000000000000000000000000000000",0.035666666666666666,0.0,0.033987650707970676,"0000000000000000000000000000000000000000000000000000000000000000000000000000000000000000000000000000",0.0
451,2818033067,"omission",276778,"1111111111111111111111111111111111115111111111111111111111111111111111111111111111111111111111111111",0.9966666666666667,0.01,0.9944106627357042,"1111111111111111111111111111111111115111111111111111111111111111111111111111111111111111111111111111",0.01
452,13859383,"insertion",277285,"0000000000000000000000000000000000000000000000000000000000000000000000000000000000000000000000000000",0.027666666666666666,0.0,0.02278890956564389,"0000000000000000000000000000000000000000000000000000000000000000000000000000000000000000000000000000",0.0
452,13859383,"omission",277285,"1111111501111111411111411111111111111111111111111111111111111111111111111111111111111111111111511111",0.9986666666666667,0.05,0.9983879343921755,"1111111501111111411111411111111111111111111111111111111111111111111111111111111111111111111111511111",0.05
453,4023083809,"insertion",277151,"0000000000000000000000000000000000000000000000000000000000000000000000000000000000000000000000000000",0.0,0.0,3.6081544290095615e-06,"0000000000000000000000000000000000000000000000000000000000000000000000000000000000000000000000000000",0.0
453,4023083809,"omission",277151,"1111111111111111111111111111111111111111111111111111111111111111011111111111111111111111111111111111",0.9993333333333333,0.01,0.9985242648385351,"1111111111111111111111111111111111111111111111111111111111111111011111111111111111111111111111111111",0.01
454,378375973,"insertion",277133,"0000000000000000000000000000000000000000000000000000000000000000000000000000000000000000000000000000",0.0,0.0,3.6083887822409536e-06,"0000000000000000000000000000000000000000000000000000000000000000000000000000000000000000000000000000",0.0
454,378375973,"omission",277133,"1111111111111111111111111111111111111115111111111111111111111111111111111111111111111111111111111111",0.9983333333333333,0.01,0.9946595846022834,"1111111111111111111111111111111111111115111111111111111111111111111111111111111111111111111111111111",0.01
455,721438182,"insertion",276985,"0000000000000000000000000000000000000000000000000000000000000000000000000000000000000000000000000000",0.005666666666666667,0.0,0.005989515639892557,"0000000000000000000000000000000000000000000000000000000000000000000000000000000000000000000000000000",0.0
455,721438182,"omission",276985,"1111111111111111111131111111111111111111111111111111111111111111111111111111111111111111111111111111",0.9936666666666667,0.01,0.9887177598706063,"1111111111111111111131111111111111111111111111111111111111111111111111111111111111111111111111111111",0.01
456,3891211958,"insertion",276684,"0000000000000000000000000000000000000000000000000000000000000000000000000000000000000000000000000000",0.0,0.0,0.00018071222301334016,"0000000000000000000000000000000000000000000000000000000000000000000000000000000000000000000000000000",0.0
456,3891211958,"omission",276684,"1111111111111151111111111111111111111111111111111111111111151111111111111111111111111111111111111111",1.0,0.02,0.9999963857555397,"1111111111111151111111111111111111111111111111111111111111151111111111111111111111111111111111111111",0.02
457,613268406,"insertion",276937,"0000000000000000000000000000000000000000000000000000000000000000000000000000000000000000000000000000",0.0,0.0,3.6109426004564232e-06,"0000000000000000000000000000000000000000000000000000000000000000000000000000000000000000000000000000",0.0
457,613268406,"omission",276937,"1111111111111111111111111111111111111111111111111111111111111111111111111111111111111111111111111111",0.9996666666666667,0.0,0.9990358783256781,"1111111111111111111111111111111111111111111111111111111111111111111111111111111111111111111111111111",0.0
458,448822509,"insertion",276671,"0000000000000000000000000000000000000000000000000000000000000000000000000000000000000000000000000000",0.009666666666666667,0.0,0.008258936639317599,"0000000000000000000000000000000000000000000000000000000000000000000000000000000000000000000000000000",0.0
458,448822509,"omission",276671,"1111111111111111111111111111111111111111111111111111111111111111111111111111111111111111111111111111",0.9943333333333333,0.0,0.9922073228033397,"1111111111111111111111111111111111111111111111111111111111111111111111111111111111111111111111111111",0.0
459,1643581010,"insertion",276646,"0000000000000000000000000000000000000000000000000000000000000000000000000000000000000000000000000000",0.0,0.0,3.614740913445029e-06,"0000000000000000000000000000000000000000000000000000000000000000000000000000000000000000000000000000",0.0
459,1643581010,"omission",276646,"1111111111111121111111111111111111311111111111111111111112111111111111111111111111011111111111111111",0.999,0.04,0.9979215239747691,"1111111111111121111111111111111111311111111111111111111112111111111111111111111111011111111111111111",0.04
460,3653494526,"insertion",277625,"0000000000000000000000000000000000000000000000000000000000000000000000000000000000000000000000000000",0.0,0.0,3.6019940639137827e-06,"0000000000000000000000000000000000000000000000000000000000000000000000000000000000000000000000000000",0.0
460,3653494526,"omission",277625,"1111111111111111111111111111111111141111111111211112111111111111111111111111111111111111111111111111",0.999,0.03,0.9978856294844826,"1111111111111111111111111111111111141111111111211112111111111111111111111111111111111111111111111111",0.03
461,2988911025,"insertion",277110,"0000000000000000000000000000000000000000000000000000000000000000000000000000000000000000000000000000",0.0,0.0,3.6086882778978668e-06,"0000000000000000000000000000000000000000000000000000000000000000000000000000000000000000000000000000",0.0
461,2988911025,"omission",277110,"1111111111111111111111111111111111111111111111111111111111111111111111111111111111111111111111111111",0.9983333333333333,0.0,0.9943884897278689,"1111111111111111111111111111111111111111111111111111111111111111111111111111111111111111111111111111",0.0
462,1163102012,"insertion",276903,"0000000000000000000000000000000000000000000000000000000000000000000000000000000000000000000000000000",0.0,0.0,3.6113859777105257e-06,"0000000000000000000000000000000000000000000000000000000000000000000000000000000000000000000000000000",0.0
462,1163102012,"omission",276903,"1111111111111111111111111111111111111111111111111111111111111111111111111111111111111111111111111111",0.9986666666666667,0.0,0.9974070248680038,"1111111111111111111111111111111111111111111111111111111111111111111111111111111111111111111111111111",0.0
463,1838111235,"insertion",276453,"0000000000000000000000000000000000000000000000000000000000000000000000000000000000000000000000000000",0.009,0.0,0.009564047284881281,"0000000000000000000000000000000000000000000000000000000000000000000000000000000000000000000000000000",0.0
463,1838111235,"omission",276453,"1111111111111111111111111111111111111111111111111111111111111111111111111111111111111111111111111111",0.9986666666666667,0.0,0.9973991868389449,"1111111111111111111111111111111111111111111111111111111111111111111111111111111111111111111111111111",0.0
464,3862052569,"insertion",277312,"0000000000000000000000000000000000000000000000000000000000000000000000000000000000000000000000000000",0.0,0.0,3.6060596225898e-06,"0000000000000000000000000000000000000000000000000000000000000000000000000000000000000000000000000000",0.0
464,3862052569,"omission",277312,"1111111111111111111111111111111111111111111111111111111111111111111111111111111111111111111111111111",0.9953333333333333,0.0,0.9950633043766746,"1111111111111111111111111111111111111111111111111111111111111111111111111111111111111111111111111111",0.0
465,2794017800,"insertion",277260,"0000000000000000000000000000000000000000000000000000000000000000000000000000000000000000000000000000",0.012666666666666666,0.0,0.014628920972808818,"0000000000000000000000000000000000000000000000000000000000000000000000000000000000000000000000000000",0.0
465,2794017800,"omission",277260,"1111111111111111111111111111111111111111111111111111111111111111111111111111111111111111111111111111",1.0,0.0,0.99999639326406,"1111111111111111111111111111111111111111111111111111111111111111111111111111111111111111111111111111",0.0
466,2921508853,"insertion",277606,"0000000000000000000000000000000000000000000000000000000000000000000000000000000000000000000000000000",0.005666666666666667,0.0,0.004211019253975973,"0000000000000000000000000000000000000000000000000000000000000000000000000000000000000000000000000000",0.0
466,2921508853,"omission",277606,"1111111111111111111111111111111111111111111111111111111111111111111111111111111111111111111111111111",1.0,0.0,0.9999963977594063,"1111111111111111111111111111111111111111111111111111111111111111111111111111111111111111111111111111",0.0
467,3204616124,"insertion",275851,"0000000000000000000000000000000000000000000000000000000000000000000000000000000000000000000000000000",0.0013333333333333333,0.0,0.0033351459126336777,"0000000000000000000000000000000000000000000000000000000000000000000000000000000000000000000000000000",0.0
467,3204616124,"omission",275851,"1111111111111111111111111111111111111111111111111111111111111111111111111111111111111111111111111111",1.0,0.0,0.9999963748413994,"1111111111111111111111111111111111111111111111111111111111111111111111111111111111111111111111111111",0.0
468,3945147463,"insertion",277498,"0000000000000000000000000000000000000000000000000000000000000000000000000000000000000000000000000000",0.021333333333333333,0.0,0.015672241501709927,"0000000000000000000000000000000000000000000000000000000000000000000000000000000000000000000000000000",0.0
468,3945147463,"omission",277498,"1111111111111111111111111111111111111111111111111111111111111111111111111111111111111111111111111111",0.9986666666666667,0.0,0.996414375650908,"1111111111111111111111111111111111111111111111111111111111111111111111111111111111111111111111111111",0.0
469,89717341,"insertion",277227,"0000000000000000000000000000000000000000000000000000000000000000000000000000000000000000000000000000",0.023666666666666666,0.0,0.02436279425450715,"0000000000000000000000000000000000000000000000000000000000000000000000000000000000000000000000000000",0.0
469,89717341,"omission",277227,"1111111111111111111111112111111111111111111511111111111111111111111111111111111111111111101111111111",1.0,0.03,0.9990657441942675,"1111111111111111111111112111111111111111111511111111111111111111111111111111111111111111101111111111",0.03
470,3373530872,"insertion",276702,"0000000000000000000000000000000000000000000000000000000000000000000000000000000000000000000000000000",0.0,0.0,3.614009345828168e-06,"0000000000000000000000000000000000000000000000000000000000000000000000000000000000000000000000000000",0.0
470,3373530872,"omission",276702,"1111111111111111111111111111111111111111111111111111111111111111111111111111111111111111111111111111",1.0,0.0,0.9995699328878465,"1111111111111111111111111111111111111111111111111111111111111111111111111111111111111111111111111111",0.0
471,3627097556,"insertion",276902,"0000000000000000000000000000000000000000000000000000000000000000000000000000000000000000000000000000",0.0,0.0,0.0002311295372714436,"0000000000000000000000000000000000000000000000000000000000000000000000000000000000000000000000000000",0.0
471,3627097556,"omission",276902,"1111111111111111111111111111111111111111111111111111111111111111111111111111111111111111111111111111",1.0,0.0,0.9999963886009802,"1111111111111111111111111111111111111111111111111111111111111111111111111111111111111111111111111111",0.0
472,2941626063,"insertion",276927,"0000000000000000000000000000000000000000000000000000000000000000000000000000000000000000000000000000",0.005,0.0,0.002459140709070293,"0000000000000000000000000000000000000000000000000000000000000000000000000000000000000000000000000000",0.0
472,2941626063,"omission",276927,"1111111111111111111111111111111111111111111111111111111111111111111111111111111111111111111111111111",1.0,0.0,0.9999963889270058,"1111111111111111111111111111111111111111111111111111111111111111111111111111111111111111111111111111",0.0
473,2775137280,"insertion",276401,"0000000000000000000000000000000000000000000000000000000000000000000000000000000000000000000000000000",0.006,0.0,0.005557163531114327,"0000000000000000000000000000000000000000000000000000000000000000000000000000000000000000000000000000",0.0
473,2775137280,"omission",276401,"1111111113111111111111111111111111111111111211111111111111111111111111111111111111111111111111111111",0.9983333333333333,0.02,0.9975072358900144,"1111111113111111111111111111111111111111111211111111111111111111111111111111111111111111111111111111",0.02
474,922230955,"insertion",276918,"0000000000000000000000000000000000000000000000000000000000000000000000000000000000000000000000000000",0.0,0.0,3.6111903566772715e-06,"0000000000000000000000000000000000000000000000000000000000000000000000000000000000000000000000000000",0.0
474,922230955,"omission",276918,"1111111011111151111111111111111111111111111111211141111211111111111111111111111111110111141111111111",1.0,0.07,0.9999711104771466,"1111111011111151111111111111111111111111111111211141111211111111111111111111111111110111141111111111",0.07
475,1344926590,"insertion",277358,"0000000000000000000000000000000000000000000000000000000000000000000000000000000000000000000000000000",0.0,0.0,3.6054615531607277e-06,"0000000000000000000000000000000000000000000000000000000000000000000000000000000000000000000000000000",0.0
475,1344926590,"omission",277358,"1111111111111111111111111111111111111111111111111131111111111111111111111111111111111111111111111111",0.9946666666666667,0.01,0.9916930165815177,"1111111111111111111111111111111111111111111111111131111111111111111111111111111111111111111111111111",0.01
476,3453846371,"insertion",276929,"0000000000000000000000000000000000000000000000000000000000000000000000000000000000000000000000000000",0.004,0.0,0.004087705107464756,"0000000000000000000000000000000000000000000000000000000000000000000000000000000000000000000000000000",0.0
476,3453846371,"omission",276929,"1111111111111111111111111111111111111111111111111111111111111111111111111111111111111111111111111111",1.0,0.0,0.9999963889530853,"1111111111111111111111111111111111111111111111111111111111111111111111111111111111111111111111111111",0.0
477,516434387,"insertion",277343,"0000000000000000000000000000000000000000000000000000000000000000000000000000000000000000000000000000",0.0,0.0,3.6056565540019183e-06,"0000000000000000000000000000000000000000000000000000000000000000000000000000000000000000000000000000",0.0
477,516434387,"omission",277343,"1111111111111111111111111111111111111111111111113111111111111111111111111111111111111111111111111111",0.999,0.01,0.9969640371815304,"1111111111111111111111111111111111111111111111113111111111111111111111111111111111111111111111111111",0.01
478,451760550,"insertion",277082,"0000000000000000000000000000000000000000000000000000000000000000000000000000000000000000000000000000",0.0,0.0,3.6090529484158062e-06,"0000000000000000000000000000000000000000000000000000000000000000000000000000000000000000000000000000",0.0
478,451760550,"omission",277082,"1511111111111111111111111111111111111111111111111111111111111111111111111111111111111111111111111111",1.0,0.01,0.9999927818941031,"1511111111111111111111111111111111111111111111111111111111111111111111111111111111111111111111111111",0.01
479,1603247793,"insertion",277488,"0000000000000000000000000000000000000000000000000000000000000000000000000000000000000000000000000000",0.027666666666666666,0.0,0.02650214244270903,"0000000000000000000000000000000000000000000000000000000000000000000000000000000000000000000000000000",0.0
479,1603247793,"omission",277488,"1121111111111111111111111111111111111111141111111111111111111111111111111111111111111111111111111111",0.993,0.02,0.9877832114657623,"1121111111111111111111111111111111111111141111111111111111111111111111111111111111111111111111111111",0.02
480,1242553068,"insertion",277053,"0000000000000000000000000000000000000000000000000000000000000000000000000000000000000000000000000000",0.004666666666666667,0.0,0.006190173685806275,"0000000000000000000000000000000000000000000000000000000000000000000000000000000000000000000000000000",0.0
480,1242553068,"omission",277053,"1111111111111111111111111111111111111111111111111111111111111111011111111111114111111111111111111111",1.0,0.02,0.9999963905692794,"1111111111111111111111111111111111111111111111111111111111111111011111111111114111111111111111111111",0.02
481,4218145170,"insertion",276893,"0000000000000000000000000000000000000000000000000000000000000000000000000000000000000000000000000000",0.0016666666666666668,0.0,0.0025858457449113733,"0000000000000000000000000000000000000000000000000000000000000000000000000000000000000000000000000000",0.0
481,4218145170,"omission",276893,"1111111111111111111111111111111111111111111111111111111111111111111111111111111111011111111111111111",0.999,0.01,0.9991224015139477,"1111111111111111111111111111111111111111111111111111111111111111111111111111111111011111111111111111",0.01
482,2309730876,"insertion",277237,"0000000000000000000000000000000000000000000000000000000000000000000000000000000000000000000000000000",0.0,0.0,3.6070351613787532e-06,"0000000000000000000000000000000000000000000000000000000000000000000000000000000000000000000000000000",0.0
482,2309730876,"omission",277237,"1111111111111111111111111111111111111111111111111111111111111111111111111111111111111511111111111111",0.9986666666666667,0.01,0.997770852270268,"1111111111111111111111111111111111111111111111111111111111111111111111111111111111111511111111111111",0.01
483,1602502287,"insertion",276868,"0000000000000000000000000000000000000000000000000000000000000000000000000000000000000000000000000000",0.0,0.0,7.223685018438456e-06,"0000000000000000000000000000000000000000000000000000000000000000000000000000000000000000000000000000",0.0
483,1602502287,"omission",276868,"1111111111111111111111115111111111111111111111111111111111111111111111111111111111111111111111111111",0.9993333333333333,0.01,0.9995449078438384,"1111111111111111111111115111111111111111111111111111111111111111111111111111111111111111111111111111",0.01
484,3045562895,"insertion",276821,"0000000000000000000000000000000000000000000000000000000000000000000000000000000000000000000000000000",0.023,0.0,0.029307853478794884,"0000000000000000000000000000000000000000000000000000000000000000000000000000000000000000000000000000",0.0
484,3045562895,"omission",276821,"1111111111111111111111111111111111111111111111111111111111111111111111111111151111111111111111111111",0.997,0.01,0.9947908388122245,"1111111111111111111111111111111111111111111111111111111111111111111111111111151111111111111111111111",0.01
485,2385223878,"insertion",277185,"0000000000000000000000000000000000000000000000000000000000000000000000000000000000000000000000000000",0.0,0.0,3.607711844839529e-06,"0000000000000000000000000000000000000000000000000000000000000000000000000000000000000000000000000000",0.0
485,2385223878,"omission",277185,"1111111111111111111111111111111111111111111111111111111111111111111111111111111111111411111111111111",0.9976666666666667,0.01,0.9966845128145925,"1111111111111111111111111111111111111111111111111111111111111111111111111111111111111411111111111111",0.01
486,2192123568,"insertion",277461,"0000000000000000000000000000000000000000000000000000000000000000000000000000000000000000000000000000",0.0,0.0,7.2082462336913425e-06,"0000000000000000000000000000000000000000000000000000000000000000000000000000000000000000000000000000",0.0
486,2192123568,"omission",277461,"1111111111111111111111111111111111111111111111111111111111111111111111111111111111111111111111111111",1.0,0.0,0.9999963958768832,"1111111111111111111111111111111111111111111111111111111111111111111111111111111111111111111111111111",0.0
487,2082749285,"insertion",277224,"0000000000000000000000000000000000000000000000000000000000000000000000000000000000000000000000000000",0.0023333333333333335,0.0,0.0025430790374536025,"0000000000000000000000000000000000000000000000000000000000000000000000000000000000000000000000000000",0.0
487,2082749285,"omission",277224,"1111111111111111111111111011111111111111111111111111111111111111111111111111111111111111111111111111",0.999,0.01,0.9980340736518976,"1111111111111111111111111011111111111111111111111111111111111111111111111111111111111111111111111111",0.01
488,104089759,"insertion",277107,"0000000000000000000000000000000000000000000000000000000000000000000000000000000000000000000000000000",0.001,0.0,0.0028653295128939827,"0000000000000000000000000000000000000000000000000000000000000000000000000000000000000000000000000000",0.0
488,104089759,"omission",277107,"1111111111111111111111111111111111111111111111111111111111111111111111111111311111111111111111111111",0.9996666666666667,0.01,0.9991988625291405,"1111111111111111111111111111111111111111111111111111111111111111111111111111311111111111111111111111",0.01
489,4280652620,"insertion",276956,"0000000000000000000000000000000000000000000000000000000000000000000000000000000000000000000000000000",0.019333333333333334,0.0,0.02030654799516167,"0000000000000000000000000000000000000000000000000000000000000000000000000000000000000000000000000000",0.0
489,4280652620,"omission",276956,"1111111111111111111111111111111111111111511111111111111111111111111111111111111111111111111111111111",1.0,0.01,0.9993897925655792,"1111111111111111111111121111111111111111511111111111111111111111111111111111111111111111111111111111",0.02
490,3773407158,"insertion",277848,"0000000000000000000000000000000000000000000000000000000000000000000000000000000000000000000000000000",0.001,0.0,0.0017599614176147303,"0000000000000000000000000000000000000000000000000000000000000000000000000000000000000000000000000000",0.0
490,3773407158,"omission",277848,"1111111111121111111111411111111111111111111111111111111111111111111111111111111111111111111111111111",1.0,0.02,0.999992801793793,"1111111111121111111111411111111111111111111111111111111111111111111111111111111111111111111111111111",0.02
491,1376842991,"insertion",276906,"0000000000000000000000000000000000000000000000000000000000000000000000000000000000000000000000000000",0.009333333333333334,0.0,0.007681334753796429,"0000000000000000000000000000000000000000000000000000000000000000000000000000000000000000000000000000",0.0
491,1376842991,"omission",276906,"1111111111111111111112111111111111111111111111111111111111111111111111111111111111111111111111111111",1.0,0.01,0.9999963886531482,"1111111111111111111112111111111111111111111111111111111111111111111111111111111111111111111111111111",0.01
492,2492256878,"insertion",277598,"0000000000000000000000000000000000000000000000000000000000000000000000000000000000000000000000000000",0.0,0.0,7.20468881147851e-06,"0000000000000000000000000000000000000000000000000000000000000000000000000000000000000000000000000000",0.0
492,2492256878,"omission",277598,"1111111111111111111112111111111111111111111111111111111111111111111111111111111101111111111111111111",0.9996666666666667,0.02,0.9981952254527247,"1111111111111111111112111111111111111111111111111111111111111111111111111111111101111111111111111111",0.02
493,3221378348,"insertion",277388,"0000000000000000000000000000000000000000000000000000000000000000000000000000000000000000000000000000",0.0,0.0,3.605071614747627e-06,"0000000000000000000000000000000000000000000000000000000000000000000000000000000000000000000000000000",0.0
493,3221378348,"omission",277388,"1111111111111111111111111111111411111111111111111111111111111111111111111111111111111111111111111111",0.998,0.01,0.9953422474737461,"1111111111111111111111111111111411111111111111111111111111111111111111111111111111111111111111111111",0.01
494,3084723131,"insertion",276960,"0000000000000000000000000000000000000000000000000000000000000000000000000000000000000000000000000000",0.0,0.0,1.805321365256229e-05,"0000000000000000000000000000000000000000000000000000000000000000000000000000000000000000000000000000",0.0
494,3084723131,"omission",276960,"1111111111111151111111111111111111111111111111111111111111111111111111111111111111111111111111111111",0.9996666666666667,0.01,0.9974617181604497,"1111111111111151111111111111111111111111111111111111111111111111111111111111111111111111111111111111",0.01
495,2841863335,"insertion",278018,"0000000000000000000000000000000000000000000000000000000000000000000000000000000000000000000000000000",0.018333333333333333,0.0,0.013225809932486144,"0000000000000000000000000000000000000000000000000000000000000000000000000000000000000000000000000000",0.0
495,2841863335,"omission",278018,"1111111111111111111111111111111111111111111111111111111111111111111111111111111111111111111111111111",0.999,0.0,0.9982267271425848,"1111111111111111111111111111111111111111111111111111111111111111111111111111111111111111111111111111",0.0
496,1027581959,"insertion",277303,"0000000000000000000000000000000000000000000000000000000000000000000000000000000000000000000000000000",0.0,0.0,7.2123533187643795e-06,"0000000000000000000000000000000000000000000000000000000000000000000000000000000000000000000000000000",0.0
496,1027581959,"omission",277303,"1111111111111111111111111111111111111111511111111111111111111141111111111511111111111111111111111111",1.0,0.03,0.9995636526242148,"1111111111111111111111111111111111111111511111111111111111111141111111111511111111111111111111111111",0.03
497,299921799,"insertion",276728,"0000000000000000000000000000000000000000000000000000000000000000000000000000000000000000000000000000",0.027666666666666666,0.0,0.026629132683113683,"0000000000000000000000000000000000000000000000000000000000000000000000000000000000000000000000000000",0.0
497,299921799,"omission",276728,"1111111111111111111111111111111111111111111112111111111111111111111111111111111111111111111111111111",0.9983333333333333,0.01,0.9955840955165199,"1111111111111111111111111111111111111111111112111111111111111111111111111111111111111111111111111111",0.01
498,2016937927,"insertion",276582,"0000000000000000000000000000000000000000000000000000000000000000000000000000000000000000000000000000",0.007333333333333333,0.0,0.006829825620704242,"0000000000000000000000000000000000000000000000000000000000000000000000000000000000000000000000000000",0.0
498,2016937927,"omission",276582,"1111111112111111111111111111111111111111111111111111111111111111111111111131111111111111111111111111",1.0,0.02,0.9999891532679396,"1111111112111111111111111111111111111111111111111111111111111111111111111131111111111111111111111111",0.02
499,2784003637,"insertion",276782,"0000000000000000000000000000000000000000000000000000000000000000000000000000000000000000000000000000",0.0,0.0,3.612964762754669e-06,"0000000000000000000000000000000000000000000000000000000000000000000000000000000000000000000000000000",0.0
499,2784003637,"omission",276782,"1111111115111131115111111111111111111111110111111111111511111111111111111111111111111111111111111111",0.9946666666666667,0.05,0.9952453383722148,"1111111115111131115111111111111111111111110111111111111511111111111111111111111111111111111111111111",0.05
500,2961542356,"insertion",277014,"0000000000000000000000000000000000000000000000000000000000000000000000000000000000000000000000000000",0.023,0.0,0.023399623844368316,"0000000000000000000000000000000000000000000000000000000000000000000000000000000000000000000000000000",0.0
500,2961542356,"omission",277014,"1111111111111111111111111111111111111111111111111111111311111111111111111111111111111111111111111111",0.996,0.01,0.993032817954392,"1111111111111111111111111111111111111111111111111111111311111111111111111111111111111111111111111111",0.01
501,1011778314,"insertion",277015,"0000000000000000000000000000000000000000000000000000000000000000000000000000000000000000000000000000",0.0,0.0,3.6099258521229974e-06,"0000000000000000000000000000000000000000000000000000000000000000000000000000000000000000000000000000",0.0
501,1011778314,"omission",277015,"1111111111111111111111111111111111111111111111111111111111111111111111111111111111111111111111111111",0.993,0.0,0.9938703459030952,"1111111111111111111111111111111111111111111111111111111111111111111111111111111111111111111111111111",0.0
502,4106148966,"insertion",277227,"0000000000000000000000000000000000000000000000000000000000000000000000000000000000000000000000000000",0.0,0.0,3.607165273098483e-06,"0000000000000000000000000000000000000000000000000000000000000000000000000000000000000000000000000000",0.0
502,4106148966,"omission",277227,"1111111111111111111111111111111111111111111111111111111111111111111111111111111111111111111411111111",1.0,0.01,0.9999963928347269,"1111111111111111111111111111111111111111111111111111111111111111111111111111111111111111111411111111",0.01
503,2108813853,"insertion",277147,"0000000000000000000000000000000000000000000000000000000000000000000000000000000000000000000000000000",0.0,0.0,3.6082065048746868e-06,"0000000000000000000000000000000000000000000000000000000000000000000000000000000000000000000000000000",0.0
503,2108813853,"omission",277147,"1111111111111111111111111111111111111111111111111111111111111111111111111111111111111111111111111111",0.995,0.0,0.9924227663397631,"1111111111111111111111111111111111111111111111111111111111111111111111111111111111111111111111111111",0.0
504,3395127195,"insertion",277219,"0000000000000000000000000000000000000000000000000000000000000000000000000000000000000000000000000000",0.0,0.0,3.607269369232878e-06,"0000000000000000000000000000000000000000000000000000000000000000000000000000000000000000000000000000",0.0
504,3395127195,"omission",277219,"1111111111111111111111111111111111111111110111111111111111111111111111111111111111111111111111111111",1.0,0.01,0.9999963927306308,"1111111111111111111111111111111111111111110111111111111111111111111111111111111111111111111111111111",0.01
505,2001799159,"insertion",277150,"0000000000000000000000000000000000000000000000000000000000000000000000000000000000000000000000000000",0.0,0.0,3.6081674478349193e-06,"0000000000000000000000000000000000000000000000000000000000000000000000000000000000000000000000000000",0.0
505,2001799159,"omission",277150,"1111111111111111111111111111111111111111111111111111111111111111141111111111111111111111111111111111",0.9986666666666667,0.01,0.9967310002922616,"1111111111111111111111111111111111111111111111111111111111111111141111111111111111111111111111111111",0.01
506,3935868619,"insertion",277292,"0000000000000000000000000000000000000000000000000000000000000000000000000000000000000000000000000000",0.010333333333333333,0.0,0.012654575878769956,"0000000000000000000000000000000000000000000000000000000000000000000000000000000000000000000000000000",0.0
506,3935868619,"omission",277292,"1111111111111111111111111111311111111111211111111111111151111111111113110111111111111111111111113111",1.0,0.06,0.9999963936802854,"1111111111111111111111111111311111111111211111111111111151111111111113110111111111111111111111113111",0.06
507,1393913761,"insertion",276735,"0000000000000000000000000000000000000000000000000000000000000000000000000000000000000000000000000000",0.0,0.0,0.00014815671366727616,"0000000000000000000000000000000000000000000000000000000000000000000000000000000000000000000000000000",0.0
507,1393913761,"omission",276735,"1111111111413111111111111111111111111111111111111111111111111111111111111111111111111111111111111111",0.995,0.02,0.9938243945449421,"1111111111413111111111111111111111111111111111111111111111111111111111111111111111111111111111111111",0.02
508,3913068858,"insertion",276868,"0000000000000000000000000000000000000000000000000000000000000000000000000000000000000000000000000000",0.0,0.0,3.611842509219228e-06,"0000000000000000000000000000000000000000000000000000000000000000000000000000000000000000000000000000",0.0
508,3913068858,"omission",276868,"1111111111111111111111111111111111111111111111111111111111101111111111111111111111111111111111111111",0.9996666666666667,0.01,0.9998374670870851,"1111111111111111111111111111111111111111111111111111111111101111111111111111111111111111111111111111",0.01
509,2431230324,"insertion",277054,"0000000000000000000000000000000000000000000000000000000000000000000000000000000000000000000000000000",0.02,0.0,0.023089444979841403,"0000000000000000000000000000000000000000000000000000000000000000000000000000000000000000000000000000",0.0
509,2431230324,"omission",277054,"1111111111111111111111111111111111111111111111111111111111111111111111111111111111113111111111111111",0.999,0.01,0.996910338455097,"1111111111111111111111111111111111111111111111111111111111111111111111111111111111113111111111111111",0.01
510,2571047356,"insertion",277257,"0000000000000000000000000000000000000000000000000000000000000000000000000000000000000000000000000000",0.0,0.0,0.0006708601436939146,"0000000000000000000000000000000000000000000000000000000000000000000000000000000000000000000000000000",0.0
510,2571047356,"omission",277257,"1111111111111111111111111111111111111111111111111111111111111111111111111111111111111111111111111111",0.9996666666666667,0.0,0.9974572236489021,"1111111111111111111111111111111111111111111111111111111111111111111111111111111111111111111111111111",0.0
511,133227091,"insertion",277097,"0000000000000000000000000000000000000000000000000000000000000000000000000000000000000000000000000000",0.0023333333333333335,0.0,0.00529058521234518,"0000000000000000000000000000000000000000000000000000000000000000000000000000000000000000000000000000",0.0
511,133227091,"omission",277097,"1111111111111111111111115111111111111111111111111111111111111111111111111111111111111111111111111111",1.0,0.01,0.99999639114242,"1111111111111111111111115111111111111111111111111111111111111111111111111111111111111111111111111111",0.01
512,3783016891,"insertion",276951,"0000000000000000000000000000000000000000000000000000000000000000000000000000000000000000000000000000",0.0003333333333333333,0.0,0.001292652103267738,"0000000000000000000000000000000000000000000000000000000000000000000000000000000000000000000000000000",0.0
512,3783016891,"omission",276951,"1111111111111111111111111111111111111111111111111111111111111111111111111111111111111111111111111111",0.9993333333333333,0.0,0.9992597941866763,"1111111111111111111111111111111111111111111111111111111111111111111111111111111111111111111111111111",0.0
513,4050371899,"insertion",276406,"0000000000000000000000000000000000000000000000000000000000000000000000000000000000000000000000000000",0.0,0.0,3.6178795607894212e-06,"0000000000000000000000000000000000000000000000000000000000000000000000000000000000000000000000000000",0.0
513,4050371899,"omission",276406,"1111111111111111111111111111111111111111111111111111111111111111111111111111111111111111111111111111",0.9996666666666667,0.0,0.9983936614750095,"1111111111111111111111111111111111111111111111111111111111111111111111111111111111111111111111111111",0.0
514,1977505647,"insertion",276769,"0000000000000000000000000000000000000000000000000000000000000000000000000000000000000000000000000000",0.009,0.0,0.010503381893860561,"0000000000000000000000000000000000000000000000000000000000000000000000000000000000000000000000000000",0.0
514,1977505647,"omission",276769,"1111111111111111111111111111111111111111111111111101111111111111111111111111111111111111111111111111",1.0,0.01,0.9999963868655336,"1111111111111111111111111111111111111111111111111101111111111111111111111111111111111111111111111111",0.01
515,2839263950,"insertion",277119,"0000000000000000000000000000000000000000000000000000000000000000000000000000000000000000000000000000",0.002,0.0,0.0018620226762606543,"0000000000000000000000000000000000000000000000000000000000000000000000000000000000000000000000000000",0.0
515,2839263950,"omission",277119,"1111111111111111111211111111111111111111111111111111111111111111111111111111111111111111111111111111",1.0,0.01,0.9993215886373313,"1111111111111111111211111111111111111111111111111111111111111111111111111111111111111111111111111111",0.01
516,989508319,"insertion",277450,"0000000000000000000000000000000000000000000000000000000000000000000000000000000000000000000000000000",0.005666666666666667,0.0,0.0045413751716531685,"0000000000000000000000000000000000000000000000000000000000000000000000000000000000000000000000000000",0.0
516,989508319,"omission",277450,"1111111111111111111111111111111111111111111111111111111111111111111111111111111111111111111111111111",0.9993333333333333,0.0,0.9983528504337734,"1111111111111111111111111111111111111111111111111111111111111111111111111111111111111111111111111111",0.0
517,4291261085,"insertion",277614,"0000000000000000000000000000000000000000000000000000000000000000000000000000000000000000000000000000",0.0,0.0,3.60213678754237e-06,"0000000000000000000000000000000000000000000000000000000000000000000000000000000000000000000000000000",0.0
517,4291261085,"omission",277614,"1111111111111111111111111111111111111111111111111111111111111111111111111111111111111111111111111111",0.997,0.0,0.9960916815855165,"1111111111111111111111111111111111111111111111111111111111111111111111111111111111111111111111111111",0.0
518,19550455,"insertion",276658,"0000000000000000000000000000000000000000000000000000000000000000000000000000000000000000000000000000",0.0033333333333333335,0.0,0.0021000733760577176,"0000000000000000000000000000000000000000000000000000000000000000000000000000000000000000000000000000",0.0
518,19550455,"omission",276658,"1121111111111111111111211111111111111111111111111111111111111111111111111111111111111111111111111111",1.0,0.02,0.9994903436385126,"1121111111111111111111211111111111111111111111111111111111111111111111111111111111111111111111111111",0.02
519,1173987052,"insertion",277525,"0000000000000000000000000000000000000000000000000000000000000000000000000000000000000000000000000000",0.0036666666666666666,0.0,0.003048385004540148,"0000000000000000000000000000000000000000000000000000000000000000000000000000000000000000000000000000",0.0
519,1173987052,"omission",277525,"1111111111111111111111111111111111111111111111111111111111111111111111111111111111111111111111111111",1.0,0.0,0.9996216543434081,"1111111111111111111111111111111111111111111111111111111111111111111111111111111111111111111111111111",0.0
520,2929420800,"insertion",277581,"0000000000000000000000000000000000000000000000000000000000000000000000000000000000000000000000000000",0.009,0.0,0.011441746523524749,"0000000000000000000000000000000000000000000000000000000000000000000000000000000000000000000000000000",0.0
520,2929420800,"omission",277581,"1111111111111111111111111111111111111111111111111111151111111111111111111111111111111111111111111111",0.9993333333333333,0.01,0.9981771020966929,"1111111111111111111111111111111111111111111111111111151111111111111111111111111111111111111111111111",0.01
521,3405588168,"insertion",277145,"0000000000000000000000000000000000000000000000000000000000000000000000000000000000000000000000000000",0.01633333333333333,0.0,0.01672415783852438,"0000000000000000000000000000000000000000000000000000000000000000000000000000000000000000000000000000",0.0
521,3405588168,"omission",277145,"1111111111111111111111111111111111111111111111111111111111111111111111111111111111111111111111111211",1.0,0.01,0.9997871142799412,"1111111111111111111111111111111111111111111111111111111111111111111111111111111111111111111111111211",0.01
522,4025492295,"insertion",277098,"0000000000000000000000000000000000000000000000000000000000000000000000000000000000000000000000000000",0.003,0.0,0.0033995315719766,"0000000000000000000000000000000000000000000000000000000000000000000000000000000000000000000000000000",0.0
522,4025492295,"omission",277098,"1111111111111111111111111111111111111111111111111111111111111111111111111111111111111111111111111111",0.9973333333333333,0.0,0.9965643799824611,"1111111111111111111111111111111111111111111111111111111111111111111111111111111111111111111111111111",0.0
523,3095239986,"insertion",276883,"0000000000000000000000000000000000000000000000000000000000000000000000000000000000000000000000000000",0.0,0.0,3.611646838725522e-06,"0000000000000000000000000000000000000000000000000000000000000000000000000000000000000000000000000000",0.0
523,3095239986,"omission",276883,"1111111111111111111111111111111111111111111111111111111111111111111111111111111111111111111111111111",1.0,0.0,0.9999963883531613,"1111111111111111111111111111111111111111111111111111111111111111111111111111111111111111111111111111",0.0
524,2305492214,"insertion",277060,"0000000000000000000000000000000000000000000000000000000000000000000000000000000000000000000000000000",0.0,0.0,3.6093395269599614e-06,"0000000000000000000000000000000000000000000000000000000000000000000000000000000000000000000000000000",0.0
524,2305492214,"omission",277060,"1111111111111111111111111111111111111111111111111111111111111111111111111111111111111111111111111111",1.0,0.0,0.9999963906604731,"1111111111111111111111111111111111111111111111111111111111111111111111111111111111111111111111111111",0.0
525,1355619867,"insertion",276711,"0000000000000000000000000000000000000000000000000000000000000000000000000000000000000000000000000000",0.0,0.0,3.6138918000795056e-06,"0000000000000000000000000000000000000000000000000000000000000000000000000000000000000000000000000000",0.0
525,1355619867,"omission",276711,"1111111111111111111111111111111111111111111111111111111111111111111111111111111111111112111111111111",1.0,0.01,0.9999963861082,"1111111111111111111111111111111111111111111111111111111111111111111111111111111111111112111111111111",0.01
526,2964420569,"insertion",276821,"0000000000000000000000000000000000000000000000000000000000000000000000000000000000000000000000000000",0.0,0.0,3.612455747417094e-06,"0000000000000000000000000000000000000000000000000000000000000000000000000000000000000000000000000000",0.0
526,2964420569,"omission",276821,"1111111111111111111111111111111111111111111111111111111111111111111111111111111111111111211111111111",1.0,0.01,0.9999891626327577,"1111111111111111111111111111111111111111111111111111111111111111111111111111111111111111211111111111",0.01
527,1356911431,"insertion",277016,"0000000000000000000000000000000000000000000000000000000000000000000000000000000000000000000000000000",0.012666666666666666,0.0,0.009674566359222425,"0000000000000000000000000000000000000000000000000000000000000000000000000000000000000000000000000000",0.0
527,1356911431,"omission",277016,"1111111111111111111111111111111111111111111111111111111111111111111111111111111111111111111111111111",1.0,0.0,0.9999963900871794,"1111111111111111111111111111111111111111111111111111111111111111111111111111111111111111111111111111",0.0
528,317446906,"insertion",277184,"0000000000000000000000000000000000000000000000000000000000000000000000000000000000000000000000000000",0.014,0.0,0.016036337004794666,"0000000000000000000000000000000000000000000000000000000000000000000000000000000000000000000000000000",0.0
528,317446906,"omission",277184,"1101111111111111111111111111111111111111111111111111111111111111111111111111111151111111111111111111",1.0,0.02,0.9999963922751395,"1101111111111111111111111111111111111111111111111111111111111111111111111111111151111111111111111111",0.02
529,1526226243,"insertion",277039,"0000000000000000000000000000000000000000000000000000000000000000000000000000000000000000000000000000",0.0,0.0,3.60961312166562e-06,"0000000000000000000000000000000000000000000000000000000000000000000000000000000000000000000000000000",0.0
529,1526226243,"omission",277039,"1111111111111111111111111111112111111111111111111111111111111111111111111111111111111111111111111111",0.995,0.01,0.9934305041185686,"1111111111111111111111111111112111111111111111111111111111111111111111111111111111111111111111111111",0.01
530,3006740515,"insertion",276842,"0000000000000000000000000000000000000000000000000000000000000000000000000000000000000000000000000000",0.0,0.0,3.612181721638052e-06,"0000000000000000000000000000000000000000000000000000000000000000000000000000000000000000000000000000",0.0
530,3006740515,"omission",276842,"1111111111111111111111111111111111111111111111111111111111111111111111111111111111111131111111111111",0.9993333333333333,0.01,0.9969151968097211,"1111111111111111111111111111111111111111111111111111111111111111111111111111111111111131111111111111",0.01
531,2250552499,"insertion",276788,"0000000000000000000000000000000000000000000000000000000000000000000000000000000000000000000000000000",0.0,0.0,3.6128864433661984e-06,"0000000000000000000000000000000000000000000000000000000000000000000000000000000000000000000000000000",0.0
531,2250552499,"omission",276788,"1111111111111111111111111111111111111111111111111111111111111111111111111111111111111111111111111111",0.9973333333333333,0.0,0.9953718924660478,"1111111111111111111111111111111111111111111111111111111111111111111111111111111111111111111111111111",0.0
532,342032186,"insertion",277452,"0000000000000000000000000000000000000000000000000000000000000000000000000000000000000000000000000000",0.0013333333333333333,0.0,0.002148127056669466,"0000000000000000000000000000000000000000000000000000000000000000000000000000000000000000000000000000",0.0
532,342032186,"omission",277452,"1111111111112111111111111111111111111111111111111111111111111111111111111111111111111411111112111111",0.9996666666666667,0.03,0.9996792226375107,"1111111111112111111111111111111111111111111111111111111111111111111111111111111111111411111112111111",0.03
533,915783712,"insertion",276904,"0000000000000000000000000000000000000000000000000000000000000000000000000000000000000000000000000000",0.0,0.0,3.611372935648946e-06,"0000000000000000000000000000000000000000000000000000000000000000000000000000000000000000000000000000",0.0
533,915783712,"omission",276904,"1111111111111111111111111111111111111111111111111111011111111111111111111111111111111111111111111111",1.0,0.01,0.9990502089179243,"1111111111111111111111111111111111111111111111111111011111111111111111111111111111111111111111111111",0.01
534,1130036917,"insertion",276606,"0000000000000000000000000000000000000000000000000000000000000000000000000000000000000000000000000000",0.004666666666666667,0.0,0.006362864011858065,"0000000000000000000000000000000000000000000000000000000000000000000000000000000000000000000000000000",0.0
534,1130036917,"omission",276606,"1111111111111111111111111111111111111111111111111111111111111111111111111111111111111111111111111111",1.0,0.0,0.9999963847363569,"1111111111111111111111111111111111111111111111111111111111111111111111111111111111111111111111111111",0.0
535,3689471196,"insertion",276769,"0000000000000000000000000000000000000000000000000000000000000000000000000000000000000000000000000000",0.0,0.0,3.613134466412302e-06,"0000000000000000000000000000000000000000000000000000000000000000000000000000000000000000000000000000",0.0
535,3689471196,"omission",276769,"1111151111111111111111111111111111111111111111111111111111111111111111111111111111111111111111111111",0.997,0.01,0.9933301537750029,"1111151111111111111111111111111111111111111111111111111111111111111111111111111111111111111111111111",0.01
536,3553487187,"insertion",277557,"0000000000000000000000000000000000000000000000000000000000000000000000000000000000000000000000000000",0.004333333333333333,0.0,0.0033326607963798296,"0000000000000000000000000000000000000000000000000000000000000000000000000000000000000000000000000000",0.0
536,3553487187,"omission",277557,"1111111111111111111111111111111115111111111111111111111111111111111111111111111111111111111111111111",1.0,0.01,0.9999963971234633,"1111111111111111111111111111111115111111111111111111111111111111111111111111111111111111111111111111",0.01
537,4070932197,"insertion",276714,"0000000000000000000000000000000000000000000000000000000000000000000000000000000000000000000000000000",0.0023333333333333335,0.0,0.0018539063939894402,"0000000000000000000000000000000000000000000000000000000000000000000000000000000000000000000000000000",0.0
537,4070932197,"omission",276714,"1111111111111111111111111111111111111111111111111111111111111111111111111111111111111111111111111011",0.998,0.01,0.9975606494815928,"1111111111111111111111111111111111111111111111111111111111111111111111111111111111111111111111111011",0.01
538,1919134000,"insertion",276883,"0000000000000000000000000000000000000000000000000000000000000000000000000000000000000000000000000000",0.006666666666666667,0.0,0.007736147528550068,"0000000000000000000000000000000000000000000000000000000000000000000000000000000000000000000000000000",0.0
538,1919134000,"omission",276883,"1111111111111111111111111111111111113111111111111112111111111111111411111111111111111111111111111111",1.0,0.03,0.9999963883531613,"1111111111111111111111111111111111113111111111111112111111111111111411111111111111111111111111111111",0.03
539,3073794266,"insertion",276869,"0000000000000000000000000000000000000000000000000000000000000000000000000000000000000000000000000000",0.0023333333333333335,0.0,0.0022826762211595416,"0000000000000000000000000000000000000000000000000000000000000000000000000000000000000000000000000000",0.0
539,3073794266,"omission",276869,"1111111111111111111111111111111111111111111111111111111111111111111111111011111111111111111111111111",0.9963333333333333,0.01,0.9958897380701273,"1111111111111111111111111111111111111111111111111111111111111111111111111011111111111111111111111111",0.01
540,2779921648,"insertion",277196,"0000000000000000000000000000000000000000000000000000000000000000000000000000000000000000000000000000",0.022333333333333334,0.0,0.024232038817438985,"0000000000000000000000000000000000000000000000000000000000000000000000000000000000000000000000000000",0.0
540,2779921648,"omission",277196,"1111111111111111111111111121111111111111111111111111114111111111111111111111111111111111111111111111",0.9936666666666667,0.02,0.988127491477119,"1111111111111111111111111121111111111111111111111111114111111111111111111111111111111111111111111111",0.02
541,1240762610,"insertion",277415,"0000000000000000000000000000000000000000000000000000000000000000000000000000000000000000000000000000",0.0,0.0,3.6047207422840953e-06,"0000000000000000000000000000000000000000000000000000000000000000000000000000000000000000000000000000",0.0
541,1240762610,"omission",277415,"1111111111111111111111111111111111111111111111211111111111111111111111111111111111111111111111111111",0.9983333333333333,0.01,0.9962510904280245,"1111111111111111111111111111111111111111111111211111111111111111111111111111111111111111111111111111",0.01
542,3153220909,"insertion",276905,"0000000000000000000000000000000000000000000000000000000000000000000000000000000000000000000000000000",0.0,0.0,3.6113598936815646e-06,"0000000000000000000000000000000000000000000000000000000000000000000000000000000000000000000000000000",0.0
542,3153220909,"omission",276905,"1111111111111111112111111111111111111111134111111111111112111111111111111111111111111111111111111211",1.0,0.05,0.9985699014821021,"1111111111111111112111111111111111111111134111111111111112111111111111111111111111111111111111111211",0.05
543,2370193604,"insertion",277348,"0000000000000000000000000000000000000000000000000000000000000000000000000000000000000000000000000000",0.0,0.0,3.605591551377877e-06,"0000000000000000000000000000000000000000000000000000000000000000000000000000000000000000000000000000",0.0
543,2370193604,"omission",277348,"1111111111111111111111111111111111111111111111111111111111111111111111111111111111111111111111111111",1.0,0.0,0.9999963944084487,"1111111111111111111111111111111111111111111111111111111111111111111111111111111111111111111111111111",0.0
544,4160862187,"insertion",276596,"0000000000000000000000000000000000000000000000000000000000000000000000000000000000000000000000000000",0.0,0.0,3.6153943491386325e-06,"0000000000000000000000000000000000000000000000000000000000000000000000000000000000000000000000000000",0.0
544,4160862187,"omission",276596,"1111111111111111111111111111111111111111111111111111111111111111111111111111111111111111111111111111",0.9906666666666667,0.0,0.9884271226884073,"1111111111111111111111111111111111111111111111111111111111111111111111111111111111111111111111111111",0.0
545,351076231,"insertion",276766,"0000000000000000000000000000000000000000000000000000000000000000000000000000000000000000000000000000",0.006,0.0,0.010915397539428757,"0000000000000000000000000000000000000000000000000000000000000000000000000000000000000000000000000000",0.0
545,351076231,"omission",276766,"1112111111110111112111111111111111111111111111111114111111111111111111111111111111111111111111111111",0.9993333333333333,0.04,0.9981392155800047,"1112111111110111112111111111111111111111111111111114111111111111111111111111111111111111111111111111",0.04
546,2877962971,"insertion",277064,"0000000000000000000000000000000000000000000000000000000000000000000000000000000000000000000000000000",0.003,0.0,0.0019165316191624288,"0000000000000000000000000000000000000000000000000000000000000000000000000000000000000000000000000000",0.0
546,2877962971,"omission",277064,"1111111111111111111111111111111111111111111111111111111111111111111111111111111111111111111111111111",0.998,0.0,0.9976575724654682,"1111111111111111111111111111111111111111111111111111111111111111111111111111111111111111111111111111",0.0
547,968378678,"insertion",276268,"0000000000000000000000000000000000000000000000000000000000000000000000000000000000000000000000000000",0.027666666666666666,0.0,0.030731140527098785,"0000000000000000000000000000000000000000000000000000000000000000000000000000000000000000000000000000",0.0
547,968378678,"omission",276268,"1111111111111111111111111111111111111111111111111111111111111111111121111111211111111111111111111111",0.999,0.02,0.998733109636692,"1111111111111111111111111111111111111111111111111111111111111111111121111111211111111111111111111111",0.02
548,1924586290,"insertion",277969,"0000000000000000000000000000000000000000000000000000000000000000000000000000000000000000000000000000",0.004333333333333333,0.0,0.006608674379784724,"0000000000000000000000000000000000000000000000000000000000000000000000000000000000000000000000000000",0.0
548,1924586290,"omission",277969,"1111111111111111111111111111111111111111111111111111111111111111111111111111111111111111111111111111",1.0,0.0,0.9999964024635929,"1111111111111111111111111111111111111111111111111111111111111111111111111111111111111111111111111111",0.0
549,1065277908,"insertion",276761,"0000000000000000000000000000000000000000000000000000000000000000000000000000000000000000000000000000",0.036,0.0,0.03519656019656019,"0000000000000000000000000000000000000000000000000000000000000000000000000000000000000000000000000000",0.0
549,1065277908,"omission",276761,"1111111111111111111111111111111111111111111111111111111111111115111111111111111111111111111111111111",0.999,0.01,0.998337910102616,"1111111111111111111111111111111111111111111111111111111111111115111111111111111111111111111111111111",0.01
550,3943847306,"insertion",276756,"0000000000000000000000000000000000000000000000000000000000000000000000000000000000000000000000000000",0.003,0.0,0.003671117052989106,"0000000000000000000000000000000000000000000000000000000000000000000000000000000000000000000000000000",0.0
550,3943847306,"omission",276756,"1111111111111111111111111111111111111111111111111111111111111111111111111110111111111111111111111111",0.997,0.01,0.9931130422214595,"1111111111111111111111111111111111111111111111111111111111111111111111111110111111111111111111111111",0.01
551,3391710814,"insertion",277077,"0000000000000000000000000000000000000000000000000000000000000000000000000000000000000000000000000000",0.0,0.0,3.6091180759069715e-06,"0000000000000000000000000000000000000000000000000000000000000000000000000000000000000000000000000000",0.0
551,3391710814,"omission",277077,"1311111111111111111111411111111111111111111111111111111111111111111111111111111111111111111111111111",1.0,0.02,0.999996390881924,"1311111111111111111111411111111111111111111111111111111111111111111111111111111111111111111111111111",0.02
552,3322632065,"insertion",276373,"0000000000000000000000000000000000000000000000000000000000000000000000000000000000000000000000000000",0.0,0.0,3.6183115510977957e-06,"0000000000000000000000000000000000000000000000000000000000000000000000000000000000000000000000000000",0.0
552,3322632065,"omission",276373,"1111111111111111111111111111111111111111111111111111111111111111111111111111111111111111111111111111",1.0,0.0,0.999996381688449,"1111111111111111111111111111111111111111111111111111111111111111111111111111111111111111111111111111",0.0
553,2219440397,"insertion",277131,"0000000000000000000000000000000000000000000000000000000000000000000000000000000000000000000000000000",0.0,0.0,3.6084148233680944e-06,"0000000000000000000000000000000000000000000000000000000000000000000000000000000000000000000000000000",0.0
553,2219440397,"omission",277131,"1111111113111111111111141111111111111111111111111111111111111111111111111111111111111111111111111111",1.0,0.02,0.9999963915851766,"1111111113111111111111141111111111111111111111111111111111111111111111111111111111111111111111111111",0.02
554,4221243081,"insertion",276989,"0000000000000000000000000000000000000000000000000000000000000000000000000000000000000000000000000000",0.019,0.0,0.013090819818909123,"0000000000000000000000000000000000000000000000000000000000000000000000000000000000000000000000000000",0.0
554,4221243081,"omission",276989,"1111111111211111111111111131111111111111111011111111111111111111111111111111111111111111111111111111",1.0,0.03,0.9999963897352954,"1111111111211111111111111131111111111111111011111111111111111111111111111111111111111111111111111111",0.03
555,632438536,"insertion",276917,"0000000000000000000000000000000000000000000000000000000000000000000000000000000000000000000000000000",0.0,0.0,3.6112033974201565e-06,"0000000000000000000000000000000000000000000000000000000000000000000000000000000000000000000000000000",0.0
555,632438536,"omission",276917,"1111111111111111111111111111111111111111114111111111111111211111111111111111111111111111111111112111",0.9983333333333333,0.03,0.9968835314680264,"1111111111111111111111111111111111111111114111111111111111211111111111111111111111111111111111112111",0.03
556,692763082,"insertion",276900,"0000000000000000000000000000000000000000000000000000000000000000000000000000000000000000000000000000",0.0,0.0,3.611425104460471e-06,"0000000000000000000000000000000000000000000000000000000000000000000000000000000000000000000000000000",0.0
556,692763082,"omission",276900,"1111111211111111111111111110111111111111111111111111111111111111111111111111111111111111111111111111",0.998,0.02,0.9966377632277473,"1111111211111111111111111110111111111111111111111111111111111111111111111111111111111111111111111111",0.02
557,2435396537,"insertion",277393,"0000000000000000000000000000000000000000000000000000000000000000000000000000000000000000000000000000",0.0036666666666666666,0.0,0.003951087270000576,"0000000000000000000000000000000000000000000000000000000000000000000000000000000000000000000000000000",0.0
557,2435396537,"omission",277393,"1111111111111111111111111111111111111111111111111111111111111111111111110111111111111113111111111111",1.0,0.02,0.9999963949933668,"1111111111111111111111111111111111111111111111111111111111111111111111110111111111111113111111111111",0.02
558,2371013091,"insertion",276989,"0000000000000000000000000000000000000000000000000000000000000000000000000000000000000000000000000000",0.0,0.0,3.610264704608142e-06,"0000000000000000000000000000000000000000000000000000000000000000000000000000000000000000000000000000",0.0
558,2371013091,"omission",276989,"1111111111111111111111111111111111111121411111111111111111111111111111111111111111111111111111111111",0.9983333333333333,0.02,0.9981262726183083,"1111111111111111111111111111111111111121411111111111111111111111111111111111111111111111111111111111",0.02
559,185049448,"insertion",276996,"0000000000000000000000000000000000000000000000000000000000000000000000000000000000000000000000000000",0.0,0.0,7.220346937670355e-06,"0000000000000000000000000000000000000000000000000000000000000000000000000000000000000000000000000000",0.0
559,185049448,"omission",276996,"1111111111111111111111111111311111111111111111111111111111111111111111111111111111111111111111111111",1.0,0.01,0.9999963898265312,"1111111111111111111111111111311111111111111111111111111111111111111111111111111111111111111111111111",0.01
560,2088340313,"insertion",276771,"0000000000000000000000000000000000000000000000000000000000000000000000000000000000000000000000000000",0.0,0.0,1.445243342847852e-05,"0000000000000000000000000000000000000000000000000000000000000000000000000000000000000000000000000000",0.0
560,2088340313,"omission",276771,"1111111111111111111111111113111151111111111111111111111111111111111111111111111111111111111111111111",1.0,0.02,0.9995881056472884,"1111111111111111111111111113111151111111111111111111111111111111111111111111111111111111111111111111",0.02
561,3069386921,"insertion",276259,"0000000000000000000000000000000000000000000000000000000000000000000000000000000000000000000000000000",0.006666666666666667,0.0,0.006837811031716728,"0000000000000000000000000000000000000000000000000000000000000000000000000000000000000000000000000000",0.0
561,3069386921,"omission",276259,"1111111111111111111111111111111111111101111111111111111111111111111111111111411111111111121111111111",0.999,0.03,0.996398294348037,"1111111111111111111111111111111111111101111111111111111111111111111111111111411111111111121111111111",0.03
562,1784702407,"insertion",277610,"0000000000000000000000000000000000000000000000000000000000000000000000000000000000000000000000000000",0.008666666666666666,0.0,0.013202021548292742,"0000000000000000000000000000000000000000000000000000000000000000000000000000000000000000000000000000",0.0
562,1784702407,"omission",277610,"1111111111111111111111111111111111111111111111111111111111111111111111111111111111111111111111111111",0.9996666666666667,0.0,0.9972479278409562,"1111111111111111111111111111111111111111111111111111111111111111111111111111111111111111111111111111",0.0
563,3252811363,"insertion",276767,"0000000000000000000000000000000000000000000000000000000000000000000000000000000000000000000000000000",0.005,0.0,0.0054667119516125535,"0000000000000000000000000000000000000000000000000000000000000000000000000000000000000000000000000000",0.0
563,3252811363,"omission",276767,"1111111111111111111111111111111111111111111111111111112111111111111111111111111111111111111111111111",0.9983333333333333,0.01,0.9985222173243823,"1111111111111111111111111111111111111111111111111111112111111111111111111111111111111111111111111111",0.01
564,3703226274,"insertion",276830,"0000000000000000000000000000000000000000000000000000000000000000000000000000000000000000000000000000",0.017,0.0,0.013000805551441504,"0000000000000000000000000000000000000000000000000000000000000000000000000000000000000000000000000000",0.0
564,3703226274,"omission",276830,"1111111111111111111111111111111111111111111111111111111111111111111111111111111111111111111111111111",0.9996666666666667,0.0,0.9997110129357835,"1111111111111111111111111111111111111111111111111111111111111111111111111111111111111111111111111111",0.0
565,180534282,"insertion",277601,"0000000000000000000000000000000000000000000000000000000000000000000000000000000000000000000000000000",0.015333333333333332,0.0,0.016300432276657062,"0000000000000000000000000000000000000000000000000000000000000000000000000000000000000000000000000000",0.0
565,180534282,"omission",277601,"1111111111111111111111111111111111111111111111111111111111111111111111111111111111111111111111111111",1.0,0.0,0.9999963976945245,"1111111111111111111111111111111111111111111111111111111111111111111111111111111111111111111111111111",0.0
566,3611999886,"insertion",276617,"0000000000000000000000000000000000000000000000000000000000000000000000000000000000000000000000000000",0.0033333333333333335,0.0,0.003213841570986494,"0000000000000000000000000000000000000000000000000000000000000000000000000000000000000000000000000000",0.0
566,3611999886,"omission",276617,"1111111111111111111111111111111111111111111111111111111111111111111111111111111111111111111111111111",0.9983333333333333,0.0,0.9985973334875784,"1111111111111111111111111111111111111111111111111111111111111111111111111111111111111111111111111111",0.0
567,1464223641,"insertion",277132,"0000000000000000000000000000000000000000000000000000000000000000000000000000000000000000000000000000",0.016666666666666666,0.0,0.01753683276140165,"0000000000000000000000000000000000000000000000000000000000000000000000000000000000000000000000000000",0.0
567,1464223641,"omission",277132,"0111111111111111111111111111111111111111111111111111111111111111111111111111111111111111111111111111",1.0,0.01,0.9999963915981972,"0111111111111111111111111111111111111111111111111111111111111111111111111111111111111111111111111111",0.01
568,2763812390,"insertion",277303,"0000000000000000000000000000000000000000000000000000000000000000000000000000000000000000000000000000",0.0,0.0,3.6061766593821898e-06,"0000000000000000000000000000000000000000000000000000000000000000000000000000000000000000000000000000",0.0
568,2763812390,"omission",277303,"1111111111111110111111111111111111111111111111111111111111111111111111111111111111111111211111111111",1.0,0.02,0.9999963938233406,"1111111111111110111111111111111111111111111111111111111111111111111111111111111111111111211111111111",0.02
569,2169822236,"insertion",276227,"0000000000000000000000000000000000000000000000000000000000000000000000000000000000000000000000000000",0.02033333333333333,0.0,0.019581791721271714,"0000000000000000000000000000000000000000000000000000000000000000000000000000000000000000000000000000",0.0
569,2169822236,"omission",276227,"1111111111111111111111113111111111111111111111111111111111111111111111111111111111111111111111111111",1.0,0.01,0.9997538247666765,"1111111111111111111111113111111111111111111111111111111111111111111111111111111111111111111111111111",0.01
570,2150361204,"insertion",276979,"0000000000000000000000000000000000000000000000000000000000000000000000000000000000000000000000000000",0.004,0.0,0.006065463683036198,"0000000000000000000000000000000000000000000000000000000000000000000000000000000000000000000000000000",0.0
570,2150361204,"omission",276979,"1111111111111111111111111111111111111111111111111111111111111111111111111111111111111111111111111111",1.0,0.0,0.9999927792099012,"1111111111111111111111111111111111111111111111111111111111111111111111111111111111111111111111111111",0.0
571,1263476535,"insertion",277034,"0000000000000000000000000000000000000000000000000000000000000000000000000000000000000000000000000000",0.005,0.0,0.002104442431046121,"0000000000000000000000000000000000000000000000000000000000000000000000000000000000000000000000000000",0.0
571,1263476535,"omission",277034,"1111113111111111111411111111111111111111111111111111111111111111111211111111111111111111111111111111",1.0,0.03,0.9999963903217306,"1111113111111111111411111111111111111111111111111111111111111111111211111111111111111111111111111111",0.03
572,3368605681,"insertion",277623,"0000000000000000000000000000000000000000000000000000000000000000000000000000000000000000000000000000",0.0,0.0,3.6020200128231912e-06,"0000000000000000000000000000000000000000000000000000000000000000000000000000000000000000000000000000",0.0
572,3368605681,"omission",277623,"1111111112111111111111111111115111111111111111111111111111111111111111111111111111111131111111111111",0.9983333333333333,0.03,0.9959189113254713,"1111111112111111111111111111115111111111111111111111111111111111111111111111111111111131111111111111",0.03
573,131334424,"insertion",277395,"0000000000000000000000000000000000000000000000000000000000000000000000000000000000000000000000000000",0.0026666666666666666,0.0,0.003633820486383988,"0000000000000000000000000000000000000000000000000000000000000000000000000000000000000000000000000000",0.0
573,131334424,"omission",277395,"1111111111111111111111111111111111111111111111111111111111111111111111111111111111111111111111111111",0.9993333333333333,0.0,0.9986589472014535,"1111111111111111111111111111111111111111111111111111111111111111111111111111111111111111111111111111",0.0
574,3947731432,"insertion",277144,"0000000000000000000000000000000000000000000000000000000000000000000000000000000000000000000000000000",0.003,0.0,0.004499482216761744,"0000000000000000000000000000000000000000000000000000000000000000000000000000000000000000000000000000",0.0
574,3947731432,"omission",277144,"1111111111111111111111111111111111111111111111111111111111111111111111111111111111111111111111111111",1.0,0.0,0.9999963917544372,"1111111111111111111111111111111111111111111111111111111111111111111111111111111111111111111111111111",0.0
575,2073055261,"insertion",276502,"0000000000000000000000000000000000000000000000000000000000000000000000000000000000000000000000000000",0.0,0.0,3.6166234480164627e-06,"0000000000000000000000000000000000000000000000000000000000000000000000000000000000000000000000000000",0.0
575,2073055261,"omission",276502,"1111111111111101111111111111111111111111111111111111111111111111111111111111111111111111111111111111",0.999,0.01,0.9981772217821997,"1111111111111101111111111111111111111111111111111111111111111111111111111111111111111111111111111111",0.01
576,3375928258,"insertion",277121,"0000000000000000000000000000000000000000000000000000000000000000000000000000000000000000000000000000",0.005,0.0,0.004582852193995381,"0000000000000000000000000000000000000000000000000000000000000000000000000000000000000000000000000000",0.0
576,3375928258,"omission",277121,"1111111111111111111111111111111111111111111111111111111111111111111111111111111111111111112111111111",1.0,0.01,0.9995850173210161,"1111111111111111111111111111111111111111111111111111111111111111111111111111111111111111112111111111",0.01
577,2214529479,"insertion",277060,"0000000000000000000000000000000000000000000000000000000000000000000000000000000000000000000000000000",0.0,0.0,3.6093395269599614e-06,"0000000000000000000000000000000000000000000000000000000000000000000000000000000000000000000000000000",0.0
577,2214529479,"omission",277060,"1111111111111111111111111111111111111111111111111111111111111111111111111111111111111111111111111111",1.0,0.0,0.9999963906604731,"1111111111111111111111111111111111111111111111111111111111111111111111111111111111111111111111111111",0.0
578,3970588828,"insertion",276974,"0000000000000000000000000000000000000000000000000000000000000000000000000000000000000000000000000000",0.004,0.0,0.005477068161878595,"0000000000000000000000000000000000000000000000000000000000000000000000000000000000000000000000000000",0.0
578,3970588828,"omission",276974,"1151111111111111111111111111111111111111111111111111111111111111111111111111111111111111111111111111",0.997,0.01,0.9915623544533222,"1151111111111111111111111111111111111111111111111111111111111111111111111111111111111111111111111111",0.01
579,2478978330,"insertion",277313,"0000000000000000000000000000000000000000000000000000000000000000000000000000000000000000000000000000",0.0,0.0,3.6060466189706902e-06,"0000000000000000000000000000000000000000000000000000000000000000000000000000000000000000000000000000",0.0
579,2478978330,"omission",277313,"1111111111111111111111111111111111111111111111111111111511111111111111111111111111111111111111111131",0.998,0.02,0.9972125259635357,"1111111111111111111111111111111111111111111111111111111511111111111111111111111111111111111111111131",0.02
580,3295628283,"insertion",276617,"0000000000000000000000000000000000000000000000000000000000000000000000000000000000000000000000000000",0.008666666666666666,0.0,0.006420452902218238,"0000000000000000000000000000000000000000000000000000000000000000000000000000000000000000000000000000",0.0
580,3295628283,"omission",276617,"1111111112111111111111111111111111111111111111111111111111111111111111111111111111111111111111111111",1.0,0.01,0.9999963848801227,"1111111112111111111111111111111111111111111111111111111111111111111111111111111111111111111111111111",0.01
581,1104836987,"insertion",276768,"0000000000000000000000000000000000000000000000000000000000000000000000000000000000000000000000000000",0.0,0.0,3.613147521200143e-06,"0000000000000000000000000000000000000000000000000000000000000000000000000000000000000000000000000000",0.0
581,1104836987,"omission",276768,"1111111111111111112111111111111111111141111111111111111111111111111111111111111111111111111111111111",1.0,0.02,0.9986739748597195,"1111111111111111112111111111111111111141111111111111111111111111111111111111111111111111111111111111",0.02
582,2153550856,"insertion",276673,"0000000000000000000000000000000000000000000000000000000000000000000000000000000000000000000000000000",0.007333333333333333,0.0,0.0064480684709692345,"0000000000000000000000000000000000000000000000000000000000000000000000000000000000000000000000000000",0.0
582,2153550856,"omission",276673,"1111111111111111111111111111111111111111111111311111111111111111111111111111111111111111111111111111",0.9956666666666667,0.01,0.9968699398565811,"1111111111111111111111111111111111111111111111311111111111111111111111111111111111111111111111111111",0.01
583,849865521,"insertion",276901,"0000000000000000000000000000000000000000000000000000000000000000000000000000000000000000000000000000",0.008333333333333333,0.0,0.007905381003972553,"0000000000000000000000000000000000000000000000000000000000000000000000000000000000000000000000000000",0.0
583,849865521,"omission",276901,"1111111111111111111111111111111112111111111111111111111111111111111111111111111111111111111111111111",1.0,0.01,0.9999963885879379,"1111111111111111111111111111111112111111111111111111111111111111111111111111111111111111111111111111",0.01
584,3160980422,"insertion",277291,"0000000000000000000000000000000000000000000000000000000000000000000000000000000000000000000000000000",0.0023333333333333335,0.0,0.0044105449168740304,"0000000000000000000000000000000000000000000000000000000000000000000000000000000000000000000000000000",0.0
584,3160980422,"omission",277291,"1111111111111111111111111111111111111111111111111111111111141111111112111111111111111111111111111111",0.9953333333333333,0.02,0.9971546034837174,"1111111111111111111111111111111111111111111111111111111111141111111112111111111111111111111111111111",0.02
585,103574707,"insertion",277098,"0000000000000000000000000000000000000000000000000000000000000000000000000000000000000000000000000000",0.004333333333333333,0.0,0.003843419452393927,"0000000000000000000000000000000000000000000000000000000000000000000000000000000000000000000000000000",0.0
585,103574707,"omission",277098,"1111111111111111111111211111111111111111111111111111111111111111111111111111111111111111111111111111",0.9986666666666667,0.01,0.997199536624359,"1111111111111111111111211111111111111111111111111111111111111111111111111111111111111111111111111111",0.01
586,1565297100,"insertion",276960,"0000000000000000000000000000000000000000000000000000000000000000000000000000000000000000000000000000",0.0036666666666666666,0.0,0.0023108113475279733,"0000000000000000000000000000000000000000000000000000000000000000000000000000000000000000000000000000",0.0
586,1565297100,"omission",276960,"1111111111111111111111111111111111111111111111111111111111111111111111111111111111111111111111111111",0.9923333333333333,0.0,0.9887961756072199,"1111111111111111111111111111111111111111111111111111111111111111111111111111111111111111111111111111",0.0
587,3374957518,"insertion",277237,"0000000000000000000000000000000000000000000000000000000000000000000000000000000000000000000000000000",0.0,0.0,3.6070351613787532e-06,"0000000000000000000000000000000000000000000000000000000000000000000000000000000000000000000000000000",0.0
587,3374957518,"omission",277237,"4111111111111111111111111111111111111111111111111111111111111111111111111111111111111151111111111111",0.9983333333333333,0.02,0.9971540492576721,"4111111111111111111111111111111111111111111111111111111111111111111111111111111111111151111111111111",0.02
588,1379137915,"insertion",276363,"0000000000000000000000000000000000000000000000000000000000000000000000000000000000000000000000000000",0.005,0.0,0.006929317344642172,"0000000000000000000000000000000000000000000000000000000000000000000000000000000000000000000000000000",0.0
588,1379137915,"omission",276363,"1111111111111111111111111111111111111111111111111111111111111111111111111111111111111111111111111111",0.9936666666666667,0.0,0.9934470006730303,"1111111111111111111111111111111111111111111111111111111111111111111111111111111111111111111111111111",0.0
589,1802072295,"insertion",276940,"0000000000000000000000000000000000000000000000000000000000000000000000000000000000000000000000000000",0.006666666666666667,0.0,0.011291295194970734,"0000000000000000000000000000000000000000000000000000000000000000000000000000000000000000000000000000",0.0
589,1802072295,"omission",276940,"1111111111121111111111111111111111111111111111111111111111111111111111111111111111111111111111111111",1.0,0.01,0.9999963890965159,"1111111111121111111111111111111111111111111111111111111111111111111111111111111111111111111111111111",0.01
590,3014078244,"insertion",276667,"0000000000000000000000000000000000000000000000000000000000000000000000000000000000000000000000000000",0.02033333333333333,0.0,0.018784382612970153,"0000000000000000000000000000000000000000000000000000000000000000000000000000000000000000000000000000",0.0
590,3014078244,"omission",276667,"1111111111111111111111111111111111111111111111111111111111111111111111111111111111111111111111111111",0.9976666666666667,0.0,0.9975891508172309,"1111111111111111111111111111111111111111111111111111111111111111111111111111111111111111111111111111",0.0
591,3711710358,"insertion",277151,"0000000000000000000000000000000000000000000000000000000000000000000000000000000000000000000000000000",0.035666666666666666,0.0,0.03193216669673462,"0000000000000000000000000000000000000000000000000000000000000000000000000000000000000000000000000000",0.0
591,3711710358,"omission",277151,"1111111111111111111111111111111111111111111111111111111111111111111111111111111111111111111111111111",0.998,0.0,0.9971098683023634,"1111111111111111111111111111111111111111111111111111111111111111111111111111111111111111111111111111",0.0
592,2750390967,"insertion",277410,"0000000000000000000000000000000000000000000000000000000000000000000000000000000000000000000000000000",0.0,0.0,3.6047857135132604e-06,"0000000000000000000000000000000000000000000000000000000000000000000000000000000000000000000000000000",0.0
592,2750390967,"omission",277410,"1111111111111111111111111111111111111111111111111111111111111111111111111111111111111111111111111111",0.9986666666666667,0.0,0.9977974759290434,"1111111111111111111111111111111111111111111111111111111111111111111111111111111111111111111111111111",0.0
593,3201674737,"insertion",277095,"0000000000000000000000000000000000000000000000000000000000000000000000000000000000000000000000000000",0.012,0.0,0.016286891812886603,"0000000000000000000000000000000000000000000000000000000000000000000000000000000000000000000000000000",0.0
593,3201674737,"omission",277095,"1111111111111111111111111111111111111111111111111111111111111111111111111111111111111111111111111111",0.9993333333333333,0.0,0.9992710055071564,"1111111111111111111111111111111111111111111111111111111111111111111111111111111111111111111111111111",0.0
594,502764651,"insertion",276735,"0000000000000000000000000000000000000000000000000000000000000000000000000000000000000000000000000000",0.0,0.0,3.613578382128687e-06,"0000000000000000000000000000000000000000000000000000000000000000000000000000000000000000000000000000",0.0
594,502764651,"omission",276735,"1111111111111111111111111111111111111111113111111111111111111111111111111111111111111111111111111111",0.9993333333333333,0.01,0.9964442388719854,"1111111111111111111111111111111111111111113111111111111111111111111111111111111111111111111111111111",0.01
595,3978332577,"insertion",276913,"0000000000000000000000000000000000000000000000000000000000000000000000000000000000000000000000000000",0.0016666666666666668,0.0,0.0016900676027041082,"0000000000000000000000000000000000000000000000000000000000000000000000000000000000000000000000000000",0.0
595,3978332577,"omission",276913,"1111111111111111111111111111111111111111111111111111111111111111111111111111111111111111111111111111",0.999,0.0,0.9956339920263477,"1111111111111111111111111111111111111111111111111111111111111111111111111111111111111111111111111111",0.0
596,3265134898,"insertion",277081,"0000000000000000000000000000000000000000000000000000000000000000000000000000000000000000000000000000",0.0,0.0,3.6090659737259996e-06,"0000000000000000000000000000000000000000000000000000000000000000000000000000000000000000000000000000",0.0
596,3265134898,"omission",277081,"1111111111111111111111111111111111111111111111111111111111411111111511111411111111111111111111111111",1.0,0.03,0.9999963909340263,"1111111111111111111111111111111111111111111111111111111111411111111511111411111111111111111111111111",0.03
597,467872624,"insertion",277770,"0000000000000000000000000000000000000000000000000000000000000000000000000000000000000000000000000000",0.013333333333333334,0.0,0.013403223541863922,"0000000000000000000000000000000000000000000000000000000000000000000000000000000000000000000000000000",0.0
597,467872624,"omission",277770,"1111111111111111111111111111111111111111111111111111111111111111111111311111111111111111111111111111",1.0,0.01,0.9999963998862365,"1111111111111111111111111111111111111111111111111111111111111111111111311111111111111111111111111111",0.01
598,222694210,"insertion",277341,"0000000000000000000000000000000000000000000000000000000000000000000000000000000000000000000000000000",0.0,0.0,3.6056825557077955e-06,"0000000000000000000000000000000000000000000000000000000000000000000000000000000000000000000000000000",0.0
598,222694210,"omission",277341,"1111111111111111111111111111111111111111111111111111111111111111111111111111111112111111111111111111",1.0,0.01,0.9999963943174442,"1111111111111111111111111111111111111111111111111111111111111111111111111111111112111111111111111111",0.01
599,2292017850,"insertion",276691,"0000000000000000000000000000000000000000000000000000000000000000000000000000000000000000000000000000",0.02033333333333333,0.0,0.017514185550616214,"0000000000000000000000000000000000000000000000000000000000000000000000000000000000000000000000000000",0.0
599,2292017850,"omission",276691,"1111111101111111111111111111111111111111111111111111111111111111111111111111111111111111111111111111",1.0,0.01,0.9987928728902382,"1111111101111111111111111111111111111111111111111111111111111111111111111111111111111111111111111111",0.01
600,3330685730,"insertion",276588,"0000000000000000000000000000000000000000000000000000000000000000000000000000000000000000000000000000",0.0016666666666666668,0.0,0.002628467715402387,"0000000000000000000000000000000000000000000000000000000000000000000000000000000000000000000000000000",0.0
600,3330685730,"omission",276588,"1111111111111111111111111111111111111111111111511111111111111111111111111111111111111111111111111111",0.999,0.01,0.9975125367425077,"1111111111111111111111111111111111111111111111511111111111111111111111111111111111111111111111111111",0.01
601,1596235962,"insertion",276965,"0000000000000000000000000000000000000000000000000000000000000000000000000000000000000000000000000000",0.0,0.0,3.6105775479845756e-06,"0000000000000000000000000000000000000000000000000000000000000000000000000000000000000000000000000000",0.0
601,1596235962,"omission",276965,"1111211111111111111111111111111111111111111111111111111111111111111111111111111111111111111111111111",0.9973333333333333,0.01,0.9972451293308877,"1111211111111111111111111111111111111111111111111111111111111111111111111111111111111111111111111111",0.01
602,1690871050,"insertion",277026,"0000000000000000000000000000000000000000000000000000000000000000000000000000000000000000000000000000",0.0013333333333333333,0.0,0.00031044129591192133,"0000000000000000000000000000000000000000000000000000000000000000000000000000000000000000000000000000",0.0
602,1690871050,"omission",277026,"1111111111111111111111111111111111111111111111111111111111111111111111111111111111111111111111111101",0.997,0.01,0.9956646512047649,"1111111111111111111111111111111111111111111111111111111111111111111111111111111111111111111111111101",0.01
603,2918754476,"insertion",276818,"0000000000000000000000000000000000000000000000000000000000000000000000000000000000000000000000000000",0.002,0.0,0.0030128207443906986,"0000000000000000000000000000000000000000000000000000000000000000000000000000000000000000000000000000",0.0
603,2918754476,"omission",276818,"1111111111111111111111111111111111111121111111111111111111111111111111111111111111141111111111111111",0.9983333333333333,0.02,0.9978650155156655,"1111111111111111111111111111111111111121111111111111111111111111111111111111111111141111111111111111",0.02
604,823453517,"insertion",276634,"0000000000000000000000000000000000000000000000000000000000000000000000000000000000000000000000000000",0.014333333333333333,0.0,0.016567076234577944,"0000000000000000000000000000000000000000000000000000000000000000000000000000000000000000000000000000",0.0
604,823453517,"omission",276634,"1111111111110111111111121111111111111111111111111111111111111111111111111111111111111111111111111111",0.999,0.02,0.9984853578567995,"1111111111110111111111121111111111111111111111111111111111111111111111111111111111111111111111111111",0.02
605,1837534842,"insertion",277339,"0000000000000000000000000000000000000000000000000000000000000000000000000000000000000000000000000000",0.011666666666666667,0.0,0.012400031730235309,"0000000000000000000000000000000000000000000000000000000000000000000000000000000000000000000000000000",0.0
605,1837534842,"omission",277339,"1111111111111111111111111111111111111111111111111111111111111111111111111111111111111111111111111111",0.9953333333333333,0.0,0.9943570661070606,"1111111111111111111111111111111111111111111111111111111111111111111111111111111111111111111111111111",0.0
606,671875903,"insertion",277265,"0000000000000000000000000000000000000000000000000000000000000000000000000000000000000000000000000000",0.0,0.0,3.6066708984938543e-06,"0000000000000000000000000000000000000000000000000000000000000000000000000000000000000000000000000000",0.0
606,671875903,"omission",277265,"1111111111111111111111111111111111111111111111111111111111111111111111111111111111111111111111111111",0.9993333333333333,0.0,0.999130792313463,"1111111111111111111111111111111111111111111111111111111111111111111111111111111111111111111111111111",0.0
607,1274026116,"insertion",277788,"0000000000000000000000000000000000000000000000000000000000000000000000000000000000000000000000000000",0.0,0.0,3.599880483967932e-06,"0000000000000000000000000000000000000000000000000000000000000000000000000000000000000000000000000000",0.0
607,1274026116,"omission",277788,"1111111111111111112111111111111111111111111111111111111111111111111111111111111111111111111111111111",1.0,0.01,0.9999964001195161,"1111111111111111112111111111111111111111111111111111111111111111111111111111111111111111111111111111",0.01
608,1921630613,"insertion",277045,"0000000000000000000000000000000000000000000000000000000000000000000000000000000000000000000000000000",0.0,0.0,7.219069895034724e-06,"0000000000000000000000000000000000000000000000000000000000000000000000000000000000000000000000000000",0.0
608,1921630613,"omission",277045,"1111111111111111111111111111111111111111111111111111111111111111111411111111111111111111111111111111",0.9973333333333333,0.01,0.994369125481873,"1111111111111111111111111111111111111111111111111111111111111111111411111111111111111111111111111111",0.01
609,2386694015,"insertion",276748,"0000000000000000000000000000000000000000000000000000000000000000000000000000000000000000000000000000",0.004333333333333333,0.0,0.005217762071494904,"0000000000000000000000000000000000000000000000000000000000000000000000000000000000000000000000000000",0.0
609,2386694015,"omission",276748,"1111111111111111111111111111111111111111111111111111511111111111111111111111111511111111111111111111",0.9973333333333333,0.02,0.9984173270170951,"1111111111111111111111111111111111111111111111111111511111111111111111111111111511111111111111111111",0.02
610,831095313,"insertion",277089,"0000000000000000000000000000000000000000000000000000000000000000000000000000000000000000000000000000",0.005333333333333333,0.0,0.0038904607922392886,"0000000000000000000000000000000000000000000000000000000000000000000000000000000000000000000000000000",0.0
610,831095313,"omission",277089,"1111111111111111111111111111111112111111111111111111111111111111111111111111111111111111111111111111",0.9986666666666667,0.01,0.9970875678484814,"1111111111111111111111111111111112111111111111111111111111111111111111111111111111111111111111111111",0.01
611,700613305,"insertion",276483,"0000000000000000000000000000000000000000000000000000000000000000000000000000000000000000000000000000",0.0,0.0,1.085061595329895e-05,"0000000000000000000000000000000000000000000000000000000000000000000000000000000000000000000000000000",0.0
611,700613305,"omission",276483,"1111111111111111111111111111111111111111111111111111111111111111111111111111111111111111111111111111",0.9973333333333333,0.0,0.9967375814700414,"1111111111111111111111111111111111111111111111111111111111111111111111111111111111111111111111111111",0.0
612,4053350142,"insertion",277554,"0000000000000000000000000000000000000000000000000000000000000000000000000000000000000000000000000000",0.0,0.0,2.5220408354440414e-05,"0000000000000000000000000000000000000000000000000000000000000000000000000000000000000000000000000000",0.0
612,4053350142,"omission",277554,"1111111111111111111111111111111111111111111111111111111111111111111111111111111111111111111111111111",1.0,0.0,0.9999963970845208,"1111111111111111111111111111111111111111111111111111111111111111111111111111111111111111111111111111",0.0
613,2160539428,"insertion",276719,"0000000000000000000000000000000000000000000000000000000000000000000000000000000000000000000000000000",0.0033333333333333335,0.0,0.004589509898163474,"0000000000000000000000000000000000000000000000000000000000000000000000000000000000000000000000000000",0.0
613,2160539428,"omission",276719,"1111111111111111111111111111111111111111111111111111111111111111111111111111111111111111111111111111",0.997,0.0,0.9967006121755723,"1111111111111111111111111111111111111111111111111111111111111111111111111111111111111111111111111111",0.0
614,3470163721,"insertion",276911,"0000000000000000000000000000000000000000000000000000000000000000000000000000000000000000000000000000",0.0,0.0,3.6112816438554042e-06,"0000000000000000000000000000000000000000000000000000000000000000000000000000000000000000000000000000",0.0
614,3470163721,"omission",276911,"1111111111111111121111111111111111111111111211111111111111111111111111111111111111111111111111111111",1.0,0.02,0.9999963887183562,"1111111111111111121111111111111111111111111211111111111111111111111111111111111111111111111111111111",0.02
615,608680314,"insertion",276737,"0000000000000000000000000000000000000000000000000000000000000000000000000000000000000000000000000000",0.0023333333333333335,0.0,0.0018537523126734505,"0000000000000000000000000000000000000000000000000000000000000000000000000000000000000000000000000000",0.0
615,608680314,"omission",276737,"1111111111111111111111111111111111111111111111111111101111111111111111111111111111111111111111111111",1.0,0.01,0.9999963864477336,"1111111111111111111111111111111111111111111111111111101111111111111111111111111111111111111111111111",0.01
616,922987915,"insertion",277013,"0000000000000000000000000000000000000000000000000000000000000000000000000000000000000000000000000000",0.0,0.0,3.6099519154404863e-06,"0000000000000000000000000000000000000000000000000000000000000000000000000000000000000000000000000000",0.0
616,922987915,"omission",277013,"1111111111111111111111111111111111111111111111111111111111111111111111111111111111111111111111111111",1.0,0.0,0.9999963900480846,"1111111111111111111111111111111111111111111111111111111111111111111111111111111111111111111111111111",0.0
617,2381407626,"insertion",276949,"0000000000000000000000000000000000000000000000000000000000000000000000000000000000000000000000000000",0.0003333333333333333,0.0,0.000935193610352846,"0000000000000000000000000000000000000000000000000000000000000000000000000000000000000000000000000000",0.0
617,2381407626,"omission",276949,"1111111111111111111111111111111111111111111111111111111114111111111111111111111111111111111111111111",0.9983333333333333,0.01,0.9965697531666594,"1111111111111111111111111111111111111111111111111111111114111111111111111111111111111111111111111111",0.01
618,1965252039,"insertion",277322,"0000000000000000000000000000000000000000000000000000000000000000000000000000000000000000000000000000",0.0,0.0,3.6059295906188135e-06,"0000000000000000000000000000000000000000000000000000000000000000000000000000000000000000000000000000",0.0
618,1965252039,"omission",277322,"1111111111121111111111111111111111111111113111151111111111111111111111111111111111111111111111111114",0.9993333333333333,0.04,0.99930044965942,"1111111111121111111111111111111111111111113111151111111111111111111111111111111111111111111111111114",0.04
619,2386166306,"insertion",276741,"0000000000000000000000000000000000000000000000000000000000000000000000000000000000000000000000000000",0.012333333333333333,0.0,0.014009539640095396,"0000000000000000000000000000000000000000000000000000000000000000000000000000000000000000000000000000",0.0
619,2386166306,"omission",276741,"1111111111111111151111111111111111111111111111111111111111111111111111111111111111111111111111111111",0.9946666666666667,0.01,0.9912950784129508,"1111111111111111151111111111111111111111111111111111111111111111111111111111111111111111111111111111",0.01
620,3824717414,"insertion",277415,"0000000000000000000000000000000000000000000000000000000000000000000000000000000000000000000000000000",0.012333333333333333,0.0,0.009952633969446387,"0000000000000000000000000000000000000000000000000000000000000000000000000000000000000000000000000000",0.0
620,3824717414,"omission",277415,"1111111111111111111111111111111211111111111111111111111111111111111111111111111111111111111111111111",1.0,0.01,0.9999963952792578,"1111111111111111111111111111111211111111111111111111111111111111111111111111111111111111111111111111",0.01
621,4194849662,"insertion",277230,"0000000000000000000000000000000000000000000000000000000000000000000000000000000000000000000000000000",0.010333333333333333,0.0,0.009356885462920546,"0000000000000000000000000000000000000000000000000000000000000000000000000000000000000000000000000000",0.0
621,4194849662,"omission",277230,"1111111111111111111111111111111111111111111111111111111111111111111111111111111111111111111111111111",0.9956666666666667,0.0,0.9960321611375433,"1111111111111111111111111111111111111111111111111111111111111111111111111111111111111111111111111111",0.0
622,605910732,"insertion",277723,"0000000000000000000000000000000000000000000000000000000000000000000000000000000000000000000000000000",0.0,0.0,3.600723025183457e-06,"0000000000000000000000000000000000000000000000000000000000000000000000000000000000000000000000000000",0.0
622,605910732,"omission",277723,"1111111111111111111111111112111111111111111111111111111111111111111111111111111111111111111111111111",1.0,0.01,0.9985309050057252,"1111111111111111111111111112111111111111111111111111111111111111111111111111111111111111111111111111",0.01
623,1487731882,"insertion",276637,"0000000000000000000000000000000000000000000000000000000000000000000000000000000000000000000000000000",0.0,0.0,3.614858514437745e-06,"0000000000000000000000000000000000000000000000000000000000000000000000000000000000000000000000000000",0.0
623,1487731882,"omission",276637,"1111111111111111111111111111111111211111111111111111011111111111111111111111111111111111111111111111",0.9993333333333333,0.02,0.9987998669732067,"1111111111111111111111111111111111211111111111111111011111111111111111111111111111111111111111111111",0.02
624,3516202076,"insertion",276347,"0000000000000000000000000000000000000000000000000000000000000000000000000000000000000000000000000000",0.0,0.0,3.6186519797644982e-06,"0000000000000000000000000000000000000000000000000000000000000000000000000000000000000000000000000000",0.0
624,3516202076,"omission",276347,"1111111111111111111111111111111111111111111111111111111111111111111111111111111111111111111111111111",1.0,0.0,0.9995151006347116,"1111111111111111111111111111111111111111111111111111111111111111111111111111111111111111111111111111",0.0
625,344176268,"insertion",277053,"0000000000000000000000000000000000000000000000000000000000000000000000000000000000000000000000000000",0.0016666666666666668,0.0,0.0018769039747051095,"0000000000000000000000000000000000000000000000000000000000000000000000000000000000000000000000000000",0.0
625,344176268,"omission",277053,"1111511111111111111111111111111111111111111111111111111115111111111111111141111111111111121111111111",0.998,0.04,0.9959682658851046,"1111511111111111111111111111111111111111111111111111111115111111111111111141111111111111121111111111",0.04
626,358480548,"insertion",277256,"0000000000000000000000000000000000000000000000000000000000000000000000000000000000000000000000000000",0.004,0.0,0.005071143892806261,"0000000000000000000000000000000000000000000000000000000000000000000000000000000000000000000000000000",0.0
626,358480548,"omission",277256,"1111111111111111111111111111111111113111111111111111111111111111111111111111111111111111111111111111",0.9996666666666667,0.01,0.9993579917404556,"1111111111111111111111111111111111113111111111111111111111111111111111111111111111111111111111111111",0.01
627,3916410244,"insertion",277150,"0000000000000000000000000000000000000000000000000000000000000000000000000000000000000000000000000000",0.0,0.0,3.6081674478349193e-06,"0000000000000000000000000000000000000000000000000000000000000000000000000000000000000000000000000000",0.0
627,3916410244,"omission",277150,"1111111111111111111111111111111111111111111111111151111111111111111111111111131111111111111111111111",1.0,0.02,0.9999927836651044,"1111111111111111111111111111111111111111111111111151111111111111111111111111131111111111111111111111",0.02
628,2092305207,"insertion",277099,"0000000000000000000000000000000000000000000000000000000000000000000000000000000000000000000000000000",0.017333333333333333,0.0,0.015857205753920994,"0000000000000000000000000000000000000000000000000000000000000000000000000000000000000000000000000000",0.0
628,2092305207,"omission",277099,"1111111111111111111111111111111111111111111111111111111111111111111111111111111111111111111111111111",1.0,0.0,0.9999927823369349,"1111111111111111111111111111111111111111111111111111111111111111111111111111111111111111111111111111",0.0
629,1035394445,"insertion",276428,"0000000000000000000000000000000000000000000000000000000000000000000000000000000000000000000000000000",0.0,0.0,3.6175916245518708e-06,"0000000000000000000000000000000000000000000000000000000000000000000000000000000000000000000000000000",0.0
629,1035394445,"omission",276428,"1111111111111111111113111111111111111111111111111111111111111111111111111111111111111111111111111111",1.0,0.01,0.9999963824083754,"1111111111111111111113111111111111111111111111111111111111111111111111111111111111111111111111111111",0.01
630,2261312583,"insertion",277273,"0000000000000000000000000000000000000000000000000000000000000000000000000000000000000000000000000000",0.0,0.0,3.6065668368966215e-06,"0000000000000000000000000000000000000000000000000000000000000000000000000000000000000000000000000000",0.0
630,2261312583,"omission",277273,"1111111111111111111111111111111111111111111111111111111111111111111111111111111111111111111111111111",0.993,0.0,0.9911458784154188,"1111111111111111111111111111111111111111111111111111111111111111111111111111111111111111111111111111",0.0
631,3109186126,"insertion",276768,"0000000000000000000000000000000000000000000000000000000000000000000000000000000000000000000000000000",0.0026666666666666666,0.0,0.002471392904500898,"0000000000000000000000000000000000000000000000000000000000000000000000000000000000000000000000000000",0.0
631,3109186126,"omission",276768,"1111111111111111111111111111111111111111111111111111111111111111111111111111111111111111111111111111",1.0,0.0,0.9999963868524788,"1111111111111111111111111111111111111111111111111111111111111111111111111111111111111111111111111111",0.0
632,2557323648,"insertion",276375,"0000000000000000000000000000000000000000000000000000000000000000000000000000000000000000000000000000",0.010333333333333333,0.0,0.009921338476122935,"0000000000000000000000000000000000000000000000000000000000000000000000000000000000000000000000000000",0.0
632,2557323648,"omission",276375,"1111111111111111111111111111211111111111111111111111111111111111111111111111111111111111111111111111",0.9986666666666667,0.01,0.9975974585163583,"1111111111111111111111111111211111111111111111111111111111111111111111111111111111111111111111111111",0.01
633,2351036864,"insertion",276873,"0000000000000000000000000000000000000000000000000000000000000000000000000000000000000000000000000000",0.012333333333333333,0.0,0.013009621774682886,"0000000000000000000000000000000000000000000000000000000000000000000000000000000000000000000000000000",0.0
633,2351036864,"omission",276873,"1111111111111111111111111111111111111111111111111111111111111111111111111111111111111111111111111111",0.9956666666666667,0.0,0.9952902424224913,"1111111111111111111111111111111111111111111111111111111111111111111111111111111111111111111111111111",0.0
634,1789373675,"insertion",277136,"0000000000000000000000000000000000000000000000000000000000000000000000000000000000000000000000000000",0.006666666666666667,0.0,0.008782723221534632,"0000000000000000000000000000000000000000000000000000000000000000000000000000000000000000000000000000",0.0
634,1789373675,"omission",277136,"1111111111111111111121111111111111111111111111111111111111131111111111111111111111111111111111111111",1.0,0.02,0.9999963916502788,"1111111111111111111121111111111111111111111111111111111111131111111111111111111111111111111111111111",0.02
635,1500008835,"insertion",276965,"0000000000000000000000000000000000000000000000000000000000000000000000000000000000000000000000000000",0.009333333333333334,0.0,0.011969064571568868,"0000000000000000000000000000000000000000000000000000000000000000000000000000000000000000000000000000",0.0
635,1500008835,"omission",276965,"1111111111111111111111111111111111111111111111111111111111111111111111111111111111111111111111411111",0.993,0.01,0.9894896087578169,"1111111111111111111111111111111111111111111111111111111111111111111111111111111111111111111111411111",0.01
636,1224301243,"insertion",277223,"0000000000000000000000000000000000000000000000000000000000000000000000000000000000000000000000000000",0.0,0.0,3.607217320414686e-06,"0000000000000000000000000000000000000000000000000000000000000000000000000000000000000000000000000000",0.0
636,1224301243,"omission",277223,"1111121111111111111111111111111111111111111111111131111111111111111111111111111111111111111111111111",0.999,0.02,0.9981711408185497,"1111121111111111111111111111111111111111111111111131111111111111111111111111111111111111111111111111",0.02
637,1838041881,"insertion",277447,"0000000000000000000000000000000000000000000000000000000000000000000000000000000000000000000000000000",0.015333333333333332,0.0,0.014539766296864976,"0000000000000000000000000000000000000000000000000000000000000000000000000000000000000000000000000000",0.0
637,1838041881,"omission",277447,"1111111111111111111111111111111111111111111111111111111111111111111111111111111111111111111111111111",0.997,0.0,0.9937645523813643,"1111111111111111111111111111111111111111111111111111111111111111111111111111111111111111111111111111",0.0
638,3881546135,"insertion",277297,"0000000000000000000000000000000000000000000000000000000000000000000000000000000000000000000000000000",0.004,0.0,0.003815417460042698,"0000000000000000000000000000000000000000000000000000000000000000000000000000000000000000000000000000",0.0
638,3881546135,"omission",277297,"1111111111111111111111111111111111111111111111111111111111111111111111111211111111111111111111111111",0.9993333333333333,0.01,0.9990118862154521,"1111111111111111111111111111111111111111111111111111111111111111111111111211111111111111111111111111",0.01
639,3790667741,"insertion",277501,"0000000000000000000000000000000000000000000000000000000000000000000000000000000000000000000000000000",0.0,0.0,3.6036036036036035e-06,"0000000000000000000000000000000000000000000000000000000000000000000000000000000000000000000000000000",0.0
639,3790667741,"omission",277501,"1111111111111121111111111111111111111111111111111111111111111111111111111111111111111111111111111111",1.0,0.01,0.9998558558558559,"1111111111111121111111111111111111111111111111111111111111111111111111111111111111111111111111111111",0.01
640,3656703463,"insertion",277838,"0000000000000000000000000000000000000000000000000000000000000000000000000000000000000000000000000000",0.0,0.0,0.00037791942757804035,"0000000000000000000000000000000000000000000000000000000000000000000000000000000000000000000000000000",0.0
640,3656703463,"omission",277838,"1111111111111111111112111111111111111111111111111111111111111111111111111111111111111111111111111111",1.0,0.01,0.9999964007673564,"1111111111111111111112111111111111111111111111111111111111111111111111111111111111111111111111111111",0.01
641,198311296,"insertion",276958,"0000000000000000000000000000000000000000000000000000000000000000000000000000000000000000000000000000",0.0003333333333333333,0.0,0.0003646775492224425,"0000000000000000000000000000000000000000000000000000000000000000000000000000000000000000000000000000",0.0
641,198311296,"omission",276958,"1111111111111111111111111111111511111111111111111111111111111111111111111111111111111111111111111111",0.9983333333333333,0.01,0.9964904299223345,"1111111111111111111111111111111511111111111111111111111111111111111111111111111111111111111111111111",0.01
642,2600439632,"insertion",276768,"0000000000000000000000000000000000000000000000000000000000000000000000000000000000000000000000000000",0.0,0.0,3.613147521200143e-06,"0000000000000000000000000000000000000000000000000000000000000000000000000000000000000000000000000000",0.0
642,2600439632,"omission",276768,"1111111111111111111111111111111111111111111111111111111112111111111111111111111111111111111111111111",1.0,0.01,0.9998988318694064,"1111111111111111111111111111111111111111111111111111111112111111111111111111111111111111111111111111",0.01
643,2632096260,"insertion",277451,"0000000000000000000000000000000000000000000000000000000000000000000000000000000000000000000000000000",0.012333333333333333,0.0,0.014636871508379888,"0000000000000000000000000000000000000000000000000000000000000000000000000000000000000000000000000000",0.0
643,2632096260,"omission",277451,"1111111111111111111111111111111111111111111111111111111111111111111111111111111111111111111111111111",1.0,0.0,0.9999963957469814,"1111111111111111111111111111111111111111111111111111111111111111111111111111111111111111111111111111",0.0
644,1791544635,"insertion",277774,"0000000000000000000000000000000000000000000000000000000000000000000000000000000000000000000000000000",0.0,0.0,3.6000619210650423e-06,"0000000000000000000000000000000000000000000000000000000000000000000000000000000000000000000000000000",0.0
644,1791544635,"omission",277774,"3111111111111111111151111111111111111113111101111111111111111111111111541111101111311111111111121121",0.9943333333333333,0.1,0.9919394613587353,"3111111111111111111151111111111111111113111101111111111111111111111111541111101111311111111111121121",0.1
645,3481351418,"insertion",277580,"0000000000000000000000000000000000000000000000000000000000000000000000000000000000000000000000000000",0.029333333333333333,0.0,0.021853238177239633,"0000000000000000000000000000000000000000000000000000000000000000000000000000000000000000000000000000",0.0
645,3481351418,"omission",277580,"1111111111111111111111111111111111111111111111111111111111111111111111111111111111111111111111111111",0.9966666666666667,0.0,0.9959651126346013,"1111111111111111111111111111111111111111111111111111111111111111111111111111111111111111111111111111",0.0
646,2248933140,"insertion",277171,"0000000000000000000000000000000000000000000000000000000000000000000000000000000000000000000000000000",0.006333333333333333,0.0,0.0061622830753689075,"0000000000000000000000000000000000000000000000000000000000000000000000000000000000000000000000000000",0.0
646,2248933140,"omission",277171,"1111111111111111111111111111111111111111111111111111111111111111111111111111112111111111111111511111",1.0,0.02,0.9999963921059277,"1111111111111111111111111111111111111111111111111111111111111111111111111111112111111111111111511111",0.02
647,3770597710,"insertion",276895,"0000000000000000000000000000000000000000000000000000000000000000000000000000000000000000000000000000",0.0,0.0,3.6114903175944587e-06,"0000000000000000000000000000000000000000000000000000000000000000000000000000000000000000000000000000",0.0
647,3770597710,"omission",276895,"1111111111111111111111111111111111111111111111111111111111111111111111111111111111111111111111111111",0.998,0.0,0.9962946109341481,"1111111111111111111111111111111111111111111111111111111111111111111111111111111111111111111111111111",0.0
648,574843893,"insertion",276751,"0000000000000000000000000000000000000000000000000000000000000000000000000000000000000000000000000000",0.01,0.0,0.009626016260162601,"0000000000000000000000000000000000000000000000000000000000000000000000000000000000000000000000000000",0.0
648,574843893,"omission",276751,"1111111111111111111111111111111111111111111111111111111111111111111111111111111111111111111111111111",1.0,0.0,0.9977416440831075,"1111111111111111111111111111111111111111111111111111111111111111111111111111111111111111111111111111",0.0
649,2547908964,"insertion",277062,"0000000000000000000000000000000000000000000000000000000000000000000000000000000000000000000000000000",0.005666666666666667,0.0,0.00720418969107886,"0000000000000000000000000000000000000000000000000000000000000000000000000000000000000000000000000000",0.0
649,2547908964,"omission",277062,"1111111111111111111111111111111111111111111111111131111111111111111111111111111111111111111111111111",0.999,0.01,0.9992167789764709,"1111111111111111111111111111111111111111111111111131111111111111111111111111111111111111111111111111",0.01
650,167711457,"insertion",276936,"0000000000000000000000000000000000000000000000000000000000000000000000000000000000000000000000000000",0.008333333333333333,0.0,0.010251503060284904,"0000000000000000000000000000000000000000000000000000000000000000000000000000000000000000000000000000",0.0
650,167711457,"omission",276936,"1111111111111111111111111111111111111111111111111111111111111111111111114111111111111111111111111111",1.0,0.01,0.9999963890443606,"1111111111111111111111111111111111111111111111111111111111111111111111114111111111111111111111111111",0.01
651,2449566616,"insertion",277059,"0000000000000000000000000000000000000000000000000000000000000000000000000000000000000000000000000000",0.0,0.0,6.135899342375964e-05,"0000000000000000000000000000000000000000000000000000000000000000000000000000000000000000000000000000",0.0
651,2449566616,"omission",277059,"1111111111111111111111111111111111111111111111111111111111111111111111111111111111111111111112111111",0.999,0.01,0.9988847100607093,"1111111111111111111111111111111111111111111111111111111111111111111111111111111111111111111112111111",0.01
652,1347641874,"insertion",276979,"0000000000000000000000000000000000000000000000000000000000000000000000000000000000000000000000000000",0.011,0.0,0.010946717789860566,"0000000000000000000000000000000000000000000000000000000000000000000000000000000000000000000000000000",0.0
652,1347641874,"omission",276979,"1111111111111111111111111111111111111111111111111211111111111111111111111111111111111111111111111111",0.9943333333333333,0.01,0.9935518344417246,"1111111111111111111111111111111111111111111111111211111111111111111111111111111111111111111111111111",0.01
653,2046348690,"insertion",277040,"0000000000000000000000000000000000000000000000000000000000000000000000000000000000000000000000000000",0.0,0.0,0.0010395648266128595,"0000000000000000000000000000000000000000000000000000000000000000000000000000000000000000000000000000",0.0
653,2046348690,"omission",277040,"1111111111111112111111111111111111111111111111111111111111111111111111111111111111111111111111111111",0.9986666666666667,0.01,0.9976140543389198,"1111111111111112111111111111111111111111111111111111111111111111111111111111111111111111111111111111",0.01
654,3503974547,"insertion",276735,"0000000000000000000000000000000000000000000000000000000000000000000000000000000000000000000000000000",0.0036666666666666666,0.0,0.005470957670542832,"0000000000000000000000000000000000000000000000000000000000000000000000000000000000000000000000000000",0.0
654,3503974547,"omission",276735,"1111111111111111111111111111111111111111111111111111111111111011111111111111111111111111111111111111",0.998,0.01,0.997557221013681,"1111111111111111111111111111111111111111111111111111111111111011111111111111111111111111111111111111",0.01
655,346821485,"insertion",277013,"0000000000000000000000000000000000000000000000000000000000000000000000000000000000000000000000000000",0.0013333333333333333,0.0,0.0027146838404112457,"0000000000000000000000000000000000000000000000000000000000000000000000000000000000000000000000000000",0.0
655,346821485,"omission",277013,"1111111111111111111111111111111111111111111111113111111111111111111111111111111111111111111111111111",1.0,0.01,0.9999963900480846,"1111111111111111111111111111111111111111111111113111111111111111111111111111111111111111111111111111",0.01
656,3419574801,"insertion",276574,"0000000000000000000000000000000000000000000000000000000000000000000000000000000000000000000000000000",0.0006666666666666666,0.0,0.0012148691303923377,"0000000000000000000000000000000000000000000000000000000000000000000000000000000000000000000000000000",0.0
656,3419574801,"omission",276574,"1111111111111111111111111111111121111111111111111111111111111111111111111111111111111111111111111111",1.0,0.01,0.9999927686361286,"1111111111111111111111111111111121111111111111111111111111111111111111111111111111111111111111111111",0.01
657,3855482930,"insertion",276740,"0000000000000000000000000000000000000000000000000000000000000000000000000000000000000000000000000000",0.006,0.0,0.007302909962094248,"0000000000000000000000000000000000000000000000000000000000000000000000000000000000000000000000000000",0.0
657,3855482930,"omission",276740,"1111111111111111111111111111111111111111111111111111111111111111111111111111111111111111111111111111",0.9996666666666667,0.0,0.9990424190302054,"1111111111111111111111111111111111111111111111111111111111111111111111111111111111111111111111111111",0.0
658,575217701,"insertion",276689,"0000000000000000000000000000000000000000000000000000000000000000000000000000000000000000000000000000",0.01,0.0,0.008739085178974152,"0000000000000000000000000000000000000000000000000000000000000000000000000000000000000000000000000000",0.0
658,575217701,"omission",276689,"1111311111111111111111111111111111111111111111111111111111111111111111111111111111111111111111111111",0.9976666666666667,0.01,0.9962665529404962,"1111311111111111111111111111111111111111111111111111111111111111111111111111111111111111111111111111",0.01
659,3807387772,"insertion",276676,"0000000000000000000000000000000000000000000000000000000000000000000000000000000000000000000000000000",0.0036666666666666666,0.0,0.004145658263305322,"0000000000000000000000000000000000000000000000000000000000000000000000000000000000000000000000000000",0.0
659,3807387772,"omission",276676,"1111111111111111111111111111111111111111111111111111111111111111131111111111111111111111111111111111",0.9996666666666667,0.01,0.9995265202855336,"1111111111111111111111111111111111111111111111111111111111111111131111111111111111111111111111111111",0.01
660,760113567,"insertion",277073,"0000000000000000000000000000000000000000000000000000000000000000000000000000000000000000000000000000",0.005333333333333333,0.0,0.004428451810359762,"0000000000000000000000000000000000000000000000000000000000000000000000000000000000000000000000000000",0.0
660,760113567,"omission",277073,"1111111111111111111111111111111111111111111111111111111111111111111111111111111111111111111111111111",1.0,0.0,0.9999891724894612,"1111111111111111111111111111111111111111111111111111111111111111111111111111111111111111111111111111",0.0
661,4064553748,"insertion",277678,"0000000000000000000000000000000000000000000000000000000000000000000000000000000000000000000000000000",0.019666666666666666,0.0,0.01977117298155771,"0000000000000000000000000000000000000000000000000000000000000000000000000000000000000000000000000000",0.0
661,4064553748,"omission",277678,"1111211111111111111111111111111111111411111111111111111111111111211111111111111211111111112111111211",0.9906666666666667,0.06,0.9870749107776301,"1111211111111111111111111111111111111411111111111111111111111111211111111111111211111111112111111211",0.06
662,342453129,"insertion",276525,"0000000000000000000000000000000000000000000000000000000000000000000000000000000000000000000000000000",0.0,0.0,3.6163226338401007e-06,"0000000000000000000000000000000000000000000000000000000000000000000000000000000000000000000000000000",0.0
662,342453129,"omission",276525,"1111114111111111111111111111111111111111111111111111111111111111111111111111111111111111111111111111",1.0,0.01,0.9999963836773662,"1111114111111111111111111111111111111111111111111111111111111111111111111111111111111111111111111111",0.01
663,1850619829,"insertion",277283,"0000000000000000000000000000000000000000000000000000000000000000000000000000000000000000000000000000",0.0,0.0,3.6064367683441405e-06,"0000000000000000000000000000000000000000000000000000000000000000000000000000000000000000000000000000",0.0
663,1850619829,"omission",277283,"1111111111111111111111111111111111111111011111011111111111111111111111111111111111111111111111111111",1.0,0.02,0.9999963935632317,"1111111111111111111111111111111111111111014111011111111111111111111111111111111111111111111111111111",0.03
664,3286431635,"insertion",277445,"0000000000000000000000000000000000000000000000000000000000000000000000000000000000000000000000000000",0.011333333333333334,0.0,0.010337221204999927,"0000000000000000000000000000000000000000000000000000000000000000000000000000000000000000000000000000",0.0
664,3286431635,"omission",277445,"1111111111111111151111111111111111111111111111111111111111111111111111111111111111111111111111111111",0.999,0.01,0.9979743659981835,"1111111111111111111111111111111111111111111111111111111111111111111111111111111111111111111111111111",0.0
665,1733445614,"insertion",276977,"0000000000000000000000000000000000000000000000000000000000000000000000000000000000000000000000000000",0.005666666666666667,0.0,0.005628646525330715,"0000000000000000000000000000000000000000000000000000000000000000000000000000000000000000000000000000",0.0
665,1733445614,"omission",276977,"1111111111111111111111111111111111111111111111111111111111111111111111111111111111111111111111111111",0.9976666666666667,0.0,0.998700248396973,"1111111111111111111111111111111111111111111111111111111111111111111111111111111111111111111111111111",0.0
666,2838721675,"insertion",276662,"0000000000000000000000000000000000000000000000000000000000000000000000000000000000000000000000000000",0.0,0.0,3.6145318639056463e-06,"0000000000000000000000000000000000000000000000000000000000000000000000000000000000000000000000000000",0.0
666,2838721675,"omission",276662,"1111111111111111111111111111111111111111111111111111111111111111111111111111111111111111111111111111",1.0,0.0,0.9997758990244379,"1111111111111111111111111111111111111111111111111111111111111111111111111111111111111111111111111111",0.0
667,3940119273,"insertion",276550,"0000000000000000000000000000000000000000000000000000000000000000000000000000000000000000000000000000",0.009333333333333334,0.0,0.01119512274497467,"0000000000000000000000000000000000000000000000000000000000000000000000000000000000000000000000000000",0.0
667,3940119273,"omission",276550,"1111111111111111111111111111111111111111111114111111111111111111111111111111111111111111111111111111",0.9993333333333333,0.01,0.9980003543675804,"1111111111111111111111111111111111111111111114111111111111111111111111111111111111111111111111111111",0.01
668,778498555,"insertion",276961,"0000000000000000000000000000000000000000000000000000000000000000000000000000000000000000000000000000",0.009666666666666667,0.0,0.007546216060080878,"0000000000000000000000000000000000000000000000000000000000000000000000000000000000000000000000000000",0.0
668,778498555,"omission",276961,"1111111111111111111111111111111411111111111111111111111111411111111111111111111111111111111111111111",0.992,0.02,0.9891861640670133,"1111111111111111111111111111111411111111111111111111111111411111111111111111111111111111111111111111",0.02
669,1595364276,"insertion",277097,"0000000000000000000000000000000000000000000000000000000000000000000000000000000000000000000000000000",0.020666666666666667,0.0,0.021061292837139475,"0000000000000000000000000000000000000000000000000000000000000000000000000000000000000000000000000000",0.0
669,1595364276,"omission",277097,"1111111111111111111111111111111111111111110111111111111111111111111111111111111111111111111111111111",0.9946666666666667,0.01,0.9939262926927852,"1111111111111111111111111111111111111111110111111111111111111111111111111111111111111111111111111111",0.01
670,3182946342,"insertion",276820,"0000000000000000000000000000000000000000000000000000000000000000000000000000000000000000000000000000",0.0,0.0,3.612468797300763e-06,"0000000000000000000000000000000000000000000000000000000000000000000000000000000000000000000000000000",0.0
670,3182946342,"omission",276820,"1111111111111111151111111111111111111111111111111111111111111111111111111111111111111111111111111111",1.0,0.01,0.9999963875312027,"1111111111111111151111111111111111111111111111111111111111111111111111111111111111111111111111111111",0.01
671,603159289,"insertion",276669,"0000000000000000000000000000000000000000000000000000000000000000000000000000000000000000000000000000",0.013,0.0,0.007998756632498157,"0000000000000000000000000000000000000000000000000000000000000000000000000000000000000000000000000000",0.0
671,603159289,"omission",276669,"1111111111111111111111111111111111111111111111121111111111111111111111111111111111111111111111111111",1.0,0.01,0.9999855422383507,"1111111111111111111111111111111111111111111111121111111111111111111111111111111111111111111111111111",0.01
672,2517582660,"insertion",276842,"0000000000000000000000000000000000000000000000000000000000000000000000000000000000000000000000000000",0.017,0.0,0.015550442311651815,"0000000000000000000000000000000000000000000000000000000000000000000000000000000000000000000000000000",0.0
672,2517582660,"omission",276842,"1111111111111111111111111111111111111111111111111111111111111111111112111111111111111111111111111111",0.9993333333333333,0.01,0.9987754703963647,"1111111111111111111111111111111111111111111111111111111111111111111112111111111111111111111111111111",0.01
673,792817757,"insertion",276684,"0000000000000000000000000000000000000000000000000000000000000000000000000000000000000000000000000000",0.0036666666666666666,0.0,0.004192523573909492,"0000000000000000000000000000000000000000000000000000000000000000000000000000000000000000000000000000",0.0
673,792817757,"omission",276684,"1111111111111111111111111111111111111111111111111111111111111111111111111111111111111111111111111111",0.999,0.0,0.9960930017384516,"1111111111111111111111111111111111111111111111111111111111111111111111111111111111111111111111111111",0.0
674,1440474079,"insertion",277088,"0000000000000000000000000000000000000000000000000000000000000000000000000000000000000000000000000000",0.011333333333333334,0.0,0.008888904928776883,"0000000000000000000000000000000000000000000000000000000000000000000000000000000000000000000000000000",0.0
674,1440474079,"omission",277088,"1111111111111111111111111111111111111111111111111111111111111111111111111111111111111111111111111111",1.0,0.0,0.9999963910252014,"1111111111111111111111111111111111111111111111111111111111111111111111111111111111111111111111111111",0.0
675,3699014981,"insertion",277001,"0000000000000000000000000000000000000000000000000000000000000000000000000000000000000000000000000000",0.0,0.0,7.220216606498195e-06,"0000000000000000000000000000000000000000000000000000000000000000000000000000000000000000000000000000",0.0
675,3699014981,"omission",277001,"1111111111111111111111111111111111111111111111111111111111111111111111111111111111111111111111111111",1.0,0.0,0.9999963898916967,"1111111111111111111111111111111111111111111111111111111111111111111111111111111111111111111111111111",0.0
676,2599047921,"insertion",276928,"0000000000000000000000000000000000000000000000000000000000000000000000000000000000000000000000000000",0.0,0.0,7.222119908856847e-06,"0000000000000000000000000000000000000000000000000000000000000000000000000000000000000000000000000000",0.0
676,2599047921,"omission",276928,"1111111111111111111111111111111121111111111111111111111111111111111111111111111111511111111111111111",0.9983333333333333,0.02,0.9977033658689836,"1111111111111111111111111111111121111111111111111111111111111111111111111111111111511111111111111111",0.02
677,3893162874,"insertion",277231,"0000000000000000000000000000000000000000000000000000000000000000000000000000000000000000000000000000",0.004333333333333333,0.0,0.0071709410958409985,"0000000000000000000000000000000000000000000000000000000000000000000000000000000000000000000000000000",0.0
677,3893162874,"omission",277231,"1111111111111111111111111111111111111111111111111111111111111111111111111111111111111111111111111111",0.9993333333333333,0.0,0.9972261299282185,"1111111111111111111111111111111111111111111111111111111111111111111111111111111111111111111111111111",0.0
678,3753607102,"insertion",277290,"0000000000000000000000000000000000000000000000000000000000000000000000000000000000000000000000000000",0.0,0.0,3.6063457259393628e-06,"0000000000000000000000000000000000000000000000000000000000000000000000000000000000000000000000000000",0.0
678,3753607102,"omission",277290,"1111111111111111111111111111111111111111111111111111111111111111111111111111111111111111111111111111",0.9993333333333333,0.0,0.9991777531744859,"1111111111111111111111111111111111111111111111111111111111111111111111111111111111111111111111111111",0.0
679,2206264653,"insertion",277354,"0000000000000000000000000000000000000000000000000000000000000000000000000000000000000000000000000000",0.0,0.0,1.0816540653968048e-05,"0000000000000000000000000000000000000000000000000000000000000000000000000000000000000000000000000000",0.0
679,2206264653,"omission",277354,"1111111111111111112111111111111122111111111111111111111211111111111111111111111141111111111111111111",0.9923333333333333,0.05,0.9878674468997992,"1111111111111111112111111111111122111111111111111111111211111111111111111111111141111111111111111111",0.05
680,2852047891,"insertion",277175,"0000000000000000000000000000000000000000000000000000000000000000000000000000000000000000000000000000",0.008,0.0,0.010372545765475838,"0000000000000000000000000000000000000000000000000000000000000000000000000000000000000000000000000000",0.0
680,2852047891,"omission",277175,"1111111111111115111111111111111111111111111111111111111111111111111111111111111111111111111111111111",0.9986666666666667,0.01,0.9961396090542403,"1111111111111115111111111111111111111111111111111111111111111111111111111111111111111111111111111111",0.01
681,2493529550,"insertion",276403,"0000000000000000000000000000000000000000000000000000000000000000000000000000000000000000000000000000",0.0,0.0,3.6179188283731665e-06,"0000000000000000000000000000000000000000000000000000000000000000000000000000000000000000000000000000",0.0
681,2493529550,"omission",276403,"1111111111111111111111111111111111111111111111111511111111111111111111111111111111111111111111111111",1.0,0.01,0.9999963820811716,"1111111111111111111111111111111111111111111111111511111111111111111111111111111111111111111111111111",0.01
682,3365396362,"insertion",276882,"0000000000000000000000000000000000000000000000000000000000000000000000000000000000000000000000000000",0.0033333333333333335,0.0,0.0038572527547935755,"0000000000000000000000000000000000000000000000000000000000000000000000000000000000000000000000000000",0.0
682,3365396362,"omission",276882,"1111111111111111111111111111111111111111111111111111111111111111111111111111111111111111111111111111",1.0,0.0,0.9999927766802345,"1111111111111111111111111111111111111111111111111111111111111111111111111111111111111111111111111111",0.0
683,1970980805,"insertion",277405,"0000000000000000000000000000000000000000000000000000000000000000000000000000000000000000000000000000",0.0,0.0,3.604850687084541e-06,"0000000000000000000000000000000000000000000000000000000000000000000000000000000000000000000000000000",0.0
683,1970980805,"omission",277405,"1111111111111111111111111114111111111111111111111111111111111111111111111111111111111111111111111111",1.0,0.01,0.9991997231474672,"1111111111111111111111111114111111111111111111111111111111111111111111111111111111111111111111111111",0.01
684,2313636477,"insertion",276113,"0000000000000000000000000000000000000000000000000000000000000000000000000000000000000000000000000000",0.005333333333333333,0.0,0.008025728689807035,"0000000000000000000000000000000000000000000000000000000000000000000000000000000000000000000000000000",0.0
684,2313636477,"omission",276113,"1111111111111111111111111111111111111111111111111111111111111111111111111111111111111111111111111111",0.9996666666666667,0.0,0.9991199223503506,"1111111111111111111111111111111111111111111111111111111111111111111111111111111111111111111111111111",0.0
685,495367580,"insertion",277150,"0000000000000000000000000000000000000000000000000000000000000000000000000000000000000000000000000000",0.0,0.0,3.6081674478349193e-06,"0000000000000000000000000000000000000000000000000000000000000000000000000000000000000000000000000000",0.0
685,495367580,"omission",277150,"1111311111111111111111111111111111111111111111111111111211111111111111111111111111111111111111111111",0.9993333333333333,0.02,0.9991953786591328,"1111311111111111111111111111111111111111111111111111111211111111111111111111111111111111111111111111",0.02
686,365788210,"insertion",276961,"0000000000000000000000000000000000000000000000000000000000000000000000000000000000000000000000000000",0.041,0.0,0.041655834777585214,"0000000000000000000000000000000000000000000000000000000000000000000000000000000000000000000000000000",0.0
686,365788210,"omission",276961,"1111111111121111111111111111111111111111111111111111111111111111111111111111111111111111111111111111",0.9993333333333333,0.01,0.9989781917966494,"1111111111121111111111111111111111111111111111111111111111111111111111111111111111111111111111111111",0.01
687,2834232715,"insertion",276894,"0000000000000000000000000000000000000000000000000000000000000000000000000000000000000000000000000000",0.0,0.0,3.611503360503877e-06,"0000000000000000000000000000000000000000000000000000000000000000000000000000000000000000000000000000",0.0
687,2834232715,"omission",276894,"1111111111111111111111111111111111111111111112111111111111111111111111111111111111111111111111111111",1.0,0.01,0.9999963884966395,"1111111111111111111111111111111111111111111112111111111111111111111111111111111111111111111111111111",0.01
688,2667472827,"insertion",276117,"0000000000000000000000000000000000000000000000000000000000000000000000000000000000000000000000000000",0.002,0.0,0.003013226325167683,"0000000000000000000000000000000000000000000000000000000000000000000000000000000000000000000000000000",0.0
688,2667472827,"omission",276117,"1111111111111111111111111111111111111111111111111111111111111111111111111111111111111111111111111111",1.0,0.0,0.9999963783337438,"1111111111111111111111111111111111111111111111111111111111111111111111111111111111111111111111111111",0.0
689,4041778758,"insertion",277361,"0000000000000000000000000000000000000000000000000000000000000000000000000000000000000000000000000000",0.010666666666666666,0.0,0.014775021632535332,"0000000000000000000000000000000000000000000000000000000000000000000000000000000000000000000000000000",0.0
689,4041778758,"omission",277361,"1111111111111111111111111111111111111111111211111111111111111111111111111111111111111111111111111111",1.0,0.01,0.999992789154889,"1111111111111111111111111111111111111111111211111111111111111111111111111111111111111111111111111111",0.01
690,1836915829,"insertion",277213,"0000000000000000000000000000000000000000000000000000000000000000000000000000000000000000000000000000",0.0,0.0,3.607347445276539e-06,"0000000000000000000000000000000000000000000000000000000000000000000000000000000000000000000000000000",0.0
690,1836915829,"omission",277213,"1111111111111111111111111111111111111111111111111111111111111111111111111111111111111111111111111114",0.9996666666666667,0.01,0.9997150195518232,"1111111111111111111111111111111111111111111111111111111111111111111111111111111111111111111111111114",0.01
691,1673323156,"insertion",277139,"0000000000000000000000000000000000000000000000000000000000000000000000000000000000000000000000000000",0.004,0.0,0.00382480930078156,"0000000000000000000000000000000000000000000000000000000000000000000000000000000000000000000000000000",0.0
691,1673323156,"omission",277139,"1111111111111111111111111111111111111111111111111111111111111111111111111111111111111111111111111111",0.9986666666666667,0.0,0.9994154536728994,"1111111111111111111111111111111111111111111111111111111111111111111111111111111111111111111111111111",0.0
692,4024043482,"insertion",277610,"0000000000000000000000000000000000000000000000000000000000000000000000000000000000000000000000000000",0.028,0.0,0.025316182112251406,"0000000000000000000000000000000000000000000000000000000000000000000000000000000000000000000000000000",0.0
692,4024043482,"omission",277610,"1111111111111111111111111111111111111111111111111111111111111111111111111111111111111111111111111111",1.0,0.0,0.9999963978113101,"1111111111111111111111111111111111111111111111111111111111111111111111111111111111111111111111111111",0.0
693,570084515,"insertion",277152,"0000000000000000000000000000000000000000000000000000000000000000000000000000000000000000000000000000",0.0,0.0,3.6081414102781515e-06,"0000000000000000000000000000000000000000000000000000000000000000000000000000000000000000000000000000",0.0
693,570084515,"omission",277152,"1111111111111111111111112111111111111111111111111111111111111111111111111111111111111111111111111111",0.9963333333333333,0.01,0.9963485608927986,"1111111111111111111111112111111111111111111111111111111111111111111111111111111111111111111111111111",0.01
694,2033520516,"insertion",276837,"0000000000000000000000000000000000000000000000000000000000000000000000000000000000000000000000000000",0.012333333333333333,0.0,0.01019014868008496,"0000000000000000000000000000000000000000000000000000000000000000000000000000000000000000000000000000",0.0
694,2033520516,"omission",276837,"1111111011111111111111111111111111111111111111111111111111111111111111111111111111111111111111111111",1.0,0.01,0.9999711020243032,"1111111011111111111111111111111111111111111111111111111111111111111111111111111111111111111111111111",0.01
695,2663473275,"insertion",276866,"0000000000000000000000000000000000000000000000000000000000000000000000000000000000000000000000000000",0.008333333333333333,0.0,0.008704603326530981,"0000000000000000000000000000000000000000000000000000000000000000000000000000000000000000000000000000",0.0
695,2663473275,"omission",276866,"1011111111111111111111111111111111110111111111111111111111111111111111111111131141111111111111111111",1.0,0.04,0.9996207537969769,"1011111111111111111111111111111111110111111111111111111111111111111111111111131141111111111111111111",0.04
696,389021412,"insertion",276693,"0000000000000000000000000000000000000000000000000000000000000000000000000000000000000000000000000000",0.0,0.0,3.6141268992236854e-06,"0000000000000000000000000000000000000000000000000000000000000000000000000000000000000000000000000000",0.0
696,389021412,"omission",276693,"1111111111111111111111111111111111111111111111111111111111111111111111111111111111111111111111111111",1.0,0.0,0.9999963858731008,"1111111111111111111111111111111111111111111111111111111111111111111111111111111111111111111111111111",0.0
697,790611231,"insertion",276775,"0000000000000000000000000000000000000000000000000000000000000000000000000000000000000000000000000000",0.0,0.0,3.613056139666298e-06,"0000000000000000000000000000000000000000000000000000000000000000000000000000000000000000000000000000",0.0
697,790611231,"omission",276775,"1111111111111111111111111111111111111111111111111111111111111111111111111111111111111011111111111111",0.998,0.01,0.9978719099337365,"1111111111111111111111111111111111111111111111111111111111111111111111111111111111111011111111111111",0.01
698,3349960746,"insertion",278013,"0000000000000000000000000000000000000000000000000000000000000000000000000000000000000000000000000000",0.014333333333333333,0.0,0.014348301512164943,"0000000000000000000000000000000000000000000000000000000000000000000000000000000000000000000000000000",0.0
698,3349960746,"omission",278013,"1111111111111111111111111111111111111111111111111111111111111111111111111111111111111111111111111111",0.9996666666666667,0.0,0.9992878005265959,"1111111111111111111111111111111111111111111111111111111111111111111111111111111111111111111111111111",0.0
699,1585056989,"insertion",276853,"0000000000000000000000000000000000000000000000000000000000000000000000000000000000000000000000000000",0.005666666666666667,0.0,0.005804545388872033,"0000000000000000000000000000000000000000000000000000000000000000000000000000000000000000000000000000",0.0
699,1585056989,"omission",276853,"1111111111111111111111111111111111111131111111111111111111111111111111111111111111111111111111111111",1.0,0.01,0.9999963879617991,"1111111111111111111111111111111111111131111111111111111111111111111111111111111111111111111111111111",0.01
700,1255928208,"insertion",276640,"0000000000000000000000000000000000000000000000000000000000000000000000000000000000000000000000000000",0.0,0.0,1.4459277253026508e-05,"0000000000000000000000000000000000000000000000000000000000000000000000000000000000000000000000000000",0.0
700,1255928208,"omission",276640,"1111111111111111111111111111111111111111111111111111111111111111111111111111111111111111111111111111",1.0,0.0,0.9999963851806868,"1111111111111111111111111111111111111111111111111111111111111111111111111111111111111111111111111111",0.0
701,1711758998,"insertion",276773,"0000000000000000000000000000000000000000000000000000000000000000000000000000000000000000000000000000",0.0,0.0,3.613082248204298e-06,"0000000000000000000000000000000000000000000000000000000000000000000000000000000000000000000000000000",0.0
701,1711758998,"omission",276773,"1111111111111111111111111111111111111111111111111111111111111111111111111111111111111111111111111111",1.0,0.0,0.999981934588759,"1111111111111111111111111111111111111111111111111111111111111111111111111111111111111111111111111111",0.0
702,2046586352,"insertion",276932,"0000000000000000000000000000000000000000000000000000000000000000000000000000000000000000000000000000",0.0,0.0,3.611007796165832e-06,"0000000000000000000000000000000000000000000000000000000000000000000000000000000000000000000000000000",0.0
702,2046586352,"omission",276932,"1111111151111111111111111111111111111111111111111111111111111111111111111111111111111111111111111111",0.9996666666666667,0.01,0.9987000371933803,"1111111151111111111111111111111111111111111111111111111111111111111111111111111111111111111111111111",0.01
703,2407805257,"insertion",276828,"0000000000000000000000000000000000000000000000000000000000000000000000000000000000000000000000000000",0.0,0.0,3.612364400871302e-06,"0000000000000000000000000000000000000000000000000000000000000000000000000000000000000000000000000000",0.0
703,2407805257,"omission",276828,"1111111111111111111111111111111111111111111111111111111111111111111111111111111111111111111111111111",0.9993333333333333,0.0,0.9984539080364271,"1111111111111111111111111111111111111111111111111111111111111111111111111111111111111111111111111111",0.0
704,642061813,"insertion",276489,"0000000000000000000000000000000000000000000000000000000000000000000000000000000000000000000000000000",0.03166666666666667,0.0,0.032844101733167444,"0000000000000000000000000000000000000000000000000000000000000000000000000000000000000000000000000000",0.0
704,642061813,"omission",276489,"1111111111111111111111111111111111111111111111111111111111111111111111111111111111111111111111111111",0.9946666666666667,0.0,0.9956634645988253,"1111111111111111111111111111111111111111111111111111111111111111111111111111111111111111111111111111",0.0
705,2547435809,"insertion",277108,"0000000000000000000000000000000000000000000000000000000000000000000000000000000000000000000000000000",0.004666666666666667,0.0,0.004409848903131282,"0000000000000000000000000000000000000000000000000000000000000000000000000000000000000000000000000000",0.0
705,2547435809,"omission",277108,"1011111111111111111111111111111111111111111111111111111111111111111111111111111111111411111111111111",0.9966666666666667,0.02,0.9952112360929172,"1011111111111111111111111111111111111111111111111111111111111111111111111111111111111411111111111111",0.02
706,2657218429,"insertion",277638,"0000000000000000000000000000000000000000000000000000000000000000000000000000000000000000000000000000",0.0013333333333333333,0.0,0.0017576907976962724,"0000000000000000000000000000000000000000000000000000000000000000000000000000000000000000000000000000",0.0
706,2657218429,"omission",277638,"1111111111111111111111111111111111111111111111111111111111111111111111111111111111111111111111111111",1.0,0.0,0.9999963981745948,"1111111111111111111111111111111111111111111111111111111111111111111111111111111111111111111111111111",0.0
707,321165327,"insertion",276473,"0000000000000000000000000000000000000000000000000000000000000000000000000000000000000000000000000000",0.0,0.0,0.00024233918805520994,"0000000000000000000000000000000000000000000000000000000000000000000000000000000000000000000000000000",0.0
707,321165327,"omission",276473,"1111111111111111111111111111111111111111112111111111111111111111111111111111111111111111111111111111",0.9973333333333333,0.01,0.9946070488150699,"1111111111111111111111111111111111111111112111111111111111111111111111111111111111111111111111111111",0.01
708,3100345992,"insertion",277613,"0000000000000000000000000000000000000000000000000000000000000000000000000000000000000000000000000000",0.0013333333333333333,0.0,0.0016533867412071525,"0000000000000000000000000000000000000000000000000000000000000000000000000000000000000000000000000000",0.0
708,3100345992,"omission",277613,"1111111111111111111111111111111111111111111111111111111111111111111111111111111111111111111111111111",0.9976666666666667,0.0,0.9946940333991326,"1111111111111111111111111111111111111111111111111111111111111111111111111111111111111111111111111111",0.0
709,3339094855,"insertion",277235,"0000000000000000000000000000000000000000000000000000000000000000000000000000000000000000000000000000",0.004,0.0,0.004819033740450306,"0000000000000000000000000000000000000000000000000000000000000000000000000000000000000000000000000000",0.0
709,3339094855,"omission",277235,"1111111111111111111111111111111111111111111111111111111111111111111411111111111111111111111111111111",0.998,0.01,0.9952062156878305,"1111111111111111111111111111111111111111111111111111111111111111111411111111111111111111111111111111",0.01
710,1628164298,"insertion",277405,"0000000000000000000000000000000000000000000000000000000000000000000000000000000000000000000000000000",0.022333333333333334,0.0,0.020619745930123574,"0000000000000000000000000000000000000000000000000000000000000000000000000000000000000000000000000000",0.0
710,1628164298,"omission",277405,"1111111111111111111111111111121111111111111111111111111111111111111111111111111111111111111111111111",1.0,0.01,0.9999855805972516,"1111111111111111111111111111121111111111111111111111111111111111111111111111111111111111111111111111",0.01
711,730703583,"insertion",277589,"0000000000000000000000000000000000000000000000000000000000000000000000000000000000000000000000000000",0.004666666666666667,0.0,0.003861838408000346,"0000000000000000000000000000000000000000000000000000000000000000000000000000000000000000000000000000",0.0
711,730703583,"omission",277589,"1111111111111111111111111111111111111111111111111111211111111111111111111111111111111111111111111111",0.9963333333333333,0.01,0.9933318443160367,"1111111111111111111111111111111111111111111111111111211111111111111111111111111111111111111111111111",0.01
712,1255043291,"insertion",276780,"0000000000000000000000000000000000000000000000000000000000000000000000000000000000000000000000000000",0.004333333333333333,0.0,0.005340000505818722,"0000000000000000000000000000000000000000000000000000000000000000000000000000000000000000000000000000",0.0
712,1255043291,"omission",276780,"1111111111111111111111111111111111111111111111111111111111111111111111111111111111111121101111111111",0.996,0.02,0.9936411360688492,"1111111111111111111111111111111111111111111111111111111111111111111111111111111111111121101111111111",0.02
713,1859525805,"insertion",276659,"0000000000000000000000000000000000000000000000000000000000000000000000000000000000000000000000000000",0.0013333333333333333,0.0,0.002956719126141301,"0000000000000000000000000000000000000000000000000000000000000000000000000000000000000000000000000000",0.0
713,1859525805,"omission",276659,"1111111111111111111111111111111111111111111111111111111111111111111111111111111112111111111111111111",1.0,0.01,0.9999963854289411,"1111111111111111111111111111111111111111111111111111111111111111111111111111111112111111111111111111",0.01
714,1378401433,"insertion",277267,"0000000000000000000000000000000000000000000000000000000000000000000000000000000000000000000000000000",0.0,0.0,3.606644882531576e-06,"0000000000000000000000000000000000000000000000000000000000000000000000000000000000000000000000000000",0.0
714,1378401433,"omission",277267,"1111111111111111111131111111111111111111111111111111111111111111111111111111111111111111110111111111",1.0,0.02,0.9999963933551175,"1111111111111111111131111111111111111111111111111111111111111111111111111111111111111111110111111111",0.02
715,2357977023,"insertion",276916,"0000000000000000000000000000000000000000000000000000000000000000000000000000000000000000000000000000",0.0,0.0,3.611216438257227e-06,"0000000000000000000000000000000000000000000000000000000000000000000000000000000000000000000000000000",0.0
715,2357977023,"omission",276916,"1111111111111111111111111111111111111114111111111111111111111111111111111111111111111111111111111111",0.9966666666666667,0.01,0.9968762977809075,"1111111111111111111111111111111111111114111111111111111111111111111111111111111111111111111111111111",0.01
716,3756108775,"insertion",276835,"0000000000000000000000000000000000000000000000000000000000000000000000000000000000000000000000000000",0.0,0.0,9.03068264736268e-05,"0000000000000000000000000000000000000000000000000000000000000000000000000000000000000000000000000000",0.0
716,3756108775,"omission",276835,"1111111111111111111111111111111111111111111111111111111111111111111111111111111111111111111111111111",0.9963333333333333,0.0,0.994140893098391,"1111111111111111111111111111111111111111111111111111111111111111111111111111111111111111111111111111",0.0
717,2332334018,"insertion",276817,"0000000000000000000000000000000000000000000000000000000000000000000000000000000000000000000000000000",0.0013333333333333333,0.0,0.0007875267325588117,"0000000000000000000000000000000000000000000000000000000000000000000000000000000000000000000000000000",0.0
717,2332334018,"omission",276817,"1111111111111111111111111111111111111111111111111111111111111111111111111111111111111111111111111111",1.0,0.0,0.9999963874920524,"1121111111111111111111111111111111111111111111111111111111111111111111111111111111111111111111111111",0.01
718,848507876,"insertion",277017,"0000000000000000000000000000000000000000000000000000000000000000000000000000000000000000000000000000",0.0,0.0,3.6098997891818524e-06,"0000000000000000000000000000000000000000000000000000000000000000000000000000000000000000000000000000",0.0
718,848507876,"omission",277017,"1111111111111111111111111111111111111111111111111111111111111111111111111111111111111111111111111111",0.996,0.0,0.9912496029110232,"1111111111111111111111111111111111111111111111111111111111111111111111111111111111111111111111111111",0.0
719,3861471326,"insertion",277045,"0000000000000000000000000000000000000000000000000000000000000000000000000000000000000000000000000000",0.0,0.0,7.219069895034724e-06,"0000000000000000000000000000000000000000000000000000000000000000000000000000000000000000000000000000",0.0
719,3861471326,"omission",277045,"1111101111111111111111111111111111111111111111112111111111111111111111111111111111111111111151111111",1.0,0.03,0.9999963904650525,"1111101111111111111111111111111111111111111111112111111111111111111111111111111111111111111151111111",0.03
720,3720034353,"insertion",277114,"0000000000000000000000000000000000000000000000000000000000000000000000000000000000000000000000000000",0.0016666666666666668,0.0,0.0016635812827258194,"0000000000000000000000000000000000000000000000000000000000000000000000000000000000000000000000000000",0.0
720,3720034353,"omission",277114,"1211111111121101111111111102111111111111111111111111111111111111111111111111111111111111111111111111",1.0,0.05,0.9999963913638119,"1211111111121101111111111102111111111111111111111111111111111111111111111111111111111111111111111111",0.05
721,4178659355,"insertion",276761,"0000000000000000000000000000000000000000000000000000000000000000000000000000000000000000000000000000",0.0,0.0,3.6132389073565545e-06,"0000000000000000000000000000000000000000000000000000000000000000000000000000000000000000000000000000",0.0
721,4178659355,"omission",276761,"1111111111111111111111111111111111111111111111111111111111111111111111111111111111111111111111111111",1.0,0.0,0.9999963867610926,"1111111111111111111111111111111111111111111111111111111111111111111111111111111111111111111111111111",0.0
722,3576649517,"insertion",276948,"0000000000000000000000000000000000000000000000000000000000000000000000000000000000000000000000000000",0.0,0.0,3.610799178182107e-06,"0000000000000000000000000000000000000000000000000000000000000000000000000000000000000000000000000000",0.0
722,3576649517,"omission",276948,"1111111111111111111111111111111111111111111111111111111111111111131111111111111111111111111111111111",1.0,0.01,0.9991911809840872,"1111111111111111111111111111111111111111111111111111111111111111131111111111111111111111111111111111",0.01
723,4132222716,"insertion",276945,"0000000000000000000000000000000000000000000000000000000000000000000000000000000000000000000000000000",0.0,0.0,7.221676584435843e-06,"0000000000000000000000000000000000000000000000000000000000000000000000000000000000000000000000000000",0.0
723,4132222716,"omission",276945,"1111111111111111111111111111111111111111111111111111111111111111111111111111111111111111111111111111",0.996,0.0,0.994482639089491,"1111111111111111111111111111111111111111111111111111111111111111111111111111111111111111111111111111",0.0
724,763176298,"insertion",277050,"0000000000000000000000000000000000000000000000000000000000000000000000000000000000000000000000000000",0.0,0.0,3.6094698049803463e-06,"0000000000000000000000000000000000000000000000000000000000000000000000000000000000000000000000000000",0.0
724,763176298,"omission",277050,"1111111111111111111111111111111111111111111111111111111101111111111111111111111111111111111111111111",1.0,0.01,0.9999963905301951,"1111111111111111111111111111111111111111111111111111111101111111111111111111111111111111111111111111",0.01
725,3156151940,"insertion",276963,"0000000000000000000000000000000000000000000000000000000000000000000000000000000000000000000000000000",0.0,0.0,3.610603620713311e-06,"0000000000000000000000000000000000000000000000000000000000000000000000000000000000000000000000000000",0.0
725,3156151940,"omission",276963,"1111111111111111111101111111111111111111101111111111111111111111111111111111111111111111111111111111",0.999,0.02,0.9997364259356879,"1111111111111111111101111111111111111111101111111111111111111111111111111111111111111111111111111111",0.02
726,2376463952,"insertion",276461,"0000000000000000000000000000000000000000000000000000000000000000000000000000000000000000000000000000",0.0006666666666666666,0.0,0.0010091875859075455,"0000000000000000000000000000000000000000000000000000000000000000000000000000000000000000000000000000",0.0
726,2376463952,"omission",276461,"1111111111111111111111111111111111111111111111111111111111111111111111111111111111111111111111111111",1.0,0.0,0.9999963828401939,"1111111111111111111111111111111111111111111111111111111111111111111111111111111111111111111111111111",0.0
727,2023508764,"insertion",277189,"0000000000000000000000000000000000000000000000000000000000000000000000000000000000000000000000000000",0.0,0.0,0.00035715831854192824,"0000000000000000000000000000000000000000000000000000000000000000000000000000000000000000000000000000",0.0
727,2023508764,"omission",277189,"1111111111111111111111111111111111111111111111111111111111111114111111111111111111111111111111111111",1.0,0.01,0.9999963923402168,"1111111111111111111111111111111111111111111111111111111111111114111111111111111111111111111111111111",0.01
728,3561909859,"insertion",277054,"0000000000000000000000000000000000000000000000000000000000000000000000000000000000000000000000000000",0.010333333333333333,0.0,0.015264227422189977,"0000000000000000000000000000000000000000000000000000000000000000000000000000000000000000000000000000",0.0
728,3561909859,"omission",277054,"1111111111111111111111111111111111111111111111111111111111111111111111111111111111111111111111111111",0.9983333333333333,0.0,0.9966504603812267,"1111111111111111111111111111111111111111111111111111111111111111111111111111111111111111111111111111",0.0
729,3056513176,"insertion",277152,"0000000000000000000000000000000000000000000000000000000000000000000000000000000000000000000000000000",0.0,0.0,3.6081414102781515e-06,"0000000000000000000000000000000000000000000000000000000000000000000000000000000000000000000000000000",0.0
729,3056513176,"omission",277152,"1111111111111111111111111111111111111111111111121111111111111111111111111111111111111111111111111111",0.9946666666666667,0.01,0.9929677323913679,"1111111111111111111111111111111111111111111111121111111111111111111111111111111111111111111111111111",0.01
730,2340802613,"insertion",277117,"0000000000000000000000000000000000000000000000000000000000000000000000000000000000000000000000000000",0.003,0.0,0.002067726150781622,"0000000000000000000000000000000000000000000000000000000000000000000000000000000000000000000000000000",0.0
730,2340802613,"omission",277117,"1114111111141111111111111111111111111111111111111111111511111111111111111111111111111111111111111111",0.995,0.03,0.9946701020511266,"1114111111141111111111111111111111111111111111111111111511111111111111111111111111111111111111111111",0.03
731,3850839727,"insertion",276837,"0000000000000000000000000000000000000000000000000000000000000000000000000000000000000000000000000000",0.009,0.0,0.008441821150428413,"0000000000000000000000000000000000000000000000000000000000000000000000000000000000000000000000000000",0.0
731,3850839727,"omission",276837,"1111111111111111111111111111111111111111111121111111111111111111111111111111111111111111111111111111",0.9986666666666667,0.01,0.9993172853241631,"1111111111111111111111111111111111111111111121111111111111111111111111111111111111111111111111111111",0.01
732,1169685451,"insertion",277044,"0000000000000000000000000000000000000000000000000000000000000000000000000000000000000000000000000000",0.029333333333333333,0.0,0.02656988265359529,"0000000000000000000000000000000000000000000000000000000000000000000000000000000000000000000000000000",0.0
732,1169685451,"omission",277044,"1111112111111111111111111111111111111111121111111111111111111111111111111111111111111111111111111111",1.0,0.02,0.9999963904520237,"1111112111111111111111111111111111111111121111111111111111111111111111111111111111111111111111111111",0.02
733,1781836300,"insertion",277028,"0000000000000000000000000000000000000000000000000000000000000000000000000000000000000000000000000000",0.0,0.0,3.6097564497323367e-06,"0000000000000000000000000000000000000000000000000000000000000000000000000000000000000000000000000000",0.0
733,1781836300,"omission",277028,"1111111111111111111111111111111111111111111111111111111111111111111111111111111111111111111111111111",1.0,0.0,0.9999963902435502,"1111111111111111111111111111111111111111111111111111111111111111111111111111111111111111111111111111",0.0
734,2551924977,"insertion",277228,"0000000000000000000000000000000000000000000000000000000000000000000000000000000000000000000000000000",0.004666666666666667,0.0,0.00855616516428775,"0000000000000000000000000000000000000000000000000000000000000000000000000000000000000000000000000000",0.0
734,2551924977,"omission",277228,"1111111111111111111111111111111111111111111111111111111113111111111111111111111111111111111111111111",0.9993333333333333,0.01,0.9978212800340516,"1111111111111111111111111111111111111111111111111111111113111111111111111111111111111111111111111111",0.01
735,2254301343,"insertion",277461,"0000000000000000000000000000000000000000000000000000000000000000000000000000000000000000000000000000",0.0,0.0,3.6041231168456713e-06,"0000000000000000000000000000000000000000000000000000000000000000000000000000000000000000000000000000",0.0
735,2254301343,"omission",277461,"1111111111112111011111111111111231111111101111111111121111112111011111121111311111111111111111112111",1.0,0.11,0.9999963958768832,"1111111111112111011111111111111231111111101111111111121111112111011111121111311111111111111111112111",0.11
736,2478617396,"insertion",277029,"0000000000000000000000000000000000000000000000000000000000000000000000000000000000000000000000000000",0.009666666666666667,0.0,0.008724749844781034,"0000000000000000000000000000000000000000000000000000000000000000000000000000000000000000000000000000",0.0
736,2478617396,"omission",277029,"1111111111111111111111111111111111111111111111111111111111111111111111111111111111111111111111111111",0.9996666666666667,0.0,0.9990759056846239,"1111111111111111111111111111111111111111111111111111111111111111111111111111111111111111111111111111",0.0
737,948034751,"insertion",277181,"0000000000000000000000000000000000000000000000000000000000000000000000000000000000000000000000000000",0.0,0.0,3.607763907929865e-06,"0000000000000000000000000000000000000000000000000000000000000000000000000000000000000000000000000000",0.0
737,948034751,"omission",277181,"1111111111111111111111111111111111111111111111111111111111111111111111111111111111111111111111111111",1.0,0.0,0.999996392236092,"1111111111111111111111111111111111111111111111111111111111111111111111111111111111111111111111111111",0.0
738,1198392676,"insertion",277140,"0000000000000000000000000000000000000000000000000000000000000000000000000000000000000000000000000000",0.0,0.0,3.608297641255832e-06,"0000000000000000000000000000000000000000000000000000000000000000000000000000000000000000000000000000",0.0
738,1198392676,"omission",277140,"1111111111111111111111111111311111111111111111111111111111111111111111111115111111111111111111111111",0.9953333333333333,0.02,0.9911055463143044,"1111111111111111111111111111311111111111111111111111111111111111111111111115111111111111111111111111",0.02
739,643470578,"insertion",276993,"0000000000000000000000000000000000000000000000000000000000000000000000000000000000000000000000000000",0.0,0.0,7.2204251386321626e-06,"0000000000000000000000000000000000000000000000000000000000000000000000000000000000000000000000000000",0.0
739,643470578,"omission",276993,"1111111111111111111111111111111111111111111111111111111111111111111111111111111111111111111111111111",1.0,0.0,0.9999963897874307,"1111111111111111111111111111111111111111111111111111111111111111111111111111111111111111111111111111",0.0
740,2288308245,"insertion",277341,"0000000000000000000000000000000000000000000000000000000000000000000000000000000000000000000000000000",0.026,0.0,0.022531910290618015,"0000000000000000000000000000000000000000000000000000000000000000000000000000000000000000000000000000",0.0
740,2288308245,"omission",277341,"1111141111111111111111111111111111111111111111111111111111111111111111111131111111111131111111111111",1.0,0.03,0.9991382418691859,"1111141111111111111111111111111111111111111111111111111111111111111111111131111111111131111111111111",0.03
741,3766570260,"insertion",276942,"0000000000000000000000000000000000000000000000000000000000000000000000000000000000000000000000000000",0.0003333333333333333,0.0,0.00029248106997519326,"0000000000000000000000000000000000000000000000000000000000000000000000000000000000000000000000000000",0.0
741,3766570260,"omission",276942,"1111111111111111111111111111111111111111211111111111111111111111111111111111211111111111111111111111",1.0,0.02,0.9999963891225929,"1111111111111111111111111111111111111111211111111111111111111111111111111111211111111111111111111111",0.02
742,4256836845,"insertion",276396,"0000000000000000000000000000000000000000000000000000000000000000000000000000000000000000000000000000",0.0023333333333333335,0.0,0.001657048788871,"0000000000000000000000000000000000000000000000000000000000000000000000000000000000000000000000000000",0.0
742,4256836845,"omission",276396,"1111111111110111111111111111111111111111111111111111111111111111111111111111111111111111111111111111",1.0,0.01,0.9999529658640713,"1111111111110111111111111111111111111111111111111111111111111111111111111111111111111111111111111111",0.01
743,3499133595,"insertion",276813,"0000000000000000000000000000000000000000000000000000000000000000000000000000000000000000000000000000",0.013333333333333334,0.0,0.009092813895351357,"0000000000000000000000000000000000000000000000000000000000000000000000000000000000000000000000000000",0.0
743,3499133595,"omission",276813,"1111111111111111111111111111111111111111111111111111111311111111111111111111111111111111111111111111",1.0,0.01,0.9999963874398509,"1111111111111111111111111111111111111111111111111111111311111111111111111111111111111111111111111111",0.01
744,560663510,"insertion",277164,"0000000000000000000000000000000000000000000000000000000000000000000000000000000000000000000000000000",0.0,0.0,7.215970385657537e-06,"0000000000000000000000000000000000000000000000000000000000000000000000000000000000000000000000000000",0.0
744,560663510,"omission",277164,"1111111111111111111111111110111111111111111111111111111211111111111111111111101111111111111111111111",1.0,0.03,0.9999963920148072,"1111111111111111111111111110111111111111111111111111111211111111111111111111101111111111111111111111",0.03
745,2254534257,"insertion",277164,"0000000000000000000000000000000000000000000000000000000000000000000000000000000000000000000000000000",0.019333333333333334,0.0,0.020197501109455448,"0000000000000000000000000000000000000000000000000000000000000000000000000000000000000000000000000000",0.0
745,2254534257,"omission",277164,"1111111111111111111111111111111111111111121111111111111111111111111111111111111111111111111111111111",0.9936666666666667,0.01,0.9903053437868691,"1111111111111111111111111111111111111111121111111111111111111111111111111111111111111111111111111111",0.01
746,938323176,"insertion",276748,"0000000000000000000000000000000000000000000000000000000000000000000000000000000000000000000000000000",0.014333333333333333,0.0,0.016155550014995645,"0000000000000000000000000000000000000000000000000000000000000000000000000000000000000000000000000000",0.0
746,938323176,"omission",276748,"1111111111111111111111111111111111111111111111111111111111111111111111111111111111111111111111111111",0.9956666666666667,0.0,0.9937451896497523,"1111111111111111111111111111111111111111111111111111111111111111111111111111111111111111111111111111",0.0
747,3909078810,"insertion",277464,"0000000000000000000000000000000000000000000000000000000000000000000000000000000000000000000000000000",0.0,0.0,3.604084148156691e-06,"0000000000000000000000000000000000000000000000000000000000000000000000000000000000000000000000000000",0.0
747,3909078810,"omission",277464,"1111111111111111111111111011111111111111111111111111111111111111111111111111111111111111111111111111",0.9976666666666667,0.01,0.9954660621416189,"1111111111111111111111111011111111111111111111111111111111111111111111111111111111111111111111111111",0.01
748,594323860,"insertion",277097,"0000000000000000000000000000000000000000000000000000000000000000000000000000000000000000000000000000",0.008666666666666666,0.0,0.010956491613014985,"0000000000000000000000000000000000000000000000000000000000000000000000000000000000000000000000000000",0.0
748,594323860,"omission",277097,"1111111111111111111111111111111111111111111111111111111111511111111111111111111111111111111111111111",0.9996666666666667,0.01,0.9980584346219361,"1111111111111111111111111111111111111111111111111111111111511111111111111111111111111111111111111111",0.01
749,47743422,"insertion",276572,"0000000000000000000000000000000000000000000000000000000000000000000000000000000000000000000000000000",0.0003333333333333333,0.0,0.0010594024680823369,"0000000000000000000000000000000000000000000000000000000000000000000000000000000000000000000000000000",0.0
749,47743422,"omission",276572,"1112111111111111111111111111111111111111111111111111111111111111111111111111111111111111111111111111",0.9953333333333333,0.01,0.9908486428439713,"1112111111111111111111111111111111111111111111111111111111111111111111111111111111111111111111111111",0.01
750,1754068840,"insertion",276736,"0000000000000000000000000000000000000000000000000000000000000000000000000000000000000000000000000000",0.004,0.0,0.00604549478743202,"0000000000000000000000000000000000000000000000000000000000000000000000000000000000000000000000000000",0.0
750,1754068840,"omission",276736,"1111111111111111111111111111111111111111111111111111111111111111111111311111111111111111111111111111",0.9983333333333333,0.01,0.9983883498653947,"1111111111111111111111111111111111111111111111111111111111111111111111311111111111111111111111111111",0.01
751,1698422819,"insertion",276981,"0000000000000000000000000000000000000000000000000000000000000000000000000000000000000000000000000000",0.0,0.0,3.6103689797097264e-06,"0000000000000000000000000000000000000000000000000000000000000000000000000000000000000000000000000000",0.0
751,1698422819,"omission",276981,"1111111111111111111111111111111111111111111111111111111112111111111111111111111111111111111111111111",0.9993333333333333,0.01,0.9981370496064698,"1111111111111111111111111111111111111111111111111111111112111111111111111111111111111111111111111111",0.01
752,538573121,"insertion",277145,"0000000000000000000000000000000000000000000000000000000000000000000000000000000000000000000000000000",0.007,0.0,0.00687368299512167,"0000000000000000000000000000000000000000000000000000000000000000000000000000000000000000000000000000",0.0
752,538573121,"omission",277145,"1111111111111111111111111111111111111111111111111111111114111111111111111111111111111111111111111111",0.9893333333333333,0.01,0.987374794330745,"1111111111111111111111111111111111111111111111111111111114111111111111111111111111111111111111111111",0.01
753,475127012,"insertion",277080,"0000000000000000000000000000000000000000000000000000000000000000000000000000000000000000000000000000",0.015333333333333332,0.0,0.013902172304649577,"0000000000000000000000000000000000000000000000000000000000000000000000000000000000000000000000000000",0.0
753,475127012,"omission",277080,"1111111111111111111111111111111111111111111111111111111111111111111111111111111111111111111111111111",0.9986666666666667,0.0,0.9993720202541514,"1111111111111111111111111111111111111111111111111111111111111111111111111111111111111111111111111111",0.0
754,1730364408,"insertion",276850,"0000000000000000000000000000000000000000000000000000000000000000000000000000000000000000000000000000",0.0,0.0,3.6120773418000425e-06,"0000000000000000000000000000000000000000000000000000000000000000000000000000000000000000000000000000",0.0
754,1730364408,"omission",276850,"1111111111111111111111111111111111111111111111111111111411111111111111111111111111111113111111111111",0.9993333333333333,0.02,0.9994798608627808,"1111111111111111111111111111111111111111111111111111111411111111111111111111111111111113111111111111",0.02
755,830625446,"insertion",276930,"0000000000000000000000000000000000000000000000000000000000000000000000000000000000000000000000000000",0.0,0.0,3.6110338751087823e-06,"0000000000000000000000000000000000000000000000000000000000000000000000000000000000000000000000000000",0.0
755,830625446,"omission",276930,"1111111111111111111111111111111111111111111111111111111111511111111111111111111111111111111111111111",0.994,0.01,0.988014978568514,"1111111111111111111111111111111111111111111111111111111111511111111111111111111111111111111111111111",0.01
756,3691458379,"insertion",277227,"0000000000000000000000000000000000000000000000000000000000000000000000000000000000000000000000000000",0.0,0.0,3.607165273098483e-06,"0000000000000000000000000000000000000000000000000000000000000000000000000000000000000000000000000000",0.0
756,3691458379,"omission",277227,"1111111111111111111111111111111111111111111111111111111111111111111111111111111111111111111111111111",0.9993333333333333,0.0,0.9971683752606177,"1111111111111111111111111111111111111111111111111111111111111111111111111111111111111111111111111111",0.0
757,1228404194,"insertion",276152,"0000000000000000000000000000000000000000000000000000000000000000000000000000000000000000000000000000",0.005666666666666667,0.0,0.003820373636162824,"0000000000000000000000000000000000000000000000000000000000000000000000000000000000000000000000000000",0.0
757,1228404194,"omission",276152,"1111111111111111111111111111111111111111111111111111111111111111111111111111111111111111111111111111",0.996,0.0,0.9966286560613578,"1111111111111111111111111111111111111111111111111111111111111111111111111111111111111111111111111111",0.0
758,2905570203,"insertion",276900,"0000000000000000000000000000000000000000000000000000000000000000000000000000000000000000000000000000",0.007666666666666666,0.0,0.007407032889248427,"0000000000000000000000000000000000000000000000000000000000000000000000000000000000000000000000000000",0.0
758,2905570203,"omission",276900,"1111111111111111111111111111111111111111111121111111111111111111111111111111111111111111111111111111",1.0,0.01,0.9999927771497911,"1111111111111111111111111111111111111111111121111111111111111111111111111111111111111111111111111111",0.01
759,1499634054,"insertion",276381,"0000000000000000000000000000000000000000000000000000000000000000000000000000000000000000000000000000",0.008333333333333333,0.0,0.006147333381576091,"0000000000000000000000000000000000000000000000000000000000000000000000000000000000000000000000000000",0.0
759,1499634054,"omission",276381,"1111111111111111111111111111111111111111111111111111111111111111111111111111111111111111111111111111",1.0,0.0,0.9999963817931833,"1111111111111111111111111111111111111111111111111111111111111111111111111111111111111111111111111111",0.0
760,3840731618,"insertion",276620,"0000000000000000000000000000000000000000000000000000000000000000000000000000000000000000000000000000",0.033666666666666664,0.0,0.028689280201287692,"0000000000000000000000000000000000000000000000000000000000000000000000000000000000000000000000000000",0.0
760,3840731618,"omission",276620,"1111111111111111111111111111111111111111211111111111111111111110111111111111111111111111111111111111",0.9983333333333333,0.02,0.9977116539355576,"1111111111111111111111111111111111111111211111111111111111111110111111111111111111111111111111111111",0.02
761,796356820,"insertion",276885,"0000000000000000000000000000000000000000000000000000000000000000000000000000000000000000000000000000",0.019,0.0,0.020282862137212695,"0000000000000000000000000000000000000000000000000000000000000000000000000000000000000000000000000000",0.0
761,796356820,"omission",276885,"1111111111111111111111111111111111111111111111111111111111111111111111111111111111111111111111111111",1.0,0.0,0.9999963883792491,"1111111111111111111111111111111111111111111111111111111111111111111111111111111111111111111111111111",0.0
762,1227682132,"insertion",277380,"0000000000000000000000000000000000000000000000000000000000000000000000000000000000000000000000000000",0.023666666666666666,0.0,0.02394197109370212,"0000000000000000000000000000000000000000000000000000000000000000000000000000000000000000000000000000",0.0
762,1227682132,"omission",277380,"1111111111111111111111111111111111111111011111111111111111111111111114111111111111111111111111111111",1.0,0.02,0.9999963948244099,"1111111111111111111111111111111111111111011111111111111111111111111114111111111111111111111111111111",0.02
763,2895758838,"insertion",277012,"0000000000000000000000000000000000000000000000000000000000000000000000000000000000000000000000000000",0.0036666666666666666,0.0,0.003277848172094249,"0000000000000000000000000000000000000000000000000000000000000000000000000000000000000000000000000000",0.0
763,2895758838,"omission",277012,"1111111111111111111111111111111111111111111111111111111111111111111111111111111111113111111111111111",0.9966666666666667,0.01,0.9949496590388107,"1111111111111111111111111111111111111111111111111111111111111111111111111111111111113111111111111111",0.01
764,1060082994,"insertion",277691,"0000000000000000000000000000000000000000000000000000000000000000000000000000000000000000000000000000",0.0,0.0,3.601137959595232e-06,"0000000000000000000000000000000000000000000000000000000000000000000000000000000000000000000000000000",0.0
764,1060082994,"omission",277691,"1111111111111111111111111111111111111111111111111111111111111111111111111111111111111111111111111111",0.9993333333333333,0.0,0.9984227015736973,"1111111111111111111111111111111111111111111111111111111111111111111111111111111111111111111111111111",0.0
765,1572567328,"insertion",276968,"0000000000000000000000000000000000000000000000000000000000000000000000000000000000000000000000000000",0.0,0.0,3.6105384395974972e-06,"0000000000000000000000000000000000000000000000000000000000000000000000000000000000000000000000000000",0.0
765,1572567328,"omission",276968,"1111111111111111111111111111111111111111111111111111111111111111111111111111111111111111111111111111",1.0,0.0,0.9999963894615604,"1111111111111111111111111111111111111111111111111111111111111111111111111111111111111111111111111111",0.0
766,3754308566,"insertion",277052,"0000000000000000000000000000000000000000000000000000000000000000000000000000000000000000000000000000",0.0,0.0,3.6094437486238995e-06,"0000000000000000000000000000000000000000000000000000000000000000000000000000000000000000000000000000",0.0
766,3754308566,"omission",277052,"1111111111111111111111111111111111111111111111111111111111111111111111111111111111111111111111111111",0.994,0.0,0.9894965186915045,"1111111111111111111111111111111111111111111111111111111111111111111111111111111111111111111111111111",0.0
767,3442969082,"insertion",277422,"0000000000000000000000000000000000000000000000000000000000000000000000000000000000000000000000000000",0.005333333333333333,0.0,0.007321003096376987,"0000000000000000000000000000000000000000000000000000000000000000000000000000000000000000000000000000",0.0
767,3442969082,"omission",277422,"1111111111111111111111111111111111111111111111111111111111111111111111111111111111111111111111111111",0.998,0.0,0.9968026933793764,"1111111111111111111111111111111111111111111111111111111111111111111111111111111111111111111111111111",0.0
768,3458001869,"insertion",276981,"0000000000000000000000000000000000000000000000000000000000000000000000000000000000000000000000000000",0.013666666666666667,0.0,0.015737598382554698,"0000000000000000000000000000000000000000000000000000000000000000000000000000000000000000000000000000",0.0
768,3458001869,"omission",276981,"1111111111111111111111111111111111111111111111111111111111111131111111111111111111111111111111111114",1.0,0.02,0.9992490432522204,"1111111111111111111111111111111111111111111111111111111111111131111111111111111111111111111111111114",0.02
769,145934787,"insertion",277334,"0000000000000000000000000000000000000000000000000000000000000000000000000000000000000000000000000000",0.0013333333333333333,0.0,0.0008870202968993953,"0000000000000000000000000000000000000000000000000000000000000000000000000000000000000000000000000000",0.0
769,145934787,"omission",277334,"1111111111111111111111111111111111111112111111111111111111111111111111111111111111111111111111111111",1.0,0.01,0.9999963942264354,"1111111111111111111111111111111111111112111111111111111111111111111111111111111111111111111111111111",0.01
770,2030862235,"insertion",277625,"0000000000000000000000000000000000000000000000000000000000000000000000000000000000000000000000000000",0.010666666666666666,0.0,0.009937901622338126,"0000000000000000000000000000000000000000000000000000000000000000000000000000000000000000000000000000",0.0
770,2030862235,"omission",277625,"1111111111111111111111111111111111111111114111111111111111111111111111111111111111111111111111111111",0.998,0.01,0.9972913004639369,"1111111111111111111111111111111111111111114111111111111111111111111111111111111111111111111111111111",0.01
771,4070486753,"insertion",276281,"0000000000000000000000000000000000000000000000000000000000000000000000000000000000000000000000000000",0.0,0.0,1.0858549297813811e-05,"0000000000000000000000000000000000000000000000000000000000000000000000000000000000000000000000000000",0.0
771,4070486753,"omission",276281,"1111111111111111111111111111111111111111111111111141111111111111111111111111111111111111111111111111",1.0,0.01,0.9999963804835674,"1111111111111111111111111111111111111111111111111141111111111111111111111111111111111111111111111111",0.01
772,4123813955,"insertion",277080,"0000000000000000000000000000000000000000000000000000000000000000000000000000000000000000000000000000",0.0,0.0,3.609078999130212e-06,"0000000000000000000000000000000000000000000000000000000000000000000000000000000000000000000000000000",0.0
772,4123813955,"omission",277080,"1111111111111111111111111111111111111111111111111111111111111111111111111111111111111111111111111111",1.0,0.0,0.9999891727630026,"1111111111111111111111111111111111111111111111111111111111111111111111111111111111111111111111111111",0.0
773,2014126360,"insertion",276926,"0000000000000000000000000000000000000000000000000000000000000000000000000000000000000000000000000000",0.006666666666666667,0.0,0.0039035840028888687,"0000000000000000000000000000000000000000000000000000000000000000000000000000000000000000000000000000",0.0
773,2014126360,"omission",276926,"1111151111111111111111111111111111111111111111111111111111111111111111111111111111111111111111111111",0.9936666666666667,0.01,0.993720321386657,"1111151111111111111111111111111111111111111111111111111111111111111111111111111111111111111111111111",0.01
774,2714266608,"insertion",276735,"0000000000000000000000000000000000000000000000000000000000000000000000000000000000000000000000000000",0.008333333333333333,0.0,0.006237036287554113,"0000000000000000000000000000000000000000000000000000000000000000000000000000000000000000000000000000",0.0
774,2714266608,"omission",276735,"1111111111111111111111111111111111113111111111111111111111111111111111111111111111111111111111111111",1.0,0.01,0.9999963864216179,"1111111111111111111111111111111111113111111111111111111111111111111111111111111111111111111111111111",0.01
775,2160082925,"insertion",276947,"0000000000000000000000000000000000000000000000000000000000000000000000000000000000000000000000000000",0.0,0.0,3.6108122160998894e-06,"0000000000000000000000000000000000000000000000000000000000000000000000000000000000000000000000000000",0.0
775,2160082925,"omission",276947,"1111111111111111111111111111111111111111111111111111111111111111111111111111111111111111111111111111",1.0,0.0,0.9999963891877839,"1111111111111111111111111111111111111111111111111111111111111111111111111111111111111111111111111111",0.0
776,3992961865,"insertion",277155,"0000000000000000000000000000000000000000000000000000000000000000000000000000000000000000000000000000",0.0023333333333333335,0.0,0.0034493458510431022,"0000000000000000000000000000000000000000000000000000000000000000000000000000000000000000000000000000",0.0
776,3992961865,"omission",277155,"1211111211111111111111111111111111111111111111111111111111111111111111111111111111111111111111121111",1.0,0.03,0.9999963918976453,"1211111211111111111111111111111111111111111111111111111111111111111111111111111111111111111111121111",0.03
777,2726189854,"insertion",276907,"0000000000000000000000000000000000000000000000000000000000000000000000000000000000000000000000000000",0.008666666666666666,0.0,0.008226618419246965,"0000000000000000000000000000000000000000000000000000000000000000000000000000000000000000000000000000",0.0
777,2726189854,"omission",276907,"1111111111111111111111111111111111111111111111111111111111111111110111111111111111111111111111111111",1.0,0.01,0.9999891659985699,"1111111111111111111111111111111111111111111111111111111111111111110111111111111111111111111111111111",0.01
778,657633906,"insertion",277222,"0000000000000000000000000000000000000000000000000000000000000000000000000000000000000000000000000000",0.0,0.0,3.6072303324784197e-06,"0000000000000000000000000000000000000000000000000000000000000000000000000000000000000000000000000000",0.0
778,657633906,"omission",277222,"1111111111111111111111111111111111111111111111111111111111111111111111111111111111111111111111111111",1.0,0.0,0.9996645275790795,"1111111111111111111111111111111111111111111111111111111111111111111111111111111111111111111111111111",0.0
779,1358802939,"insertion",276901,"0000000000000000000000000000000000000000000000000000000000000000000000000000000000000000000000000000",0.0003333333333333333,0.0,0.001155651859877212,"0000000000000000000000000000000000000000000000000000000000000000000000000000000000000000000000000000",0.0
779,1358802939,"omission",276901,"1111111111111111111111111111111111111111111111111111111111111111111111111111111111111111114111111111",0.9986666666666667,0.01,0.9971650415312387,"1111111111111111111111111111111111111111111111111111111111111111111111111111111111111111114111111111",0.01
780,232470209,"insertion",276710,"0000000000000000000000000000000000000000000000000000000000000000000000000000000000000000000000000000",0.0,0.0,3.6139048603406467e-06,"0000000000000000000000000000000000000000000000000000000000000000000000000000000000000000000000000000",0.0
780,232470209,"omission",276710,"1111111111111111111111111111111111111111111111111111111111111111111111111111111111111111111112111111",0.9993333333333333,0.01,0.9946405790921148,"1111111111111111111111111111111111111111111111111111111111111111111111111111111111111111111112111111",0.01
781,93102386,"insertion",277132,"0000000000000000000000000000000000000000000000000000000000000000000000000000000000000000000000000000",0.012666666666666666,0.0,0.013679451234253837,"0000000000000000000000000000000000000000000000000000000000000000000000000000000000000000000000000000",0.0
781,93102386,"omission",277132,"1111111111111111111111110111111111111111111111111111111111111111111111111111111111111111111111111111",1.0,0.01,0.9999963915981972,"1111111111111111111111110111111111111111111111111111111111111111111111111111111111111111111111111111",0.01
782,2509595357,"insertion",277091,"0000000000000000000000000000000000000000000000000000000000000000000000000000000000000000000000000000",0.0,0.0,3.6089357248547404e-06,"0000000000000000000000000000000000000000000000000000000000000000000000000000000000000000000000000000",0.0
782,2509595357,"omission",277091,"1111111111111111511111111411111111111111111111111111111111111111111111111111111111111111111111111111",0.999,0.02,0.9982785376592442,"1111111111111111511111111411111111111111111111111111111111111111111111111111111111111111111111111111",0.02
783,1849611098,"insertion",277119,"0000000000000000000000000000000000000000000000000000000000000000000000000000000000000000000000000000",0.0,0.0,0.0007866684950093461,"0000000000000000000000000000000000000000000000000000000000000000000000000000000000000000000000000000",0.0
783,1849611098,"omission",277119,"1111111111111111111111111111211111111111111111111111111111111111111111111111111111111111111111111111",1.0,0.01,0.9992927200687072,"1111111111111111111111111111211111111111111111111111111111111111111111111111111111111111111111111111",0.01
784,3130723893,"insertion",277053,"0000000000000000000000000000000000000000000000000000000000000000000000000000000000000000000000000000",0.015666666666666666,0.0,0.011792010164156909,"0000000000000000000000000000000000000000000000000000000000000000000000000000000000000000000000000000",0.0
784,3130723893,"omission",277053,"1111111111411111111111111111111111111111111111111111111111111111111111111111111111111111111111111111",1.0,0.01,0.9999963905692794,"1111111111411111111111111111111111111111111111111111111111111111111111111111111111111111111111111111",0.01
785,4163592443,"insertion",277439,"0000000000000000000000000000000000000000000000000000000000000000000000000000000000000000000000000000",0.0,0.0,3.60440891298236e-06,"0000000000000000000000000000000000000000000000000000000000000000000000000000000000000000000000000000",0.0
785,4163592443,"omission",277439,"1111111111111111111111111111111111111111111111111111111111111111111111111111111111111111111121111111",0.9996666666666667,0.01,0.998774500969586,"1111111111111111111111111111111111111111111111111111111111111111111111111111111111111111111121111111",0.01
786,2367460645,"insertion",276548,"0000000000000000000000000000000000000000000000000000000000000000000000000000000000000000000000000000",0.012666666666666666,0.0,0.01147363739255895,"0000000000000000000000000000000000000000000000000000000000000000000000000000000000000000000000000000",0.0
786,2367460645,"omission",276548,"1111111111111111111111111111111111111111111111111111111111111111111111111111111111111111111111111111",0.997,0.0,0.9943698539488767,"1111111111111111111111111111111111111111111111111111111111111111111111111111111111111111111111111111",0.0
787,4068908907,"insertion",276975,"0000000000000000000000000000000000000000000000000000000000000000000000000000000000000000000000000000",0.0,0.0,3.6104471899889522e-06,"0000000000000000000000000000000000000000000000000000000000000000000000000000000000000000000000000000",0.0
787,4068908907,"omission",276975,"1111111111111111111111111111111111111111111111111111111111111111111111114111111111111111111111111111",0.999,0.01,0.9982525435600453,"1111111111111111111111111111111111111111111111111111111111111111111111114111111111111111111111111111",0.01
788,227663567,"insertion",276790,"0000000000000000000000000000000000000000000000000000000000000000000000000000000000000000000000000000",0.007666666666666666,0.0,0.007749585424276254,"0000000000000000000000000000000000000000000000000000000000000000000000000000000000000000000000000000",0.0
788,227663567,"omission",276790,"1111111111111111511111111111111111111111111111111111111111111111111011111111111111111111111111111111",1.0,0.02,0.9999963871396623,"1111111111111111511111111111111111111111111111111111111111111111111011111111111111111111111111111111",0.02
789,4249808075,"insertion",277301,"0000000000000000000000000000000000000000000000000000000000000000000000000000000000000000000000000000",0.0,0.0,1.0818608005769924e-05,"0000000000000000000000000000000000000000000000000000000000000000000000000000000000000000000000000000",0.0
789,4249808075,"omission",277301,"1111111111111111111111111113111111111111111111111111111111111111111111111111131111111111111111111111",1.0,0.02,0.9999963937973314,"1111111111111111111111111113111111111111111111111111111111111111111111111111131111111111111111111111",0.02
790,1948759974,"insertion",276815,"0000000000000000000000000000000000000000000000000000000000000000000000000000000000000000000000000000",0.008333333333333333,0.0,0.009696041385190056,"0000000000000000000000000000000000000000000000000000000000000000000000000000000000000000000000000000",0.0
790,1948759974,"omission",276815,"1111111311111111111111111111111111111111111111111111111111111111111111111111111111111111111111111111",1.0,0.01,0.9999963874659519,"1111111311111111111111111111111111111111111111111111111111111111111111111111111111111111111111111111",0.01
791,836921371,"insertion",276955,"0000000000000000000000000000000000000000000000000000000000000000000000000000000000000000000000000000",0.015333333333333332,0.0,0.015818511377340642,"0000000000000000000000000000000000000000000000000000000000000000000000000000000000000000000000000000",0.0
791,836921371,"omission",276955,"1111111111111111111111111111111111111111141111111111111111111111111111111111111111111211111111111111",0.9966666666666667,0.02,0.9954252330711959,"1111111111111111111111111111111111111111141111111111111111111111111111111111111111111211111111111111",0.02
792,2789635457,"insertion",277068,"0000000000000000000000000000000000000000000000000000000000000000000000000000000000000000000000000000",0.0,0.0,3.609235311314592e-06,"0000000000000000000000000000000000000000000000000000000000000000000000000000000000000000000000000000",0.0
792,2789635457,"omission",277068,"1111111111111111111111111111111111111111111111111111111111111111111111111111111111111111111111111111",0.9993333333333333,0.0,0.9980871052850032,"1111111111111111111111111111111111111111111111111111111111111111111111111111111111111111111111111111",0.0
793,2058145951,"insertion",276953,"0000000000000000000000000000000000000000000000000000000000000000000000000000000000000000000000000000",0.0,0.0,3.610733990005488e-06,"0000000000000000000000000000000000000000000000000000000000000000000000000000000000000000000000000000",0.0
793,2058145951,"omission",276953,"1111111111111111111111111111111111111411111111111111111111111111111111111111111111111111111111111111",1.0,0.01,0.99999638926601,"1111111111111111111111111111111111111411111111111111111111111111111111111111111111111111111111111111",0.01
794,2925717101,"insertion",276931,"0000000000000000000000000000000000000000000000000000000000000000000000000000000000000000000000000000",0.0,0.0,3.6110208355902216e-06,"0000000000000000000000000000000000000000000000000000000000000000000000000000000000000000000000000000",0.0
794,2925717101,"omission",276931,"1111111111111111111111111111111111111111111111111111111111111111110111111111111111111111111111111111",1.0,0.01,0.9999963889791644,"1111111111111111111111111111111111111111111111111111111111111111110111111111111111111111111111111111",0.01
795,1567408147,"insertion",276853,"0000000000000000000000000000000000000000000000000000000000000000000000000000000000000000000000000000",0.010666666666666666,0.0,0.009535780850418275,"0000000000000000000000000000000000000000000000000000000000000000000000000000000000000000000000000000",0.0
795,1567408147,"omission",276853,"1111111111111111111111111111111111111111111111111151111111111111111111111111111111111111111111111111",1.0,0.01,0.9999963879617991,"1111111111111111111111111111111111111111111111111151111111111111111111111111111111111111111111111111",0.01
796,1609341505,"insertion",277113,"0000000000000000000000000000000000000000000000000000000000000000000000000000000000000000000000000000",0.0,0.0,3.6086492104275526e-06,"0000000000000000000000000000000000000000000000000000000000000000000000000000000000000000000000000000",0.0
796,1609341505,"omission",277113,"1111111111111111111111111111111111112111111111111111111111111111111111111111111111111111111111111111",0.9963333333333333,0.01,0.9956768382459078,"1111111111111111111111111111111111112111111111111111111111111111111111111111111111111111111111111111",0.01
797,3104143614,"insertion",277410,"0000000000000000000000000000000000000000000000000000000000000000000000000000000000000000000000000000",0.0,0.0,0.0001369818571135039,"0000000000000000000000000000000000000000000000000000000000000000000000000000000000000000000000000000",0.0
797,3104143614,"omission",277410,"1111111111111111111101111111111111111111111111111111111111111111111111211111111111111111111111111111",0.997,0.02,0.9960131070008543,"1111111111111111111101111111111111111111111111111111111111111111111111211111111111111111111111111111",0.02
798,3014140009,"insertion",276831,"0000000000000000000000000000000000000000000000000000000000000000000000000000000000000000000000000000",0.020666666666666667,0.0,0.01673590290069718,"0000000000000000000000000000000000000000000000000000000000000000000000000000000000000000000000000000",0.0
798,3014140009,"omission",276831,"1111111111111111111111111111111111111111111111111111111111111111111111111101111111111111111111111111",1.0,0.01,0.9999963876747462,"1111111111111111111111111111111111111111111111111111111111111111111111111101111111111111111111111111",0.01
799,580482429,"insertion",276901,"0000000000000000000000000000000000000000000000000000000000000000000000000000000000000000000000000000",0.004333333333333333,0.0,0.003932827735644637,"0000000000000000000000000000000000000000000000000000000000000000000000000000000000000000000000000000",0.0
799,580482429,"omission",276901,"1111111111111111111111111111111111111111111111111111111111111111111111111111111111111111111111111111",0.9993333333333333,0.0,0.9979234380642832,"1111111111111111111111111111111111111111111111111111111111111111111111111111111111111111111111111111",0.0
800,1911387631,"insertion",276998,"0000000000000000000000000000000000000000000000000000000000000000000000000000000000000000000000000000",0.013333333333333334,0.0,0.012382805589952238,"0000000000000000000000000000000000000000000000000000000000000000000000000000000000000000000000000000",0.0
800,1911387631,"omission",276998,"1111111111111111111111111111111111011111111111111111111111011111111111111111111111111111111111111111",0.9953333333333333,0.02,0.9909962923786179,"1111111111111111111111111111111111011111111111111111111111011111111111111111111111111111111111111111",0.02
801,2621487,"insertion",276589,"0000000000000000000000000000000000000000000000000000000000000000000000000000000000000000000000000000",0.0036666666666666666,0.0,0.006533182929122016,"0000000000000000000000000000000000000000000000000000000000000000000000000000000000000000000000000000",0.0
801,2621487,"omission",276589,"1111111111111111111111111111111111411111111111111111111111111111111111111111111114111111111111111111",0.9943333333333333,0.02,0.9910155176652639,"1111111111111111111111111111111111411111111111111111111111111111111111111111111114111111111111111111",0.02
802,2358080429,"insertion",277183,"0000000000000000000000000000000000000000000000000000000000000000000000000000000000000000000000000000",0.006,0.0,0.006115115700153689,"0000000000000000000000000000000000000000000000000000000000000000000000000000000000000000000000000000",0.0
802,2358080429,"omission",277183,"1111111111111111111111111111111111111111111111111111111111111111111111111111111111111011111111111111",0.9973333333333333,0.01,0.9964535936676985,"1111111111111111111111111111111111111111111111111111111111111111111111111111111111111011111111111111",0.01
803,1445536639,"insertion",276802,"0000000000000000000000000000000000000000000000000000000000000000000000000000000000000000000000000000",0.03266666666666666,0.0,0.02889440428322152,"0000000000000000000000000000000000000000000000000000000000000000000000000000000000000000000000000000",0.0
803,1445536639,"omission",276802,"1111111111111111111111111111111111111111111111101111111111111111111111111111111111111111111111111111",0.9956666666666667,0.01,0.9946134587664062,"1111111111111111111111111111111111111111111111101111111111111111111111111111111111111111111111111111",0.01
804,1584245185,"insertion",276420,"0000000000000000000000000000000000000000000000000000000000000000000000000000000000000000000000000000",0.005,0.0,0.006978536207713652,"0000000000000000000000000000000000000000000000000000000000000000000000000000000000000000000000000000",0.0
804,1584245185,"omission",276420,"1111111111411111111111111111111111111111111111111111111111111111111111111111111111111111111111111111",1.0,0.01,0.9994681986404698,"1111111111411111111111111111111111111111111111111111111111111111111111111111111111111111111111111111",0.01
805,856943747,"insertion",277167,"0000000000000000000000000000000000000000000000000000000000000000000000000000000000000000000000000000",0.012333333333333333,0.0,0.013230338497506908,"0000000000000000000000000000000000000000000000000000000000000000000000000000000000000000000000000000",0.0
805,856943747,"omission",277167,"1111111111111111101111111111111111111111111111111111111111111111111111111111111111111111111111111111",0.9996666666666667,0.01,0.9994984954864594,"1111111111111111101111111111111111111111111111111111111111111111111111111111111111111111111111111111",0.01
806,2791948437,"insertion",276859,"0000000000000000000000000000000000000000000000000000000000000000000000000000000000000000000000000000",0.006666666666666667,0.0,0.005074803689978256,"0000000000000000000000000000000000000000000000000000000000000000000000000000000000000000000000000000",0.0
806,2791948437,"omission",276859,"1111111111111111111111111111111111111111111111111111111111111111111111111111111111111111111111111111",1.0,0.0,0.9999963880400783,"1111111111111111111111111111111111111111111111111111111111111111111111111111111111111111111111111111",0.0
807,3108845202,"insertion",277468,"0000000000000000000000000000000000000000000000000000000000000000000000000000000000000000000000000000",0.01633333333333333,0.0,0.01796249644101821,"0000000000000000000000000000000000000000000000000000000000000000000000000000000000000000000000000000",0.0
807,3108845202,"omission",277468,"1111211111111111111111111111111111111111111111111111111111111111111111111111111111111111111111111111",0.9993333333333333,0.01,0.9967023105450378,"1111211111111111111111111111111111111111111111111111111111111111111111111111111111111111111111111111",0.01
808,2972265141,"insertion",276971,"0000000000000000000000000000000000000000000000000000000000000000000000000000000000000000000000000000",0.0006666666666666666,0.0,0.0006643318770986027,"0000000000000000000000000000000000000000000000000000000000000000000000000000000000000000000000000000",0.0
808,2972265141,"omission",276971,"1111111111111111111111111111111111111111111111111111111111111111111111111111111111111111111111111311",1.0,0.01,0.9998591905260498,"1111111111111111111111111111111111111111111111111111111111111111111111111111111111111111111111111311",0.01
809,2194269141,"insertion",276566,"0000000000000000000000000000000000000000000000000000000000000000000000000000000000000000000000000000",0.0,0.0,3.615786523963625e-06,"0000000000000000000000000000000000000000000000000000000000000000000000000000000000000000000000000000",0.0
809,2194269141,"omission",276566,"1111111111111111111111111111111111111111111111111111111111111111111111111111111111111111111111111111",1.0,0.0,0.9999927684269521,"1111111111111111111111111111111111111111111111111111111111111111111111111111111111111111111111111111",0.0
810,135779118,"insertion",277292,"0000000000000000000000000000000000000000000000000000000000000000000000000000000000000000000000000000",0.0,0.0,3.606319714667984e-06,"0000000000000000000000000000000000000000000000000000000000000000000000000000000000000000000000000000",0.0
810,135779118,"omission",277292,"1111111111111111111111111111111111111111111111111111111111111111111111111111111111112111111111111111",1.0,0.01,0.9999963936802854,"1111111111111111111111111111111111111111111111111111111111111111111111111111111111112111111111111111",0.01
811,1776067307,"insertion",277127,"0000000000000000000000000000000000000000000000000000000000000000000000000000000000000000000000000000",0.011666666666666667,0.0,0.009313453086321746,"0000000000000000000000000000000000000000000000000000000000000000000000000000000000000000000000000000",0.0
811,1776067307,"omission",277127,"1111111111111111111111111111111111111111111111103111111111111111111111111111111111111111111111111111",1.0,0.02,0.9999963915330933,"1111111111111111111111111111111111111111111111103111111111111111111111111111111111111111111111111111",0.02
812,1949138741,"insertion",277302,"0000000000000000000000000000000000000000000000000000000000000000000000000000000000000000000000000000",0.0,0.0,3.6061896639391852e-06,"0000000000000000000000000000000000000000000000000000000000000000000000000000000000000000000000000000",0.0
812,1949138741,"omission",277302,"1111111111111111111111111111111111111111111111111111111111111112111111111111111111111111111111111111",1.0,0.01,0.9999963938103361,"1111111111111111111111111111111111111111111111111111111111111112111111111111111111111111111111111111",0.01
813,1192234629,"insertion",277083,"0000000000000000000000000000000000000000000000000000000000000000000000000000000000000000000000000000",0.0,0.0,3.6090399231996306e-06,"0000000000000000000000000000000000000000000000000000000000000000000000000000000000000000000000000000",0.0
813,1192234629,"omission",277083,"1111111111111111111111111111111111111111111111111411111111111111111111111111111111111111111111111111",1.0,0.01,0.9999963909600768,"1111111111111111111111111111111111111111111111111411111111111111111111111111111111111111111111111111",0.01
814,406058294,"insertion",277086,"0000000000000000000000000000000000000000000000000000000000000000000000000000000000000000000000000000",0.012666666666666666,0.0,0.014244726347510691,"0000000000000000000000000000000000000000000000000000000000000000000000000000000000000000000000000000",0.0
814,406058294,"omission",277086,"1114111111111111111111111111111111111111111111111111111111114111111111111111111111111111111111111111",0.9976666666666667,0.02,0.9979717415233592,"1114111111111111111111111111111111111111111111111111111111114111111111111111111111111111111111111111",0.02
815,1341229952,"insertion",276978,"0000000000000000000000000000000000000000000000000000000000000000000000000000000000000000000000000000",0.016,0.0,0.01328630175068688,"0000000000000000000000000000000000000000000000000000000000000000000000000000000000000000000000000000",0.0
815,1341229952,"omission",276978,"1111111111111111111111111111111111111111111111111111111111111111111111111111111111111111111111111111",1.0,0.0,0.9999963895919156,"1111111111111111111111111111111111111111111111111111111111111111111111111111111111111111111111111111",0.0
816,3839476716,"insertion",276772,"0000000000000000000000000000000000000000000000000000000000000000000000000000000000000000000000000000",0.009,0.0,0.009506053741179531,"0000000000000000000000000000000000000000000000000000000000000000000000000000000000000000000000000000",0.0
816,3839476716,"omission",276772,"1111111111111111111111111111111111111111111111111111111111111111111111111111111111111111111111111111",0.999,0.0,0.9970047439941323,"1111111111111111111111111111111111111111111111111111111111111111111111111111111111111111111111111111",0.0
817,93170436,"insertion",276669,"0000000000000000000000000000000000000000000000000000000000000000000000000000000000000000000000000000",0.0,0.0,3.614440412335362e-06,"0000000000000000000000000000000000000000000000000000000000000000000000000000000000000000000000000000",0.0
817,93170436,"omission",276669,"1111111111011111111111111111111111111111111111111111111111111111111111111111111111111111111111111111",0.999,0.01,0.9977518180635274,"1111111111011111111111111111111111111111111111111111111111111111111111111111111111111111111111111111",0.01
818,3472544921,"insertion",277297,"0000000000000000000000000000000000000000000000000000000000000000000000000000000000000000000000000000",0.0,0.0,4.688131094570423e-05,"0000000000000000000000000000000000000000000000000000000000000000000000000000000000000000000000000000",0.0
818,3472544921,"omission",277297,"1111111111111111111111111111111111111111111111111111111111111111111101111111111311111111111111111111",1.0,0.02,0.9999963937453119,"1111111111111111111111111111111111111111111111111111111111111111111101111111111311111111111111111111",0.02
819,3363113338,"insertion",276610,"0000000000000000000000000000000000000000000000000000000000000000000000000000000000000000000000000000",0.0,0.0,3.615211363332357e-06,"0000000000000000000000000000000000000000000000000000000000000000000000000000000000000000000000000000",0.0
819,3363113338,"omission",276610,"1011112111111111111111111111111111111111111111111111111111111111111111111111111111111111111111111111",1.0,0.02,0.9999963847886366,"1011112111111111111111111111111111111111111111111111111111111111111111111111111111111111111111111111",0.02
820,1407654599,"insertion",277167,"0000000000000000000000000000000000000000000000000000000000000000000000000000000000000000000000000000",0.0,0.0,3.6079461405800133e-06,"0000000000000000000000000000000000000000000000000000000000000000000000000000000000000000000000000000",0.0
820,1407654599,"omission",277167,"1111111111111111111111111111111111111112111111111111111111111111111111111111111111111111111111111111",1.0,0.01,0.9999963920538594,"1111111111111111111111111111111111111112111111111111111111111111111111111111111111111111111111111111",0.01
821,873629008,"insertion",277524,"0000000000000000000000000000000000000000000000000000000000000000000000000000000000000000000000000000",0.0,0.0,3.6033049513013334e-06,"0000000000000000000000000000000000000000000000000000000000000000000000000000000000000000000000000000",0.0
821,873629008,"omission",277524,"1111111111111111111111111111111111111111111111111141111111111111121111111111111111111111115111111111",1.0,0.03,0.9999927933900974,"1111111111111111111111111111111111111111111111111141111111111111121111111111111111111111115111111111",0.03
822,4179537215,"insertion",277555,"0000000000000000000000000000000000000000000000000000000000000000000000000000000000000000000000000000",0.0,0.0,3.6029024982525922e-06,"0000000000000000000000000000000000000000000000000000000000000000000000000000000000000000000000000000",0.0
822,4179537215,"omission",277555,"1111111111111111111111111111111111111111111111111111111111111111111111111111111111111111111111111111",0.999,0.0,0.9991244946929246,"1111111111111111111111111111111111111111111111111111111111111111111111111111111111111111111111111111",0.0
823,1925257377,"insertion",277039,"0000000000000000000000000000000000000000000000000000000000000000000000000000000000000000000000000000",0.014333333333333333,0.0,0.014918531031844007,"0000000000000000000000000000000000000000000000000000000000000000000000000000000000000000000000000000",0.0
823,1925257377,"omission",277039,"1111111111111111111111111111111111111111111111111111111111111111111111111113111111111111111111111111",1.0,0.01,0.9999927807737566,"1111111111111111111111111111111111111111111111111111111111111111111111111113111111111111111111111111",0.01
824,2686599923,"insertion",277406,"0000000000000000000000000000000000000000000000000000000000000000000000000000000000000000000000000000",0.009,0.0,0.007137578630522161,"0000000000000000000000000000000000000000000000000000000000000000000000000000000000000000000000000000",0.0
824,2686599923,"omission",277406,"1111111111111111111111111111111111111111111111111111111111111111111111111111111111111111111111111111",0.9983333333333333,0.0,0.9982516537192913,"1111111111111111111111111111111111111111111111111111111111111111111111111111111111111111111111111111",0.0
825,111361898,"insertion",276965,"0000000000000000000000000000000000000000000000000000000000000000000000000000000000000000000000000000",0.0023333333333333335,0.0,0.002159125373694776,"0000000000000000000000000000000000000000000000000000000000000000000000000000000000000000000000000000",0.0
825,111361898,"omission",276965,"1111111111111111111111111111111111111111111111111211111111111111111111111111111111111111111111111111",0.996,0.01,0.9956998021403504,"1111111111111111111111111111111111111111111111111211111111111111111111111111111111111111111111111111",0.01
826,4253564354,"insertion",277242,"0000000000000000000000000000000000000000000000000000000000000000000000000000000000000000000000000000",0.0,0.0,3.6069701090387063e-06,"0000000000000000000000000000000000000000000000000000000000000000000000000000000000000000000000000000",0.0
826,4253564354,"omission",277242,"1111111111111111111111111111111111111111111111111111111111111111111111111111111111111111111111111111",1.0,0.0,0.999996393029891,"1111111111111111111111111111111111111111111111111111111111111111111111111111111111111111111111111111",0.0
827,66938084,"insertion",277046,"0000000000000000000000000000000000000000000000000000000000000000000000000000000000000000000000000000",0.006333333333333333,0.0,0.008688119258604198,"0000000000000000000000000000000000000000000000000000000000000000000000000000000000000000000000000000",0.0
827,66938084,"omission",277046,"1111111111111111111111111111111111111111111111111111111111111111111111111111111111111111111011111111",0.9996666666666667,0.01,0.9993069717915862,"1111111111111111111111111111111111111111111111111111111111111111111111111111111111111111111011111111",0.01
828,2405128706,"insertion",277107,"0000000000000000000000000000000000000000000000000000000000000000000000000000000000000000000000000000",0.025,0.0,0.024802783050529402,"0000000000000000000000000000000000000000000000000000000000000000000000000000000000000000000000000000",0.0
828,2405128706,"omission",277107,"1111111111111111111111111111111111111111111110111111111111111111111111111111111111111111111111111111",0.9986666666666667,0.01,0.9979538515946966,"1111111111111111111111111111111111111111111110111111111111111111111111111111111111111111111111111111",0.01
829,1119223283,"insertion",277062,"0000000000000000000000000000000000000000000000000000000000000000000000000000000000000000000000000000",0.0,0.0,3.6093134724843987e-06,"0000000000000000000000000000000000000000000000000000000000000000000000000000000000000000000000000000",0.0
829,1119223283,"omission",277062,"1111111111111111111111111111111111111111111111111111111111111111111111121111111111111111111111111111",1.0,0.01,0.9999963906865276,"1111111111111111111111111111111111111111111111111111111111111111111111121111111111111111111111111111",0.01
830,1090886678,"insertion",276937,"0000000000000000000000000000000000000000000000000000000000000000000000000000000000000000000000000000",0.0,0.0,3.6109426004564232e-06,"0000000000000000000000000000000000000000000000000000000000000000000000000000000000000000000000000000",0.0
830,1090886678,"omission",276937,"1111111111111111111111111111111111111111111111111111111111511111111111111111111111111111111111111111",0.999,0.01,0.9989058843920617,"1111111111111111111111111111111111111111111111111111111111111111111111111111111111111111111111111111",0.0
831,1030694547,"insertion",276891,"0000000000000000000000000000000000000000000000000000000000000000000000000000000000000000000000000000",0.004,0.0,0.002918126331756293,"0000000000000000000000000000000000000000000000000000000000000000000000000000000000000000000000000000",0.0
831,1030694547,"omission",276891,"1111111111111111111111111111111111111111111111111111111111111111111111111111111111111111111111111111",1.0,0.0,0.9999963884575102,"1111111111111111111111111111111111111111111111111111111111111111111111111111111111111111111111111111",0.0
832,771170416,"insertion",276814,"0000000000000000000000000000000000000000000000000000000000000000000000000000000000000000000000000000",0.0,0.0,3.6125470985827977e-06,"0000000000000000000000000000000000000000000000000000000000000000000000000000000000000000000000000000",0.0
832,771170416,"omission",276814,"1111111141111111111111111111111111111111111111111111111111111111111111111111111111111111115111111111",1.0,0.02,0.9999963874529014,"1111111141111111111111111111111111111111111111111111111111111111111111111111111111111111115111111111",0.02
833,20029678,"insertion",276969,"0000000000000000000000000000000000000000000000000000000000000000000000000000000000000000000000000000",0.0,0.0,3.61052540365674e-06,"0000000000000000000000000000000000000000000000000000000000000000000000000000000000000000000000000000",0.0
833,20029678,"omission",276969,"1111111111111111111111111111111111111511111111111111111111111111111111511111111111111111111111111111",0.998,0.02,0.9969960428641576,"1111111111111111111111111111111111111511111111111111111111111111111111511111111111111111111111111111",0.02
834,1982212215,"insertion",276790,"0000000000000000000000000000000000000000000000000000000000000000000000000000000000000000000000000000",0.0006666666666666666,0.0,0.0010694066599467465,"0000000000000000000000000000000000000000000000000000000000000000000000000000000000000000000000000000",0.0
834,1982212215,"omission",276790,"1111111111111111111111111111111111111111111111111111111111111111111111111111111111111111111111111111",1.0,0.0,0.9999963871396623,"1111111111111111111111111111111111111111111111111111111111111111111111111111111111111111111111111111",0.0
835,4057957622,"insertion",276554,"0000000000000000000000000000000000000000000000000000000000000000000000000000000000000000000000000000",0.0,0.0,1.0847830253152198e-05,"0000000000000000000000000000000000000000000000000000000000000000000000000000000000000000000000000000",0.0
835,4057957622,"omission",276554,"1111111111111111111111111111111111111111111111111111111111111111111511111111111111111111111111111101",0.9973333333333333,0.02,0.9938420483596273,"1111111111111111111111111111111111111111111111111111111111111111111511111111111111111111111111111101",0.02
836,4093601659,"insertion",277334,"0000000000000000000000000000000000000000000000000000000000000000000000000000000000000000000000000000",0.004333333333333333,0.0,0.004986784839885625,"0000000000000000000000000000000000000000000000000000000000000000000000000000000000000000000000000000",0.0
836,4093601659,"omission",277334,"1111111311111111111111111111111111111111111111111111111111111111111111111111111111111111111111111111",0.9996666666666667,0.01,0.9989074506099166,"1111111311111111111111111111111111111111111111111111111111111111111111111111111111111111111111111111",0.01
837,384809421,"insertion",276547,"0000000000000000000000000000000000000000000000000000000000000000000000000000000000000000000000000000",0.0023333333333333335,0.0,0.004679149219298055,"0000000000000000000000000000000000000000000000000000000000000000000000000000000000000000000000000000",0.0
837,384809421,"omission",276547,"1111111111111111111111111111111111111111111111111111111111211111111111111111111111111101111111111111",1.0,0.02,0.9992189364518018,"1111111111111111111111111111111111111111111111111111111111211111111111111111111111111101111111111111",0.02
838,3918554343,"insertion",276998,"0000000000000000000000000000000000000000000000000000000000000000000000000000000000000000000000000000",0.006333333333333333,0.0,0.007039787434520952,"0000000000000000000000000000000000000000000000000000000000000000000000000000000000000000000000000000",0.0
838,3918554343,"omission",276998,"1111111111111211111111111111111111131111111111111111111111111111111111111111111111111111111111111111",0.993,0.02,0.9893608956053676,"1111111111111211111111111111111111131111111111111111111111111111111111111111111111111111111111111111",0.02
839,2337318034,"insertion",277119,"0000000000000000000000000000000000000000000000000000000000000000000000000000000000000000000000000000",0.0,0.0,3.6085710780245237e-06,"0000000000000000000000000000000000000000000000000000000000000000000000000000000000000000000000000000",0.0
839,2337318034,"omission",277119,"1111111111111111110111111111111111111111111111111111111111111111111111111111111111111111111111111111",0.9983333333333333,0.01,0.9957382775568531,"1111111111111111110111111111111111111111111111111111111111111111111111111111111111111111111111111111",0.01
840,3437459959,"insertion",276682,"0000000000000000000000000000000000000000000000000000000000000000000000000000000000000000000000000000",0.005666666666666667,0.0,0.008710392112215873,"0000000000000000000000000000000000000000000000000000000000000000000000000000000000000000000000000000",0.0
840,3437459959,"omission",276682,"1111111111112111111111111111111111111111111111111111111111111111111111111111111111111111111111111111",1.0,0.01,0.9999963857294141,"1111111111112111111111111111111111111111111111111111111111111111111111111111111111111111111111111111",0.01
841,4161136058,"insertion",276848,"0000000000000000000000000000000000000000000000000000000000000000000000000000000000000000000000000000",0.0,0.0,3.612103436193999e-06,"0000000000000000000000000000000000000000000000000000000000000000000000000000000000000000000000000000",0.0
841,4161136058,"omission",276848,"1111111111111111111111111111111111011111111111111111111111111111111111111111111111111111111111111111",1.0,0.01,0.9999963878965638,"1111111111111111111111111111111111011111111111111111111111111111111111111111111111111111111111111111",0.01
842,2671860067,"insertion",276931,"0000000000000000000000000000000000000000000000000000000000000000000000000000000000000000000000000000",0.004333333333333333,0.0,0.005091539378182212,"0000000000000000000000000000000000000000000000000000000000000000000000000000000000000000000000000000",0.0
842,2671860067,"omission",276931,"1111111111111111111111111111111111111111111111111111111111111111111111111111111111111111111111111111",0.9966666666666667,0.0,0.9956053876430867,"1111111111111111111111111111111111111111111111111111111111111111111111111111111111111111111111111111",0.0
843,729147055,"insertion",277171,"0000000000000000000000000000000000000000000000000000000000000000000000000000000000000000000000000000",0.0,0.0,3.6078940722300392e-06,"0000000000000000000000000000000000000000000000000000000000000000000000000000000000000000000000000000",0.0
843,729147055,"omission",277171,"1111111111111111111111111111111111111111111111111111111111111111111111111111111111111151111111111111",0.996,0.01,0.9931053144279683,"1111111111111111111111111111111111111111111111111111111111111111111111111111111111111151111111111111",0.01
844,2658312963,"insertion",276912,"0000000000000000000000000000000000000000000000000000000000000000000000000000000000000000000000000000",0.009,0.0,0.00966736604901936,"0000000000000000000000000000000000000000000000000000000000000000000000000000000000000000000000000000",0.0
844,2658312963,"omission",276912,"1111111111111111111111111111111111111111111111111111111111111111111111111111111111111111111111111111",1.0,0.0,0.9999963887313974,"1111111111111111111111111111111111111111111111111111111111111111111111111111111111111111111111111111",0.0
845,392985101,"insertion",276990,"0000000000000000000000000000000000000000000000000000000000000000000000000000000000000000000000000000",0.0,0.0,1.4441006682575842e-05,"0000000000000000000000000000000000000000000000000000000000000000000000000000000000000000000000000000",0.0
845,392985101,"omission",276990,"1111111111111111111111111111111111111111111111111111111111111111111111111111111111111111111111111111",1.0,0.0,0.998671427385203,"1111111111111111111111111111111111111111111111111111111111111111111111111111111111111111111111111111",0.0
846,864666447,"insertion",276771,"0000000000000000000000000000000000000000000000000000000000000000000000000000000000000000000000000000",0.0,0.0,3.61310835711963e-06,"0000000000000000000000000000000000000000000000000000000000000000000000000000000000000000000000000000",0.0
846,864666447,"omission",276771,"1111111111111111111111111111111111211111131111111111111111111111511111111111111111211111111111111111",0.9966666666666667,0.04,0.9951584348014597,"1111111111111111111111111111111111211111131111111111111111111111511111111111111111211111111111111111",0.04
847,965958911,"insertion",277186,"0000000000000000000000000000000000000000000000000000000000000000000000000000000000000000000000000000",0.0,0.0,1.4430795317206919e-05,"0000000000000000000000000000000000000000000000000000000000000000000000000000000000000000000000000000",0.0
847,965958911,"omission",277186,"1111111111111111111111111111111111111111111111101111111111111111111111111111111111111111111111111111",0.9996666666666667,0.01,0.9993866911990187,"1111111111111111111111111111111111111111111111101111111111111111111111111111111111111111111111111111",0.01
848,2068674514,"insertion",276697,"0000000000000000000000000000000000000000000000000000000000000000000000000000000000000000000000000000",0.007,0.0,0.006310174342961228,"0000000000000000000000000000000000000000000000000000000000000000000000000000000000000000000000000000",0.0
848,2068674514,"omission",276697,"1111111111111111111111111111111111111111111111111111111111111111111111111111111111111111111111111111",1.0,0.0,0.9999963859253477,"1111111111111111111111111111111111111111111111111111111111111111111111111111111111111111111111111111",0.0
849,2014705731,"insertion",277068,"0000000000000000000000000000000000000000000000000000000000000000000000000000000000000000000000000000",0.0,0.0,7.218470622629184e-06,"0000000000000000000000000000000000000000000000000000000000000000000000000000000000000000000000000000",0.0
849,2014705731,"omission",277068,"1111111111111111111411111111111111111111111111111111111111111111111111111111111111111111111111111111",1.0,0.01,0.9992276236433787,"1111111111111111111411111111111111111111111111111111111111111111111111111111111111111111111111111111",0.01
850,2562843791,"insertion",277229,"0000000000000000000000000000000000000000000000000000000000000000000000000000000000000000000000000000",0.031,0.0,0.027414258300027413,"0000000000000000000000000000000000000000000000000000000000000000000000000000000000000000000000000000",0.0
850,2562843791,"omission",277229,"1111111111111111111111111111111111111111111111111111111111111111111111111111111111111111111111111111",1.0,0.0,0.99999639286075,"1111111111111111111111111111111111111111111111111111111111111111111111111111111111111111111111111111",0.0
851,2940786228,"insertion",276834,"0000000000000000000000000000000000000000000000000000000000000000000000000000000000000000000000000000",0.010333333333333333,0.0,0.009037939840987165,"0000000000000000000000000000000000000000000000000000000000000000000000000000000000000000000000000000",0.0
851,2940786228,"omission",276834,"1111111111111111111111111111111111111111111111111111111112111111111111111111111111111111111111111011",0.9976666666666667,0.02,0.9931402686818407,"1111111111111111111111111111111111111111111111111111111112111111111111111111111111111111111111111011",0.02
852,877266092,"insertion",277195,"0000000000000000000000000000000000000000000000000000000000000000000000000000000000000000000000000000",0.009666666666666667,0.0,0.01011565906909962,"0000000000000000000000000000000000000000000000000000000000000000000000000000000000000000000000000000",0.0
852,877266092,"omission",277195,"1111111111111111111111111111111111111111111111111111111111111111111111111111111111111111111111111111",1.0,0.0,0.9999963924183063,"1111111111111111111111111111111111111111111111111111111111111111111111111111111111111111111111111111",0.0
853,991265218,"insertion",277047,"0000000000000000000000000000000000000000000000000000000000000000000000000000000000000000000000000000",0.0,0.0,1.4438035560881586e-05,"0000000000000000000000000000000000000000000000000000000000000000000000000000000000000000000000000000",0.0
853,991265218,"omission",277047,"1111111111111111111111111111111111111111111111111111111111111111111111111111131111111111111111111111",1.0,0.01,0.9999963904911098,"1111111111111111111111111111111111111111111111111111111111111111111111111111131111111111111111111111",0.01
854,374279374,"insertion",276473,"0000000000000000000000000000000000000000000000000000000000000000000000000000000000000000000000000000",0.0,0.0,3.617002806794178e-06,"0000000000000000000000000000000000000000000000000000000000000000000000000000000000000000000000000000",0.0
854,374279374,"omission",276473,"1111111111111111111111111111111111111111111111111111111111101111111111111411111111111111111111111111",0.997,0.02,0.9968676755693162,"1111111111111111111111111111111111111111111111111111111111101111111111111411111111111111111111111111",0.02
855,688595965,"insertion",276291,"0000000000000000000000000000000000000000000000000000000000000000000000000000000000000000000000000000",0.0,0.0,3.6193854283542653e-06,"0000000000000000000000000000000000000000000000000000000000000000000000000000000000000000000000000000",0.0
855,688595965,"omission",276291,"1111111111111111111111111111111111111111111111111111111111111111111411111111111111111111111111111111",0.9973333333333333,0.01,0.99683303775019,"1111111111111111111111111111111111111111111111111111111111111111111411111111111111111111111111111111",0.01
856,2868860979,"insertion",276891,"0000000000000000000000000000000000000000000000000000000000000000000000000000000000000000000000000000",0.0,0.0,3.6115424897973925e-06,"0000000000000000000000000000000000000000000000000000000000000000000000000000000000000000000000000000",0.0
856,2868860979,"omission",276891,"1111111111111411111111111111111111111111111111111111111111111111111111111111111111111111111111111111",1.0,0.01,0.9999891653725306,"1111111111111411111111111111111111111111111111111111111111111111111111111111111111111111111111111111",0.01
857,4271234150,"insertion",277003,"0000000000000000000000000000000000000000000000000000000000000000000000000000000000000000000000000000",0.0,0.0,7.220164475346748e-06,"0000000000000000000000000000000000000000000000000000000000000000000000000000000000000000000000000000",0.0
857,4271234150,"omission",277003,"1111111111111111111111111111111111111111111111111111111121111111111111111111111111111111111111111111",0.998,0.01,0.9959928087161826,"1111111111111111111111111111111111111111111111111111111121111111111111111111111111111111111111111111",0.01
858,3417158027,"insertion",277422,"0000000000000000000000000000000000000000000000000000000000000000000000000000000000000000000000000000",0.021333333333333333,0.0,0.021079874991439006,"0000000000000000000000000000000000000000000000000000000000000000000000000000000000000000000000000000",0.0
858,3417158027,"omission",277422,"1111111111111111111111111111111111111111111111111411111111111111111111111111111111111111111111111111",0.9986666666666667,0.01,0.9973866434047891,"1111111111111111111111111111111111111111111111111411111111111111111111111111111111111111111111111111",0.01
859,3579946813,"insertion",277296,"0000000000000000000000000000000000000000000000000000000000000000000000000000000000000000000000000000",0.0,0.0,3.60626769325087e-06,"0000000000000000000000000000000000000000000000000000000000000000000000000000000000000000000000000000",0.0
859,3579946813,"omission",277296,"1111111111111111111111111111111111111111111111111111111111111111111111111111111111111111111111111111",0.998,0.0,0.9977172325501722,"1111111111111111111111111111111111111111111111111111111111111111111111111111111111111111111111111111",0.0
860,4190015115,"insertion",277023,"0000000000000000000000000000000000000000000000000000000000000000000000000000000000000000000000000000",0.0,0.0,2.1658929615698393e-05,"0000000000000000000000000000000000000000000000000000000000000000000000000000000000000000000000000000",0.0
860,4190015115,"omission",277023,"1111111111111111111111111111111111111111111111111111111111111111111111111111151111111111111111111111",0.998,0.01,0.9990289579888962,"1111111111111111111111111111111111111111111111111111111111111111111111111111151111111111111111111111",0.01
861,1189869773,"insertion",276849,"0000000000000000000000000000000000000000000000000000000000000000000000000000000000000000000000000000",0.0,0.0,7.2241807778997864e-06,"0000000000000000000000000000000000000000000000000000000000000000000000000000000000000000000000000000",0.0
861,1189869773,"omission",276849,"1111111111111111111111111111111111111111111111111111111111111111111111111111111111111111111111111111",0.997,0.0,0.9935632549268912,"1111111111111111111111111111111111111111111111111111111111111111111111111111111111111111111111111111",0.0
862,1323958090,"insertion",276560,"0000000000000000000000000000000000000000000000000000000000000000000000000000000000000000000000000000",0.0,0.0,3.6158649691385926e-06,"0000000000000000000000000000000000000000000000000000000000000000000000000000000000000000000000000000",0.0
862,1323958090,"omission",276560,"1111111111111111111111111111111111111111111111111111111111111111111111111111111111111111111111111111",0.994,0.0,0.9929852219598712,"1111111111111111111111111111111111111111111111111111111111111111111111111111111111111111111111111111",0.0
863,5212589,"insertion",276498,"0000000000000000000000000000000000000000000000000000000000000000000000000000000000000000000000000000",0.0033333333333333335,0.0,0.002231488949247189,"0000000000000000000000000000000000000000000000000000000000000000000000000000000000000000000000000000",0.0
863,5212589,"omission",276498,"1111111111111111111111111111111111111111111111111111111111111111111111111111111111111111111111111111",0.9993333333333333,0.0,0.9962205738217774,"1111111111111111111111111111111111111111111111111111111111111111111111111111111111111111111111111111",0.0
864,1678817487,"insertion",276701,"0000000000000000000000000000000000000000000000000000000000000000000000000000000000000000000000000000",0.0,0.0,3.614022406938923e-06,"0000000000000000000000000000000000000000000000000000000000000000000000000000000000000000000000000000",0.0
864,1678817487,"omission",276701,"1111111111111111111111111111111111111111111111111111111111111111111111111111111111111111111111111111",1.0,0.0,0.9999927719551861,"1111111111111111111111111111111111111111111111111111111111111111111111111111111111111111111111111111",0.0
865,262129112,"insertion",276892,"0000000000000000000000000000000000000000000000000000000000000000000000000000000000000000000000000000",0.0,0.0,3.611529446605343e-06,"0000000000000000000000000000000000000000000000000000000000000000000000000000000000000000000000000000",0.0
865,262129112,"omission",276892,"1111111111111111111111111111111111111111111111111111111111111111111111111111111111111411111111111111",0.999,0.01,0.998443430808513,"1111111111111111111111111111111111111111111111111111111111111111111111111111111111111411111111111111",0.01
866,1836772485,"insertion",276861,"0000000000000000000000000000000000000000000000000000000000000000000000000000000000000000000000000000",0.009666666666666667,0.0,0.009437983096149679,"0000000000000000000000000000000000000000000000000000000000000000000000000000000000000000000000000000",0.0
866,1836772485,"omission",276861,"1111111111111111111111111111111111111111111111111111111111111111111111111111111111111111111111111111",1.0,0.0,0.9997399407642852,"1111111111111111111111111111111111111111111111111111111111111111111111111111111111111111111111111111",0.0
867,1713798665,"insertion",277283,"0000000000000000000000000000000000000000000000000000000000000000000000000000000000000000000000000000",0.004,0.0,0.003303496079803233,"0000000000000000000000000000000000000000000000000000000000000000000000000000000000000000000000000000",0.0
867,1713798665,"omission",277283,"1111111111111111111111111111111111111111111111111111111111111111111111111111111111111111111111111151",1.0,0.01,0.9999963935632317,"1111111111111111111111111111111111111111111111111111111111111111111111111111111111111111111111111151",0.01
868,1473907297,"insertion",276876,"0000000000000000000000000000000000000000000000000000000000000000000000000000000000000000000000000000",0.006333333333333333,0.0,0.00770744920993228,"0000000000000000000000000000000000000000000000000000000000000000000000000000000000000000000000000000",0.0
868,1473907297,"omission",276876,"1111111111111111111111111111111111111111111111111111111111111111111111111111111111111111111111111111",0.9946666666666667,0.0,0.9936686230248307,"1111111111111111111111111111111111111111111111111111111111111111111111111111111111111111111111111111",0.0
869,233480139,"insertion",277527,"0000000000000000000000000000000000000000000000000000000000000000000000000000000000000000000000000000",0.0,0.0,3.6032660003026743e-06,"0000000000000000000000000000000000000000000000000000000000000000000000000000000000000000000000000000",0.0
869,233480139,"omission",277527,"1111111111111111111111111111111111111111111111111111111111111111111111111111211111111111111111111111",1.0,0.01,0.9999855869359988,"1111111111111111111111111111111111111111111111111111111111111111111111111111211111111111111111111111",0.01
870,3941560723,"insertion",276682,"0000000000000000000000000000000000000000000000000000000000000000000000000000000000000000000000000000",0.0,0.0,3.61427058598169e-06,"0000000000000000000000000000000000000000000000000000000000000000000000000000000000000000000000000000",0.0
870,3941560723,"omission",276682,"1111111111111111111411111111111111111111111111111111111111111111111111111111111111111111111111111111",1.0,0.01,0.9999963857294141,"1111111111111111111411111111111111111111111111111111111111111111111111111111111111111111111111111111",0.01
871,2020970527,"insertion",276570,"0000000000000000000000000000000000000000000000000000000000000000000000000000000000000000000000000000",0.0,0.0,3.6157342290712265e-06,"0000000000000000000000000000000000000000000000000000000000000000000000000000000000000000000000000000",0.0
871,2020970527,"omission",276570,"1111111111111111111111111111111111111111111111111111111111111511111111111111111111111111111111111111",0.998,0.01,0.995943146194982,"1111111111111111111111111111111111111111111111111111111111111511111111111111111111111111111111111111",0.01
872,3708093388,"insertion",277275,"0000000000000000000000000000000000000000000000000000000000000000000000000000000000000000000000000000",0.0,0.0,3.606540822435569e-06,"0000000000000000000000000000000000000000000000000000000000000000000000000000000000000000000000000000",0.0
872,3708093388,"omission",277275,"1111111111111111111111111111111111111111111111111111111111111111121111111111111111111111111111111112",0.9976666666666667,0.02,0.9973491924955099,"1111111111111111111111111111111111111111111111111111111111111111121111111111111111111111111111111112",0.02
873,2700386100,"insertion",277217,"0000000000000000000000000000000000000000000000000000000000000000000000000000000000000000000000000000",0.024,0.0,0.024316778252337527,"0000000000000000000000000000000000000000000000000000000000000000000000000000000000000000000000000000",0.0
873,2700386100,"omission",277217,"1111111111111111111111111111111111111111111111111111111111111111111111111111111311111111111111111112",1.0,0.02,0.9999963927046058,"1111111111111111111111111111111111111111111111111111111111111111111111111111111311111111111111111112",0.02
874,1877066097,"insertion",276037,"0000000000000000000000000000000000000000000000000000000000000000000000000000000000000000000000000000",0.035,0.0,0.028329638163138143,"0000000000000000000000000000000000000000000000000000000000000000000000000000000000000000000000000000",0.0
874,1877066097,"omission",276037,"1111111111111111111111111111111111111111111111111111311111111111111111111111111111111111111111111111",1.0,0.01,0.9999963772841224,"1111111111111111111111111111111111111111111111111111311111111111111111111111111111111111111111111111",0.01
875,1998080211,"insertion",277490,"0000000000000000000000000000000000000000000000000000000000000000000000000000000000000000000000000000",0.0023333333333333335,0.0,0.002587489954556757,"0000000000000000000000000000000000000000000000000000000000000000000000000000000000000000000000000000",0.0
875,1998080211,"omission",277490,"1111111111111111111111111111111111111111111111111111111111111111111111111111111111111111111111111111",0.9996666666666667,0.0,0.9991603270760282,"1111111111111111111111111111111111111111111111111111111111111111111111111111111111111111111111111111",0.0
876,2182225519,"insertion",276958,"0000000000000000000000000000000000000000000000000000000000000000000000000000000000000000000000000000",0.0,0.0,3.6106688041825986e-06,"0000000000000000000000000000000000000000000000000000000000000000000000000000000000000000000000000000",0.0
876,2182225519,"omission",276958,"1111121111111111111111111111111111111511111111111111111111111111111111111111111111111111111111111111",0.997,0.02,0.9966817953689562,"1111121111111111111111111111111111111511111111111111111111111111111111111111111111111111111111111111",0.02
877,3799459205,"insertion",277585,"0000000000000000000000000000000000000000000000000000000000000000000000000000000000000000000000000000",0.005333333333333333,0.0,0.005998184333390974,"0000000000000000000000000000000000000000000000000000000000000000000000000000000000000000000000000000",0.0
877,3799459205,"omission",277585,"1111111111111111111111111111011111111111111111111111111111111111111111111111111111111111111111111111",0.996,0.01,0.9953635656233789,"1111111111111111111111111111011111111111111111111111111111111111111111111111111111111111111111111111",0.01
878,3284976926,"insertion",277022,"0000000000000000000000000000000000000000000000000000000000000000000000000000000000000000000000000000",0.005333333333333333,0.0,0.009284494677298832,"0000000000000000000000000000000000000000000000000000000000000000000000000000000000000000000000000000",0.0
878,3284976926,"omission",277022,"1111112111111111111111111111111111111111111111111111111111111111111111111111111111112111111111111121",0.995,0.03,0.9916396229888709,"1111112111111111111111111111111111111111111111111111111111111111111111111111111111112111111111111121",0.03
879,1803990060,"insertion",276944,"0000000000000000000000000000000000000000000000000000000000000000000000000000000000000000000000000000",0.0,0.0,3.610851330418173e-06,"0000000000000000000000000000000000000000000000000000000000000000000000000000000000000000000000000000",0.0
879,1803990060,"omission",276944,"1111111111111111511111111111111111111111111111111111111111111111111111111110111111111111111111111111",1.0,0.02,0.9999963891486696,"1111111111111111511111111111111111111111111111111111111111111111111111111110111111111111111111111111",0.02
880,39151140,"insertion",277248,"0000000000000000000000000000000000000000000000000000000000000000000000000000000000000000000000000000",0.0,0.0,3.6068920493278555e-06,"0000000000000000000000000000000000000000000000000000000000000000000000000000000000000000000000000000",0.0
880,39151140,"omission",277248,"1111111111111111111121111111111111111111111111111111111111111111111111111111111111111111111111111111",0.999,0.01,0.9981532712707442,"1111111111111111111121111111111111111111111111111111111111111111111111111111111111111111111111111111",0.01
881,1874680552,"insertion",276965,"0000000000000000000000000000000000000000000000000000000000000000000000000000000000000000000000000000",0.006666666666666667,0.0,0.007788015771002729,"0000000000000000000000000000000000000000000000000000000000000000000000000000000000000000000000000000",0.0
881,1874680552,"omission",276965,"1111121111111111111111111111111111111111111111111111111111111111111111111111111111111111111111111111",1.0,0.01,0.9999963894224521,"1111121111111111111111111111111111111111111111111111111111111111111111111111111111111111111111111111",0.01
882,2738251548,"insertion",276529,"0000000000000000000000000000000000000000000000000000000000000000000000000000000000000000000000000000",0.0,0.0,3.6162703234392175e-06,"0000000000000000000000000000000000000000000000000000000000000000000000000000000000000000000000000000",0.0
882,2738251548,"omission",276529,"1111111111111111111111111111111111111111111111111111111111111111111111111111111111111111111111111111",0.997,0.0,0.9948287334374819,"1111111111111111111111111111111111111111111111111111111111111111111111111111111111111111111111111111",0.0
883,2592943523,"insertion",276529,"0000000000000000000000000000000000000000000000000000000000000000000000000000000000000000000000000000",0.0,0.0,3.6162703234392175e-06,"0000000000000000000000000000000000000000000000000000000000000000000000000000000000000000000000000000",0.0
883,2592943523,"omission",276529,"1111111111111111111111111111111111111113111111111111111111111111111111111111111111111111111111111111",0.999,0.01,0.9979531909969334,"1111111111111111111111111111111111111113111111111111111111111111111111111111111111111111111111111111",0.01
884,2858424083,"insertion",277070,"0000000000000000000000000000000000000000000000000000000000000000000000000000000000000000000000000000",0.0,0.0,3.6092092583435896e-06,"0000000000000000000000000000000000000000000000000000000000000000000000000000000000000000000000000000",0.0
884,2858424083,"omission",277070,"1311111111111111111111411111111111111111111111111111111111111111111111111141111111111111111111111111",0.9976666666666667,0.03,0.9957483514936712,"1311111111111111111111411111111111111111111111111111111111111111111111111141111111111111111111111111",0.03
885,1767447387,"insertion",277002,"0000000000000000000000000000000000000000000000000000000000000000000000000000000000000000000000000000",0.0,0.0,3.6100952704141864e-06,"0000000000000000000000000000000000000000000000000000000000000000000000000000000000000000000000000000",0.0
885,1767447387,"omission",277002,"1111111111113111111111111111111111111111111111111111111111111111111111141111111111111111111111111111",0.9983333333333333,0.02,0.9974043415005722,"1111111111113111111111111111111111111111111111111111111111111111111111141111111111111111111111111111",0.02
886,948894425,"insertion",277379,"0000000000000000000000000000000000000000000000000000000000000000000000000000000000000000000000000000",0.0,0.0,3.6051885874150076e-06,"0000000000000000000000000000000000000000000000000000000000000000000000000000000000000000000000000000",0.0
886,948894425,"omission",277379,"1111111111111111111111111111111111111111111111111111111111111111111111111111111111111111111111111111",1.0,0.0,0.9999963948114126,"1111111111111111111111111111111111111111111111111111111111111111111111111111111111111111111111111111",0.0
887,1673301878,"insertion",277582,"0000000000000000000000000000000000000000000000000000000000000000000000000000000000000000000000000000",0.014333333333333333,0.0,0.016524906243582955,"0000000000000000000000000000000000000000000000000000000000000000000000000000000000000000000000000000",0.0
887,1673301878,"omission",277582,"1111111111111111111111111111111111111111111111111111111111111111111111111111111111111111111111111111",1.0,0.0,0.9999567693754255,"1111111111111111111111111111111111111111111111111111111111111111111111111111111111111111111111111111",0.0
888,2767898172,"insertion",277389,"0000000000000000000000000000000000000000000000000000000000000000000000000000000000000000000000000000",0.0023333333333333335,0.0,0.002307237515682005,"0000000000000000000000000000000000000000000000000000000000000000000000000000000000000000000000000000",0.0
888,2767898172,"omission",277389,"1111111111111111111111111111111111111111111111111111111111111111111111111111111111111111141111111111",1.0,0.01,0.9999927898827635,"1111111111111111111111111111111111111111111111111111111111111111111111111111111111111111141111111111",0.01
889,2457806272,"insertion",276825,"0000000000000000000000000000000000000000000000000000000000000000000000000000000000000000000000000000",0.0033333333333333335,0.0,0.0055956130971303066,"0000000000000000000000000000000000000000000000000000000000000000000000000000000000000000000000000000",0.0
889,2457806272,"omission",276825,"1111111111111111111111111111111111111111111111111111111111111111111111111111111111111111111111111111",1.0,0.0,0.9999963875964512,"1111111111111111111111111111111111111111111111111111111111111111111111111111111111111111111111111111",0.0
890,933233379,"insertion",277136,"0000000000000000000000000000000000000000000000000000000000000000000000000000000000000000000000000000",0.0,0.0,3.608349721254984e-06,"0000000000000000000000000000000000000000000000000000000000000000000000000000000000000000000000000000",0.0
890,933233379,"omission",277136,"1111111111111111111111111111111111111111111111111111111111111111111111111111111111111111111111111111",0.997,0.0,0.9941941652985007,"1111111111111111111111111111111111111111111111111111111111111111111111111111111111111111111111111111",0.0
891,4058454866,"insertion",276912,"0000000000000000000000000000000000000000000000000000000000000000000000000000000000000000000000000000",0.009333333333333334,0.0,0.007822007793117645,"0000000000000000000000000000000000000000000000000000000000000000000000000000000000000000000000000000",0.0
891,4058454866,"omission",276912,"1111111111111111111111115111111111111111111111111111111111111111111111111111111111111111111111111111",1.0,0.01,0.9999747211197821,"1111111111111111111111115111111111111111111111111111111111111111111111111111111111111111111111111111",0.01
892,991088209,"insertion",276497,"0000000000000000000000000000000000000000000000000000000000000000000000000000000000000000000000000000",0.014333333333333333,0.0,0.015215409987847926,"0000000000000000000000000000000000000000000000000000000000000000000000000000000000000000000000000000",0.0
892,991088209,"omission",276497,"1111111111111111111111111111111111111111111111111111111115111111111111111111111111111111111111111111",0.9996666666666667,0.01,0.9970451652103466,"1111111111111111111111111111111111111111111111111111111115111111111111111111111111111111111111111111",0.01
893,2848833490,"insertion",277543,"0000000000000000000000000000000000000000000000000000000000000000000000000000000000000000000000000000",0.0,0.0,3.6030582758645536e-06,"0000000000000000000000000000000000000000000000000000000000000000000000000000000000000000000000000000",0.0
893,2848833490,"omission",277543,"1111111111111114111111111111111111111111111111111111111111111111111111111111111111111111111111311111",1.0,0.02,0.9995279993658618,"1111111111111114111111111111111111111111111111111111111111111111111111111111111111111111111111311111",0.02
894,1971128093,"insertion",277001,"0000000000000000000000000000000000000000000000000000000000000000000000000000000000000000000000000000",0.0013333333333333333,0.0,0.001700361010830325,"0000000000000000000000000000000000000000000000000000000000000000000000000000000000000000000000000000",0.0
894,1971128093,"omission",277001,"1111111211111111111111111111111111111111111111111111131111111111111111111111111111111111111111111111",0.9986666666666667,0.02,0.9980938628158845,"1111111211111111111111111111111111111111111111111111131111111111111111111111111111111111111111111111",0.02
895,229191112,"insertion",276906,"0000000000000000000000000000000000000000000000000000000000000000000000000000000000000000000000000000",0.0,0.0,3.611346851808382e-06,"0000000000000000000000000000000000000000000000000000000000000000000000000000000000000000000000000000",0.0
895,229191112,"omission",276906,"1111111111111111111111111111111111111111111111111111111111111111111111111111111111111111111111111111",1.0,0.0,0.9999963886531482,"1111111111111111111111111111111111111111111111111111111111111111111111111111111111111111111111111111",0.0
896,2955582094,"insertion",276578,"0000000000000000000000000000000000000000000000000000000000000000000000000000000000000000000000000000",0.008333333333333333,0.0,0.01007675981733839,"0000000000000000000000000000000000000000000000000000000000000000000000000000000000000000000000000000",0.0
896,2955582094,"omission",276578,"1111111111111111111111111111111111111111111111111111111111111111111111111111111111111111111111111111",1.0,0.0,0.9999963843703562,"1111111111111111111111111111111111111111111111111111011111111111111111111111111111111111111111111111",0.01
897,2317730960,"insertion",277881,"0000000000000000000000000000000000000000000000000000000000000000000000000000000000000000000000000000",0.0033333333333333335,0.0,0.0024722901972074277,"0000000000000000000000000000000000000000000000000000000000000000000000000000000000000000000000000000",0.0
897,2317730960,"omission",277881,"1111111111111111111111111111111111111111111111111111111111111111111111111111111111111111111111111111",1.0,0.0,0.9999964013243127,"1111111111111111111111111111111111111111111111111111111111111111111111111111111111111111111111111111",0.0
898,2246192249,"insertion",277037,"0000000000000000000000000000000000000000000000000000000000000000000000000000000000000000000000000000",0.01633333333333333,0.0,0.013077722750833827,"0000000000000000000000000000000000000000000000000000000000000000000000000000000000000000000000000000",0.0
898,2246192249,"omission",277037,"1111111111111111111111111111111111111111111111111111111111113111111111111111111111111111111111111111",1.0,0.01,0.9999963903608196,"1111111111111111111111111111111111111111111111111111111111113111111111111111111111111111111111111111",0.01
899,1654730265,"insertion",276755,"0000000000000000000000000000000000000000000000000000000000000000000000000000000000000000000000000000",0.004666666666666667,0.0,0.00568374802170881,"0000000000000000000000000000000000000000000000000000000000000000000000000000000000000000000000000000",0.0
899,1654730265,"omission",276755,"1111111111111111111111111111111111111111111111111111111111111111111111111111111111111111111111111111",0.9983333333333333,0.0,0.9949919423025503,"1111111111111111111111111111111111111111111111111111111111111111111111111111111111111111111111111111",0.0
900,741815200,"insertion",276753,"0000000000000000000000000000000000000000000000000000000000000000000000000000000000000000000000000000",0.014666666666666666,0.0,0.014641267271781234,"0000000000000000000000000000000000000000000000000000000000000000000000000000000000000000000000000000",0.0
900,741815200,"omission",276753,"1111111111111111111111111111111111111111111111111111111111111111111111111111111111111111111111111111",1.0,0.0,0.9999927733132913,"1111111111111111111111111111111111111111111111111111111111111111111111111111111111111111111111111111",0.0
901,3447527141,"insertion",277189,"0000000000000000000000000000000000000000000000000000000000000000000000000000000000000000000000000000",0.0,0.0,3.6076597832518e-06,"0000000000000000000000000000000000000000000000000000000000000000000000000000000000000000000000000000",0.0
901,3447527141,"omission",277189,"1112141111111111111111111111111111111111111111111111111111111111111111111111111111111111111111111111",0.9973333333333333,0.02,0.9964356321341472,"1112141111111111111111111111111111111111111111111111111111111111111111111111111111111111111111111111",0.02
902,3888878627,"insertion",277079,"0000000000000000000000000000000000000000000000000000000000000000000000000000000000000000000000000000",0.003,0.0,0.003713755693342669,"0000000000000000000000000000000000000000000000000000000000000000000000000000000000000000000000000000",0.0
902,3888878627,"omission",277079,"1111111111111111111111111111111111111111111111111111111111111111111111111111111111111111111111111111",1.0,0.0,0.9999963909079753,"1111111111111111111111111111111111111111111111111111111111111111111111111111111111111111111111111111",0.0
903,1191692896,"insertion",276415,"0000000000000000000000000000000000000000000000000000000000000000000000000000000000000000000000000000",0.0,0.0,3.617761763152373e-06,"0000000000000000000000000000000000000000000000000000000000000000000000000000000000000000000000000000",0.0
903,1191692896,"omission",276415,"1111111111111511111111111111111111111111111111111111111111111111111111111111111111111111111111111111",0.9983333333333333,0.01,0.9963388250956898,"1111111111111511111111111111111111111111111111111111111111111111111111111111111111111111111111111111",0.01
904,2085386124,"insertion",276832,"0000000000000000000000000000000000000000000000000000000000000000000000000000000000000000000000000000",0.0,0.0,3.6123122049192467e-06,"0000000000000000000000000000000000000000000000000000000000000000000000000000000000000000000000000000",0.0
904,2085386124,"omission",276832,"1111111111111111111111111111111111131111111111111111111111111111111111111111111111111111111111111111",1.0,0.01,0.9999963876877951,"1111111111111111111111111111111111131111111111111111111111111111111111111111111111111111111111111111",0.01
905,4037301413,"insertion",276412,"0000000000000000000000000000000000000000000000000000000000000000000000000000000000000000000000000000",0.007333333333333333,0.0,0.00927604183625109,"0000000000000000000000000000000000000000000000000000000000000000000000000000000000000000000000000000",0.0
905,4037301413,"omission",276412,"1111111315111111111111111111111111111111111111111111111111111111111111111111111111111111111111111411",1.0,0.03,0.9999891465969155,"1111111315111111111111111111111111111111111111111111111111111111111111111111111111111111111111111411",0.03
906,1827084528,"insertion",276796,"0000000000000000000000000000000000000000000000000000000000000000000000000000000000000000000000000000",0.0,0.0,3.6127820227966546e-06,"0000000000000000000000000000000000000000000000000000000000000000000000000000000000000000000000000000",0.0
906,1827084528,"omission",276796,"1111111111111111111111111111111111111111111111111111111111111111111111111111211111111111111111111111",0.9966666666666667,0.01,0.9964630863996821,"1111111111111111111111111111111111111111111111111111111111111111111111111111211111111111111111111111",0.01
907,2239647898,"insertion",277180,"0000000000000000000000000000000000000000000000000000000000000000000000000000000000000000000000000000",0.0016666666666666668,0.0,0.0022909383467001466,"0000000000000000000000000000000000000000000000000000000000000000000000000000000000000000000000000000",0.0
907,2239647898,"omission",277180,"1111111111111111111111111111111111511111111111111111111111111111111111111111111111111111111111111111",1.0,0.01,0.999996392223076,"1111111111111111111111111111111111511111111111111111111111111111111111111111111111111111111111111111",0.01
908,762986727,"insertion",277113,"0000000000000000000000000000000000000000000000000000000000000000000000000000000000000000000000000000",0.0,0.0,3.6086492104275526e-06,"0000000000000000000000000000000000000000000000000000000000000000000000000000000000000000000000000000",0.0
908,762986727,"omission",277113,"1111111111311111111111111111111111111111111111111111111111111111111111111111111111111111111111111111",1.0,0.01,0.9999963913507895,"1111111111311111111111111111111111111111111111111111111111111111111111111111111111111111111111111111",0.01
909,478992413,"insertion",277107,"0000000000000000000000000000000000000000000000000000000000000000000000000000000000000000000000000000",0.0,0.0,3.6087273462140844e-06,"0000000000000000000000000000000000000000000000000000000000000000000000000000000000000000000000000000",0.0
909,478992413,"omission",277107,"1111111111111111111111111111111111111111111111111111111111111111111111111111111111111111111111111111",0.9993333333333333,0.0,0.9992349498026026,"1111111111111111111111111111111111111111111111111111111111111111111111111111111111111111111111111111",0.0
910,1502671657,"insertion",277673,"0000000000000000000000000000000000000000000000000000000000000000000000000000000000000000000000000000",0.001,0.0,0.0018330980437350542,"0000000000000000000000000000000000000000000000000000000000000000000000000000000000000000000000000000",0.0
910,1502671657,"omission",277673,"1111111111111111111111111111111111111111111111111111111111111111111111111111111111111111111111111111",0.995,0.0,0.9921490103431386,"1111111111111111111111111111111111111111111111111111111111111111111111111111111111111111111111111111",0.0
911,855641789,"insertion",277446,"0000000000000000000000000000000000000000000000000000000000000000000000000000000000000000000000000000",0.011,0.0,0.009187406513002577,"0000000000000000000000000000000000000000000000000000000000000000000000000000000000000000000000000000",0.0
911,855641789,"omission",277446,"1111111111111111111111111111111111111111111111111111111111121111111111111111111111111111111111111111",0.9996666666666667,0.01,0.9984285173638018,"1111111111111111111111111111111111111111111111111111111111121111111111111111111111111111111111111111",0.01
912,2465031680,"insertion",277303,"0000000000000000000000000000000000000000000000000000000000000000000000000000000000000000000000000000",0.0,0.0,7.2123533187643795e-06,"0000000000000000000000000000000000000000000000000000000000000000000000000000000000000000000000000000",0.0
912,2465031680,"omission",277303,"1111111111111111111111111111111111111111111111111111111112111111111111111111111111111111111111111111",1.0,0.01,0.9999927876466812,"1111111111111111111111111111111111111111111111111111111112111111111111111111111111111111111111111111",0.01
913,1803047176,"insertion",277900,"0000000000000000000000000000000000000000000000000000000000000000000000000000000000000000000000000000",0.0,0.0,3.5984296453027897e-06,"0000000000000000000000000000000000000000000000000000000000000000000000000000000000000000000000000000",0.0
913,1803047176,"omission",277900,"1111111111111111111111111111113111111111111111111111111111111111111111111111111111111111111411111111",1.0,0.02,0.9999964015703547,"1111111111111111111111111111113111111111111111111111111111111111111111111111111111111111111411111111",0.02
914,1787352853,"insertion",277821,"0000000000000000000000000000000000000000000000000000000000000000000000000000000000000000000000000000",0.004666666666666667,0.0,0.005867108199553668,"0000000000000000000000000000000000000000000000000000000000000000000000000000000000000000000000000000",0.0
914,1787352853,"omission",277821,"1111111111111111111111111111111111011121111111111111111111111111111111111111111111111111111111111111",1.0,0.02,0.9990677417032611,"1211111111111111111111111111111111011121111111111111111111111111111111111111111111111111111111111111",0.03
915,817137226,"insertion",276998,"0000000000000000000000000000000000000000000000000000000000000000000000000000000000000000000000000000",0.0023333333333333335,0.0,0.0029242193958779338,"0000000000000000000000000000000000000000000000000000000000000000000000000000000000000000000000000000",0.0
915,817137226,"omission",276998,"1111111111111111111111111111111111111111111111111111111111111111111111111111111111111111111111111111",1.0,0.0,0.9999963898525976,"1111111111111111111111111111111111111111111111111111111111111111111111111111111111111111111111111111",0.0
916,3384282085,"insertion",277112,"0000000000000000000000000000000000000000000000000000000000000000000000000000000000000000000000000000",0.0,0.0,0.000350040236583896,"0000000000000000000000000000000000000000000000000000000000000000000000000000000000000000000000000000",0.0
916,3384282085,"omission",277112,"1111111111111211111111111111111111111111111111111111111111111111111111111111111111111111111111141111",1.0,0.02,0.9997257416703054,"1111111111111211111111111111111111111111111111111111111111111111111111111111111111111111111111141111",0.02
917,4000724750,"insertion",276705,"0000000000000000000000000000000000000000000000000000000000000000000000000000000000000000000000000000",0.0016666666666666668,0.0,0.0019407019775644731,"0000000000000000000000000000000000000000000000000000000000000000000000000000000000000000000000000000",0.0
917,4000724750,"omission",276705,"5111111111111111111111111111111111111121111111111111111111111111111111111111111111111111111111111111",1.0,0.02,0.999996386029837,"5111111111111111111111111111111111111121111111111111111111111111111111111111111111111111111111111111",0.02
918,2707031609,"insertion",276863,"0000000000000000000000000000000000000000000000000000000000000000000000000000000000000000000000000000",0.0,0.0,3.611907737428755e-06,"0000000000000000000000000000000000000000000000000000000000000000000000000000000000000000000000000000",0.0
918,2707031609,"omission",276863,"1111111111111111111111111111111111111111111111111112111111111111211111115111111111111111111111111111",1.0,0.03,0.9999927761845251,"1111111111111111111111111111111111111111111111111112111111111111211111115111111111111111111111111111",0.03
919,1136474070,"insertion",276699,"0000000000000000000000000000000000000000000000000000000000000000000000000000000000000000000000000000",0.042,0.0,0.04237833305625628,"0000000000000000000000000000000000000000000000000000000000000000000000000000000000000000000000000000",0.0
919,1136474070,"omission",276699,"1111111111111111111111111111111111111111111111111111111111111111111111111101111111111111111111111111",0.9986666666666667,0.01,0.9963823374220269,"1111111111111111111111111111111111111111111111111111111111111111111111111101111111111111111111111111",0.01
920,3521697712,"insertion",276810,"0000000000000000000000000000000000000000000000000000000000000000000000000000000000000000000000000000",0.0,0.0,3.612599301323295e-06,"0000000000000000000000000000000000000000000000000000000000000000000000000000000000000000000000000000",0.0
920,3521697712,"omission",276810,"1111111111111111111311111111111111111111111111011111111111111111111111111111111111111111111111111111",1.0,0.02,0.998804229631262,"1111111111111111111311111111111111111111111111011111111111111111111111111111111111111111111111111111",0.02
921,2575480705,"insertion",277118,"0000000000000000000000000000000000000000000000000000000000000000000000000000000000000000000000000000",0.0013333333333333333,0.0,0.0028110870137884,"0000000000000000000000000000000000000000000000000000000000000000000000000000000000000000000000000000",0.0
921,2575480705,"omission",277118,"1111151111111111111111111111111111111111111111111111111111111111111111111111111111111111111111111111",0.9933333333333333,0.01,0.9924183648062009,"1111151111111111111111111111111111111111111111111111111111111111111111111111111111111111111111111111",0.01
922,1362024297,"insertion",276973,"0000000000000000000000000000000000000000000000000000000000000000000000000000000000000000000000000000",0.0023333333333333335,0.0,0.002050748812154297,"0000000000000000000000000000000000000000000000000000000000000000000000000000000000000000000000000000",0.0
922,1362024297,"omission",276973,"1111111111111111111111111111111111111211111111111111111111111111111111111101111111111111111111111111",0.998,0.02,0.9963786953193825,"1111111111111111111111111111111111111211111111111111111111111111111111111101111111111111111111111111",0.02
923,354763776,"insertion",276533,"0000000000000000000000000000000000000000000000000000000000000000000000000000000000000000000000000000",0.0016666666666666668,0.0,0.004267137257170961,"0000000000000000000000000000000000000000000000000000000000000000000000000000000000000000000000000000",0.0
923,354763776,"omission",276533,"1111111111111111111111111111111111111111111111111111111111111111111111111111111111111111111111111111",0.9993333333333333,0.0,0.9973637770673919,"1111111111111111111111111111111111111111111111111111111111111111111111111111111111111111111111111111",0.0
924,2515201668,"insertion",277306,"0000000000000000000000000000000000000000000000000000000000000000000000000000000000000000000000000000",0.0,0.0,3.6061376462739585e-06,"0000000000000000000000000000000000000000000000000000000000000000000000000000000000000000000000000000",0.0
924,2515201668,"omission",277306,"1111111111111111111111151111111111111151111111111111111111111113111111111111111111111111111111111111",1.0,0.03,0.9999927877247075,"1111111111111111111111151111111111111151111111111111111111111113111111111111111111111111111111111111",0.03
925,378217380,"insertion",276882,"0000000000000000000000000000000000000000000000000000000000000000000000000000000000000000000000000000",0.0,0.0,3.61165988276552e-06,"0000000000000000000000000000000000000000000000000000000000000000000000000000000000000000000000000000",0.0
925,378217380,"omission",276882,"1111111111111111121111111111111111111110111111111111111111111111111111111111111111111111111111111111",0.996,0.02,0.993484565571491,"1111111111111111121111111111111111111110111111111111111111111111111111111111111111111111111111111111",0.02
926,1285864283,"insertion",276919,"0000000000000000000000000000000000000000000000000000000000000000000000000000000000000000000000000000",0.0,0.0,7.222354632057144e-06,"0000000000000000000000000000000000000000000000000000000000000000000000000000000000000000000000000000",0.0
926,1285864283,"omission",276919,"1111111111111111111111111112111111111111111111111111111111111111111111111111111111111111111111111111",0.997,0.01,0.994940740580244,"1111111111111111111111111112111111111111111111111111111111111111111111111111111111111111111111111111",0.01
927,295091530,"insertion",277017,"0000000000000000000000000000000000000000000000000000000000000000000000000000000000000000000000000000",0.0,0.0,3.6098997891818524e-06,"0000000000000000000000000000000000000000000000000000000000000000000000000000000000000000000000000000",0.0
927,295091530,"omission",277017,"1111111111111111111111111111111111111111111111141111111111111111111111111111111111111111111111111111",0.9976666666666667,0.01,0.9955634331590955,"1111111111111111111111111111111111111111111111141111111111111111111111111111111111111111111111111111",0.01
928,1862270236,"insertion",277078,"0000000000000000000000000000000000000000000000000000000000000000000000000000000000000000000000000000",0.001,0.0,0.0009275399979067191,"0000000000000000000000000000000000000000000000000000000000000000000000000000000000000000000000000000",0.0
928,1862270236,"omission",277078,"1111111111111111111111111111111111111111111111111111111111111111111111151111111111111111111111111111",0.998,0.01,0.9962573580629212,"1111111111111111111111111111111111111111111111111111111111111111111111151111111111111111111111111111",0.01
929,2787800082,"insertion",277237,"0000000000000000000000000000000000000000000000000000000000000000000000000000000000000000000000000000",0.0,0.0,3.6070351613787532e-06,"0000000000000000000000000000000000000000000000000000000000000000000000000000000000000000000000000000",0.0
929,2787800082,"omission",277237,"1111111111111111111111111111111111111111111111111111111111111111111115111111111111111111111111111111",0.9956666666666667,0.01,0.993352234197579,"1111111111111111111111111111111111111111111111111111111111111111111115111111111111111111111111111111",0.01
930,3388125663,"insertion",276370,"0000000000000000000000000000000000000000000000000000000000000000000000000000000000000000000000000000",0.0,0.0,7.236701656119174e-06,"0000000000000000000000000000000000000000000000000000000000000000000000000000000000000000000000000000",0.0
930,3388125663,"omission",276370,"1111111111115111111111111111111111111111111111111111111111111111111111111111111111111111111111111111",1.0,0.01,0.9999963816491719,"1111111111115111111111111111111111111111111111111111111111111111111111111111111111111111111111111111",0.01
931,3184899897,"insertion",277493,"0000000000000000000000000000000000000000000000000000000000000000000000000000000000000000000000000000",0.0,0.0,3.603707494270105e-06,"0000000000000000000000000000000000000000000000000000000000000000000000000000000000000000000000000000",0.0
931,3184899897,"omission",277493,"1111111111111111111111111111111111111111111111111111111111111111111111111111111111111111111111111111",0.996,0.0,0.9951277874677468,"1111111111111111111111111111111111111111111111111111111111111111111111111111111111111111111111111111",0.0
932,2291468542,"insertion",277046,"0000000000000000000000000000000000000000000000000000000000000000000000000000000000000000000000000000",0.0,0.0,3.609521918821852e-06,"0000000000000000000000000000000000000000000000000000000000000000000000000000000000000000000000000000",0.0
932,2291468542,"omission",277046,"1111111111111111111111111111111111111111111111111111111111111111111111411111111111111111111111111111",1.0,0.01,0.9999963904780812,"1111111111111111111111111111111111111111111111111111111111111111111111411111111111111111111111111111",0.01
933,702590862,"insertion",277183,"0000000000000000000000000000000000000000000000000000000000000000000000000000000000000000000000000000",0.009333333333333334,0.0,0.008157095338081117,"0000000000000000000000000000000000000000000000000000000000000000000000000000000000000000000000000000",0.0
933,702590862,"omission",277183,"1111111111111111111111111111111111111111111111111111111111111111111111111111111411111111111111111111",0.996,0.01,0.9959521181029071,"1111111111111111111111111111111111111111111111111111111111111111111111111111111411111111111111111111",0.01
934,2637544448,"insertion",277952,"0000000000000000000000000000000000000000000000000000000000000000000000000000000000000000000000000000",0.0,0.0,3.597756439084587e-06,"0000000000000000000000000000000000000000000000000000000000000000000000000000000000000000000000000000",0.0
934,2637544448,"omission",277952,"1111111111111111111111111111111111111111111111111141111111111111111111111111111111111111111111111111",1.0,0.01,0.9999928044871218,"1111111111111111111111111111111111111111111111111141111111111111111111111111111111111111111111111111",0.01
935,416456917,"insertion",277851,"0000000000000000000000000000000000000000000000000000000000000000000000000000000000000000000000000000",0.0,0.0,3.5990642432967427e-06,"0000000000000000000000000000000000000000000000000000000000000000000000000000000000000000000000000000",0.0
935,416456917,"omission",277851,"1111111111111111111111111111111111111111111111111111111111111111111111111111111111111111111111111111",0.9976666666666667,0.0,0.9958178873492892,"1111111111111111111111111111111111111111111111111111111111111111111111111111111111111111111111111111",0.0
936,4108044758,"insertion",277250,"0000000000000000000000000000000000000000000000000000000000000000000000000000000000000000000000000000",0.005333333333333333,0.0,0.004317418638119524,"0000000000000000000000000000000000000000000000000000000000000000000000000000000000000000000000000000",0.0
936,4108044758,"omission",277250,"1111111111111111111111111111111111111111101111111111111111111131111111111111111111112111111111111111",0.999,0.03,0.9973056710754592,"1111111111111111111111111111111111111111101111111111111111111131111111111111111111112111111111111111",0.03
937,1105010954,"insertion",277143,"0000000000000000000000000000000000000000000000000000000000000000000000000000000000000000000000000000",0.0013333333333333333,0.0,0.0012773235381140354,"0000000000000000000000000000000000000000000000000000000000000000000000000000000000000000000000000000",0.0
937,1105010954,"omission",277143,"1111111111111111111111111111111111111111111111111111111111111111111111111111111111111111111111111111",1.0,0.0,0.9999891752242532,"1111111111111111111111111111111111111111111111111111111111111111111111111111111111111111111111111111",0.0
938,1656864195,"insertion",277336,"0000000000000000000000000000000000000000000000000000000000000000000000000000000000000000000000000000",0.0,0.0,3.6057475616132113e-06,"0000000000000000000000000000000000000000000000000000000000000000000000000000000000000000000000000000",0.0
938,1656864195,"omission",277336,"1111111111111111111111111111111411111111111111111111111111111111111111111111111111111111111111111111",1.0,0.01,0.9999963942524384,"1111111111111111111111111111111411111111111111111111111111111111111111111111111111111111111111111111",0.01
939,1820276707,"insertion",277266,"0000000000000000000000000000000000000000000000000000000000000000000000000000000000000000000000000000",0.008,0.0,0.007923827385353362,"0000000000000000000000000000000000000000000000000000000000000000000000000000000000000000000000000000",0.0
939,1820276707,"omission",277266,"1111111131111111111111111111111111111111111111111111111111111111111111111111111111111111111111111111",1.0,0.01,0.9999963933421095,"1111111131111111111111111111111111111111111111111111111111111111111111111111111111111111111111111111",0.01
940,1435811844,"insertion",277408,"0000000000000000000000000000000000000000000000000000000000000000000000000000000000000000000000000000",0.0023333333333333335,0.0,0.0023503372301347837,"0000000000000000000000000000000000000000000000000000000000000000000000000000000000000000000000000000",0.0
940,1435811844,"omission",277408,"1111111111111111111111111111111111111111111111111121111111111111111111111111111111111111111111111111",0.9976666666666667,0.01,0.9982084085837776,"1111111111111111111111111111111111111111111111111121111111111111111111111111111111111111111111111111",0.01
941,925811941,"insertion",276886,"0000000000000000000000000000000000000000000000000000000000000000000000000000000000000000000000000000",0.006333333333333333,0.0,0.006320313487548982,"0000000000000000000000000000000000000000000000000000000000000000000000000000000000000000000000000000",0.0
941,925811941,"omission",276886,"1111111211111111111111111111111111111111111111111111111111111111111111111111111111111111111111111111",0.9996666666666667,0.01,0.9971540531267493,"1111111211111111111111111111111111111111111111111111111111111111111111111111111111111111111111111111",0.01
942,1766745136,"insertion",277350,"0000000000000000000000000000000000000000000000000000000000000000000000000000000000000000000000000000",0.005,0.0,0.005794143840432091,"0000000000000000000000000000000000000000000000000000000000000000000000000000000000000000000000000000",0.0
942,1766745136,"omission",277350,"1111111111111111111111111111111111111111111111111111111111111111111111111111111111111111111111111111",0.9983333333333333,0.0,0.9959509498862444,"1111111111111111111111111111111111111111111111111111111111111111111111111111111111111111111111111111",0.0
943,22855792,"insertion",277065,"0000000000000000000000000000000000000000000000000000000000000000000000000000000000000000000000000000",0.0,0.0,3.6092743914763377e-06,"0000000000000000000000000000000000000000000000000000000000000000000000000000000000000000000000000000",0.0
943,22855792,"omission",277065,"1111111111111111111111111111111111111111111111111111111111111111211111111111111011111511111111111111",0.9996666666666667,0.03,0.9985310253226691,"1111111111111111111111111111111111111111111111111111111111111111211111111111111011111511111111111111",0.03
944,4257202703,"insertion",277075,"0000000000000000000000000000000000000000000000000000000000000000000000000000000000000000000000000000",0.0,0.0,3.60914412756159e-06,"0000000000000000000000000000000000000000000000000000000000000000000000000000000000000000000000000000",0.0
944,4257202703,"omission",277075,"1111111111111111111111111111111111111111111111111111111111111111111111111111111111111111111111111111",1.0,0.0,0.9999855634234898,"1111111111111111111111111111111111111111111111111111111111111111111111111111111111111111111111111111",0.0
945,3671134751,"insertion",277182,"0000000000000000000000000000000000000000000000000000000000000000000000000000000000000000000000000000",0.0,0.0,0.0001298790321125907,"0000000000000000000000000000000000000000000000000000000000000000000000000000000000000000000000000000",0.0
945,3671134751,"omission",277182,"1111111111111111111111111111111111111111111111111111111111111111111111111111111111111111111111111111",1.0,0.0,0.999996392249108,"1111111111111111111111111111111111111111111111111111111111111111111111111111111111111111111111111111",0.0
946,591348415,"insertion",276658,"0000000000000000000000000000000000000000000000000000000000000000000000000000000000000000000000000000",0.0,0.0,3.6145841240236103e-06,"0000000000000000000000000000000000000000000000000000000000000000000000000000000000000000000000000000",0.0
946,591348415,"omission",276658,"1111111111111111111011111111111111111111111111111111111111111111111111111111111111111111111111111111",1.0,0.01,0.999996385415876,"1111111111111111111011111111111111111111111111111111111111111111111111111111111111111111111111111111",0.01
947,2034689100,"insertion",277161,"0000000000000000000000000000000000000000000000000000000000000000000000000000000000000000000000000000",0.0,0.0,3.608024245922933e-06,"0000000000000000000000000000000000000000000000000000000000000000000000000000000000000000000000000000",0.0
947,2034689100,"omission",277161,"1111111111111111111111111111110111111111111111111111111111111111111111111111111111111111111111111111",1.0,0.01,0.9999963919757541,"1111111111111111111111111111110111111111111111111111111111111111111111111111111111111111111111111111",0.01
948,4131197712,"insertion",277125,"0000000000000000000000000000000000000000000000000000000000000000000000000000000000000000000000000000",0.011,0.0,0.01257559792728165,"0000000000000000000000000000000000000000000000000000000000000000000000000000000000000000000000000000",0.0
948,4131197712,"omission",277125,"1111111111111111111111111111111111111111111111111111111111111111111111111111111111111111111111111111",0.9966666666666667,0.0,0.9973297152177365,"1111111111111111111111111111111111111111111111111111111111111111111111111111111111111111111111111111",0.0
949,2805666734,"insertion",276784,"0000000000000000000000000000000000000000000000000000000000000000000000000000000000000000000000000000",0.0,0.0,3.6129386559145613e-06,"0000000000000000000000000000000000000000000000000000000000000000000000000000000000000000000000000000",0.0
949,2805666734,"omission",276784,"1111111111111111111111111111111111111111111111111111111111111111111111011111111111111111111111114111",1.0,0.02,0.9999963870613441,"1111111111111111111111111111111111111111111111111111111111111111111111011111111111111111111111114111",0.02
950,631233296,"insertion",277114,"0000000000000000000000000000000000000000000000000000000000000000000000000000000000000000000000000000",0.0,0.0,3.608636188125422e-06,"0000000000000000000000000000000000000000000000000000000000000000000000000000000000000000000000000000",0.0
950,631233296,"omission",277114,"1111111111111111111111111111111111111111111111111111111111111111111111111112111111511111111111111111",1.0,0.02,0.9999963913638119,"1111111111111111111111111111111111111111111111111111111111111111111111111112111111511111111111111111",0.02
951,4186236680,"insertion",276854,"0000000000000000000000000000000000000000000000000000000000000000000000000000000000000000000000000000",0.0,0.0,7.224050308286347e-06,"0000000000000000000000000000000000000000000000000000000000000000000000000000000000000000000000000000",0.0
951,4186236680,"omission",276854,"1111111111111111011111111111111111111111111111111111111111111111111111111111111111111111111111111111",0.999,0.01,0.9962507178899994,"1111111111111111011111111111111111111111111111111111111111111111111111111111111111111111111111111111",0.01
952,1360363028,"insertion",277068,"0000000000000000000000000000000000000000000000000000000000000000000000000000000000000000000000000000",0.0,0.0,3.609235311314592e-06,"0000000000000000000000000000000000000000000000000000000000000000000000000000000000000000000000000000",0.0
952,1360363028,"omission",277068,"1111111111111111141111111111111111111111111111111111111111111111111111111111111111111111111111111111",0.9963333333333333,0.01,0.9971920149277973,"1111111111111111141111111111111111111111111111111111111111111111111111111111111111111111111111111111",0.01
953,2788220724,"insertion",276565,"0000000000000000000000000000000000000000000000000000000000000000000000000000000000000000000000000000",0.0,0.0,3.6157995979230845e-06,"0000000000000000000000000000000000000000000000000000000000000000000000000000000000000000000000000000",0.0
953,2788220724,"omission",276565,"1111111111111111111111111111111111111111111011111111111111111111111111111111111111111111111111111111",0.993,0.01,0.9937627456935827,"1111111111111111111111111111111111111111111011111111111111111111111111111111111111111111111111111111",0.01
954,2695475857,"insertion",277411,"0000000000000000000000000000000000000000000000000000000000000000000000000000000000000000000000000000",0.005,0.0,0.0049097004433870444,"0000000000000000000000000000000000000000000000000000000000000000000000000000000000000000000000000000",0.0
954,2695475857,"omission",277411,"1111111111111311111111111111111111111111111111111111111111111111111111111111111111111111111111511111",0.9953333333333333,0.02,0.9940052629681698,"1111111111111311111111111111111111111111111111111111111111111111111111111111111111111111111111511111",0.02
955,385428531,"insertion",277203,"0000000000000000000000000000000000000000000000000000000000000000000000000000000000000000000000000000",0.0,0.0,3.6074775795268433e-06,"0000000000000000000000000000000000000000000000000000000000000000000000000000000000000000000000000000",0.0
955,385428531,"omission",277203,"1111111111111111111111111111111111111111111111111111111111111115111111111111111111111111111111111111",1.0,0.01,0.9999963925224205,"1111111111111111111111111111111111111111111111111111111111111115111111111111111111111111111111111111",0.01
956,1211822694,"insertion",276945,"0000000000000000000000000000000000000000000000000000000000000000000000000000000000000000000000000000",0.0,0.0,3.6108382922179215e-06,"0000000000000000000000000000000000000000000000000000000000000000000000000000000000000000000000000000",0.0
956,1211822694,"omission",276945,"1111111111111111111111111111111111111111111111111111111111101111113111111111111111111111111111111121",1.0,0.03,0.9999963891617077,"1111111111111111111111111111111111111111111111111111111111101111113111111111111111111111111111111121",0.03
957,1013072429,"insertion",276335,"0000000000000000000000000000000000000000000000000000000000000000000000000000000000000000000000000000",0.0006666666666666666,0.0,0.0007599499156817474,"0000000000000000000000000000000000000000000000000000000000000000000000000000000000000000000000000000",0.0
957,1013072429,"omission",276335,"1111111111111111111111111111111111111111111111111111111111111111111111111111111111111111111111111111",0.996,0.0,0.995002424602112,"1111111111111111111111111111111111111111111111111111111111111111111111111111111111111111111111111111",0.0
958,719909994,"insertion",276326,"0000000000000000000000000000000000000000000000000000000000000000000000000000000000000000000000000000",0.029,0.0,0.02928797611508188,"0000000000000000000000000000000000000000000000000000000000000000000000000000000000000000000000000000",0.0
958,719909994,"omission",276326,"1111111111111111111111111111111111111111111111111111111111111111111111111111111111111111111111111111",0.999,0.0,0.9980276847914593,"1111111111111111111111111111111111111111111151111111111111111111111111111111111111111111111111111111",0.01
959,1616225754,"insertion",277472,"0000000000000000000000000000000000000000000000000000000000000000000000000000000000000000000000000000",0.010666666666666666,0.0,0.012087749710780585,"0000000000000000000000000000000000000000000000000000000000000000000000000000000000000000000000000000",0.0
959,1616225754,"omission",277472,"1101111110111111111111111111111111111111111111111111101101111111111111111111111111111111111111111111",1.0,0.04,0.9997909691463251,"1101111110111111111111111111111111111111111111111111101101111111111111111111111111111111111111111111",0.04
960,1139976943,"insertion",276622,"0000000000000000000000000000000000000000000000000000000000000000000000000000000000000000000000000000",0.006333333333333333,0.0,0.004761026820089581,"0000000000000000000000000000000000000000000000000000000000000000000000000000000000000000000000000000",0.0
960,1139976943,"omission",276622,"1111111111111111111111111111111111111111111111111111111111111111111111111111111111111111111111111111",1.0,0.0,0.9996891053101536,"1111111111111111111111111111111111111111111111111111111111111111111111111111111111111111111111111111",0.0
961,1440793732,"insertion",276709,"0000000000000000000000000000000000000000000000000000000000000000000000000000000000000000000000000000",0.0036666666666666666,0.0,0.003595848331092704,"0000000000000000000000000000000000000000000000000000000000000000000000000000000000000000000000000000",0.0
961,1440793732,"omission",276709,"1151111111111111111111111111111111111111111111111111111111511111111111111111111111111111111111111111",0.9976666666666667,0.02,0.9912362490423118,"1151111111111111111111111111111111111111111111111111111111511111111111111111111111111111111111111111",0.02
962,4230741516,"insertion",277313,"0000000000000000000000000000000000000000000000000000000000000000000000000000000000000000000000000000",0.016666666666666666,0.0,0.01222810408492961,"0000000000000000000000000000000000000000000000000000000000000000000000000000000000000000000000000000",0.0
962,4230741516,"omission",277313,"1111111111111111111111111111111141111111211111111111111111111111111111111111111111111111111111111111",1.0,0.02,0.999996393953381,"1111111111111111111111111111111141111111211111111111111111111111111111111111111111111111111111111111",0.02
963,642061784,"insertion",276673,"0000000000000000000000000000000000000000000000000000000000000000000000000000000000000000000000000000",0.004,0.0,0.010141973166782328,"0000000000000000000000000000000000000000000000000000000000000000000000000000000000000000000000000000",0.0
963,642061784,"omission",276673,"1111111111111111111111111111111111111111111111111111111111111111111111111111111111111111111111111111",1.0,0.0,0.9999963856118437,"1111111111111111111111111111111111111111111111111111111111111111111111111111111111111111111111111111",0.0
964,1342853963,"insertion",276574,"0000000000000000000000000000000000000000000000000000000000000000000000000000000000000000000000000000",0.0,0.0,3.615681935691481e-06,"0000000000000000000000000000000000000000000000000000000000000000000000000000000000000000000000000000",0.0
964,1342853963,"omission",276574,"1111111111111111111111111111111111111111111111111113111111111111111111111111111111111111111111110111",1.0,0.02,0.9999963843180643,"1111111111111111111111111111111111111111111111111113111111111111111111111111111111111111111111110111",0.02
965,3073216383,"insertion",276916,"0000000000000000000000000000000000000000000000000000000000000000000000000000000000000000000000000000",0.010333333333333333,0.0,0.009067764476463897,"0000000000000000000000000000000000000000000000000000000000000000000000000000000000000000000000000000",0.0
965,3073216383,"omission",276916,"1111111111111111111111111111111111111111111111111111111111111111111111111111111112111111111111111111",1.0,0.01,0.9999783327013705,"1111111111111111111111111111111111111111111111111111111111111111111111111111111112111111111111111111",0.01
966,3226047433,"insertion",276969,"0000000000000000000000000000000000000000000000000000000000000000000000000000000000000000000000000000",0.0,0.0,3.61052540365674e-06,"0000000000000000000000000000000000000000000000000000000000000000000000000000000000000000000000000000",0.0
966,3226047433,"omission",276969,"1111111111111111111111111111111111111111111111111111111111111111111111111111111111111111111111111111",1.0,0.0,0.9992129054620028,"1111111111111111111111111111111111111111111111111111111111111111111111111111111111111111111111111111",0.0
967,205923366,"insertion",276787,"0000000000000000000000000000000000000000000000000000000000000000000000000000000000000000000000000000",0.015,0.0,0.013859082468043904,"0000000000000000000000000000000000000000000000000000000000000000000000000000000000000000000000000000",0.0
967,205923366,"omission",276787,"1111111111111111111111111111111111111111111111111111111111111111111111111111111111111111111111111111",0.9993333333333333,0.0,0.9976046476339121,"1111111111111111111111111111111111111111111111111111111111111111111111111111111111111111111111111111",0.0
968,324565928,"insertion",277205,"0000000000000000000000000000000000000000000000000000000000000000000000000000000000000000000000000000",0.005666666666666667,0.0,0.008437829179954113,"0000000000000000000000000000000000000000000000000000000000000000000000000000000000000000000000000000",0.0
968,324565928,"omission",277205,"1111111111111111111111111111111111111111111111121111111111111111111111111111111111111111111111111111",1.0,0.01,0.9995779281684247,"1111111111111111111111111111111111111111111111121111111111111111111111111111111111111111111111111111",0.01
969,1235583689,"insertion",276578,"0000000000000000000000000000000000000000000000000000000000000000000000000000000000000000000000000000",0.026333333333333334,0.0,0.021267133564974672,"0000000000000000000000000000000000000000000000000000000000000000000000000000000000000000000000000000",0.0
969,1235583689,"omission",276578,"1111101111111111111111111111111111111111111111111111111111111111111111111111111111111111111111111111",1.0,0.01,0.9993383397751802,"1111101111111111111111111111111111111111111111111111111111111111111111111111111111111111111111111111",0.01
970,1953513303,"insertion",277615,"0000000000000000000000000000000000000000000000000000000000000000000000000000000000000000000000000000",0.008,0.0,0.006433393128588616,"0000000000000000000000000000000000000000000000000000000000000000000000000000000000000000000000000000",0.0
970,1953513303,"omission",277615,"1111111111111111111111111111111131111111111111111111111111111111111111111111111111111111111111111111",1.0,0.01,0.9999927957523757,"1111111111111111111111111111111131111111111111111111111111111111111111111111111111111111111111111111",0.01
971,2380549231,"insertion",277173,"0000000000000000000000000000000000000000000000000000000000000000000000000000000000000000000000000000",0.007333333333333333,0.0,0.00710750003607868,"0000000000000000000000000000000000000000000000000000000000000000000000000000000000000000000000000000",0.0
971,2380549231,"omission",277173,"1111111111111111111111111111111111111111111111111111111111111111111111311111111111111111111111141111",0.999,0.02,0.997690964455284,"1111111111111111111111111111111111111111111111111111111111111111111111311111111111111111111111141111",0.02
972,2490300479,"insertion",277325,"0000000000000000000000000000000000000000000000000000000000000000000000000000000000000000000000000000",0.0,0.0,3.605890582856154e-06,"0000000000000000000000000000000000000000000000000000000000000000000000000000000000000000000000000000",0.0
972,2490300479,"omission",277325,"1111111111111111111111111111111111111111111111111111111111111111111111111111111111111111131111111111",0.998,0.01,0.9972054347982865,"1111111111111111111111111111111111111111111111111111111111111111111111111111111111111111131111111111",0.01
973,3982656828,"insertion",276533,"0000000000000000000000000000000000000000000000000000000000000000000000000000000000000000000000000000",0.0,0.0,3.6162180145516612e-06,"0000000000000000000000000000000000000000000000000000000000000000000000000000000000000000000000000000",0.0
973,3982656828,"omission",276533,"1111111111111111111111111111111111111111111111111111211111111111111111111111111111111111111111111111",1.0,0.01,0.9999963837819854,"1111111111111111111111111111111111111111111111111111211111111111111111111111111111111111111111111111",0.01
974,1169445273,"insertion",276874,"0000000000000000000000000000000000000000000000000000000000000000000000000000000000000000000000000000",0.0,0.0,7.223528476955138e-06,"0000000000000000000000000000000000000000000000000000000000000000000000000000000000000000000000000000",0.0
974,1169445273,"omission",276874,"1111111111111111111111111111111111111111111111111111111111111111111111111111111111111111111111311111",1.0,0.01,0.9999963882357615,"1111111111111111111111111111111111111111111111111111111111111111111111111111111111111111111111311111",0.01
975,2300400709,"insertion",277322,"0000000000000000000000000000000000000000000000000000000000000000000000000000000000000000000000000000",0.0,0.0,3.6059295906188135e-06,"0000000000000000000000000000000000000000000000000000000000000000000000000000000000000000000000000000",0.0
975,2300400709,"omission",277322,"1111111111111111111111111111111111111111111111111111111110111111111111111111111111111111111111111111",0.9996666666666667,0.01,0.9995708943787164,"1111111111111111111111111111111111111111111111111111111110111111111111111111111111111111111111111111",0.01
976,2590992024,"insertion",276941,"0000000000000000000000000000000000000000000000000000000000000000000000000000000000000000000000000000",0.013666666666666667,0.0,0.01228063840543078,"0000000000000000000000000000000000000000000000000000000000000000000000000000000000000000000000000000",0.0
976,2590992024,"omission",276941,"1111111111111111111111111111111111111111111111111111111111111111111111111111111111111111111111111111",0.9973333333333333,0.0,0.9945981078934065,"1111111111111111111111111111111111111111111111111111111111111111111111111111111111111111111111111111",0.0
977,1123684321,"insertion",276508,"0000000000000000000000000000000000000000000000000000000000000000000000000000000000000000000000000000",0.0,0.0,3.6165449699284286e-06,"0000000000000000000000000000000000000000000000000000000000000000000000000000000000000000000000000000",0.0
977,1123684321,"omission",276508,"1111111111111111111111111311111111111111111111111111110111111111111114311111111111111111111111111114",0.9976666666666667,0.05,0.9980470657162387,"1111111111111111111111111311111111111111111111111111110111111111111114311111111111111111111111111114",0.05
978,3481778802,"insertion",277253,"0000000000000000000000000000000000000000000000000000000000000000000000000000000000000000000000000000",0.012,0.0,0.00980696261884495,"0000000000000000000000000000000000000000000000000000000000000000000000000000000000000000000000000000",0.0
978,3481778802,"omission",277253,"1111111111111111111111111111111111111111111111111111111111111111111111111111111111111121111111111111",1.0,0.01,0.9999963931729978,"1111111111111111111111111111111111111111111111111111111111111111111111111111111111111121111111111111",0.01
979,1075005424,"insertion",275855,"0000000000000000000000000000000000000000000000000000000000000000000000000000000000000000000000000000",0.012333333333333333,0.0,0.012869126421947843,"0000000000000000000000000000000000000000000000000000000000000000000000000000000000000000000000000000",0.0
979,1075005424,"omission",275855,"1111111111111111111111111111111111111111111111111111111111111111111111111111111111111111111111111111",0.999,0.0,0.998948719250038,"1111111111111111111111111111111111111111111111111111111111111111111111111111111111111111111111111111",0.0
980,1046893695,"insertion",276977,"0000000000000000000000000000000000000000000000000000000000000000000000000000000000000000000000000000",0.003,0.0,0.004563572295072497,"0000000000000000000000000000000000000000000000000000000000000000000000000000000000000000000000000000",0.0
980,1046893695,"omission",276977,"1111111111111111111111111111111111111111111111111111111111111111111111111111111111111111111111111111",1.0,0.0,0.9987399630292877,"1111111111111111111111111111111111111111111111111111111111111111111111111111111111111111111111111111",0.0
981,836619057,"insertion",276925,"0000000000000000000000000000000000000000000000000000000000000000000000000000000000000000000000000000",0.011333333333333334,0.0,0.010786352934379108,"0000000000000000000000000000000000000000000000000000000000000000000000000000000000000000000000000000",0.0
981,836619057,"omission",276925,"1111111111111111111111111111110111111011111111111101111111111111111111111111111111511111111111111111",0.999,0.04,0.9977033409888634,"1111111111111111111111111111110111111011111111111101111111111111111111111111111111511111111111111111",0.04
982,1595914963,"insertion",277040,"0000000000000000000000000000000000000000000000000000000000000000000000000000000000000000000000000000",0.014333333333333333,0.0,0.015387725193925766,"0000000000000000000000000000000000000000000000000000000000000000000000000000000000000000000000000000",0.0
982,1595914963,"omission",277040,"1111111111111111111111111111111111111111111111111111111111112111111111111111111111111111111111111111",1.0,0.01,0.9999963903999076,"1111111111111111111111111111111111111111111111111111111111111111111111111111111111111111111111111111",0.0
983,907608868,"insertion",277951,"0000000000000000000000000000000000000000000000000000000000000000000000000000000000000000000000000000",0.0003333333333333333,0.0,0.000424536787191941,"0000000000000000000000000000000000000000000000000000000000000000000000000000000000000000000000000000",0.0
983,907608868,"omission",277951,"1111111111111111111111111111111111111111111111111111111111111111111111111111111111111111111111111111",1.0,0.0,0.999996402230617,"1111111111111111111111111111111111111111111111111111111111111111111111111111111111111111111111111111",0.0
984,3302397360,"insertion",276645,"0000000000000000000000000000000000000000000000000000000000000000000000000000000000000000000000000000",0.0033333333333333335,0.0,0.0036328277497433524,"0000000000000000000000000000000000000000000000000000000000000000000000000000000000000000000000000000",0.0
984,3302397360,"omission",276645,"1111111111111111111111111111111111111111111111111111111111111111111111111111111111111111111111111111",1.0,0.0,0.9999963852460202,"1111111111111111111111111111111111111111111111111111111111111111111111111111111111111111111111111111",0.0
985,272967108,"insertion",276891,"0000000000000000000000000000000000000000000000000000000000000000000000000000000000000000000000000000",0.0006666666666666666,0.0,0.0019430098595109972,"0000000000000000000000000000000000000000000000000000000000000000000000000000000000000000000000000000",0.0
985,272967108,"omission",276891,"1111111111112111111111111110111111111111111111111111111111111111111111111111111111111111111111111111",0.9996666666666667,0.02,0.9980786593954278,"1111111111112111111111111110111111111111111111111111111111111111111111111111111111111111111111111111",0.02
986,670949261,"insertion",276801,"0000000000000000000000000000000000000000000000000000000000000000000000000000000000000000000000000000",0.0,0.0,3.6127167630057802e-06,"0000000000000000000000000000000000000000000000000000000000000000000000000000000000000000000000000000",0.0
986,670949261,"omission",276801,"1111111111111111111111111111111111111111111111111111111111111111111111111111111111111111111111111111",1.0,0.0,0.9997832369942197,"1111111111111111111111111111111111111111111111111111111111111111111111111111111111111111111111111111",0.0
987,2588024917,"insertion",276781,"0000000000000000000000000000000000000000000000000000000000000000000000000000000000000000000000000000",0.009666666666666667,0.0,0.010452344822602789,"0000000000000000000000000000000000000000000000000000000000000000000000000000000000000000000000000000",0.0
987,2588024917,"omission",276781,"1111111112111111111111111111111111111111111111111111111111111111111111111111111111111111111111111111",1.0,0.01,0.9994255365272057,"1111111112111111111111111111111111111111111111111111111111111111111111111111111111111111111111111111",0.01
988,967831793,"insertion",277202,"0000000000000000000000000000000000000000000000000000000000000000000000000000000000000000000000000000",0.0016666666666666668,0.0,0.0022222142055764588,"0000000000000000000000000000000000000000000000000000000000000000000000000000000000000000000000000000",0.0
988,967831793,"omission",277202,"1111111111111111111111111111111111111111111111111111111111111111111111111111111111111111111111111111",1.0,0.0,0.9999963925094065,"1111111111111111111111111111111111111111111111111111111111111111111111111111111111111111111111111111",0.0
989,1875252666,"insertion",276880,"0000000000000000000000000000000000000000000000000000000000000000000000000000000000000000000000000000",0.0,0.0,3.6116859711281825e-06,"0000000000000000000000000000000000000000000000000000000000000000000000000000000000000000000000000000",0.0
989,1875252666,"omission",276880,"1111111111111111112111111111111111111111111111111111111111111111111111111111111111111111111111111011",1.0,0.02,0.9999963883140288,"1111111111111111112111111111111111111111111111111111111111111111111111111111111111111111111111111011",0.02
990,3631468411,"insertion",276193,"0000000000000000000000000000000000000000000000000000000000000000000000000000000000000000000000000000",0.0,0.0,1.086200903719152e-05,"0000000000000000000000000000000000000000000000000000000000000000000000000000000000000000000000000000",0.0
990,3631468411,"omission",276193,"1111111111111111111111111111111111111111111111111111111111111111111111111011111111111111111111111111",1.0,0.01,0.9999927586606419,"1111111111111111111111111111111111111111111111111111111111111111111111111011111111111111111111111111",0.01
991,2414893502,"insertion",276820,"0000000000000000000000000000000000000000000000000000000000000000000000000000000000000000000000000000",0.0,0.0,3.612468797300763e-06,"0000000000000000000000000000000000000000000000000000000000000000000000000000000000000000000000000000",0.0
991,2414893502,"omission",276820,"1111111111111111111111111111111111111111111111111111111111111111111111111111111111111111111131111111",1.0,0.01,0.9999963875312027,"1111111111111111111111111111111111111111111111111111111111111111111111111111111111111111111131111111",0.01
992,2826022042,"insertion",277618,"0000000000000000000000000000000000000000000000000000000000000000000000000000000000000000000000000000",0.008,0.0,0.006145156816765544,"0000000000000000000000000000000000000000000000000000000000000000000000000000000000000000000000000000",0.0
992,2826022042,"omission",277618,"1111111111111111111111121110111111111111111111111111111111111111111111111111112111111111111111111141",1.0,0.04,0.9988329244966987,"1111111111111111111111121110111111111111111111111111111111111111111111111111112111111111111111111141",0.04
993,137973745,"insertion",277086,"0000000000000000000000000000000000000000000000000000000000000000000000000000000000000000000000000000",0.013333333333333334,0.0,0.012165941858996337,"0000000000000000000000000000000000000000000000000000000000000000000000000000000000000000000000000000",0.0
993,137973745,"omission",277086,"1111111111111111111111111111111111111111111111111111111111111111111111111111111111111111111111111111",0.9986666666666667,0.0,0.9975350524207374,"1111111111111111111111111111111111111111111111111111111111111111111111111111111111111111111111111111",0.0
994,3464002065,"insertion",276711,"0000000000000000000000000000000000000000000000000000000000000000000000000000000000000000000000000000",0.0,0.0,7.227783600159011e-06,"0000000000000000000000000000000000000000000000000000000000000000000000000000000000000000000000000000",0.0
994,3464002065,"omission",276711,"1111111111111111111111111111111111111111111111111111111111111011111111111111111111111111111111111111",1.0,0.01,0.9999963861082,"1111111111111111111111111111111111111111111111111111111111111011111111111111111111111111111111111111",0.01
995,1821433442,"insertion",277539,"0000000000000000000000000000000000000000000000000000000000000000000000000000000000000000000000000000",0.008333333333333333,0.0,0.008283550360671332,"0000000000000000000000000000000000000000000000000000000000000000000000000000000000000000000000000000",0.0
995,1821433442,"omission",277539,"1111111111111111111111111111111111111111111111111111111111111111111111111111111111111111111111111111",0.995,0.0,0.9904121237452169,"1111111111111111111111111111111111111111111111111111111111111111111111111111111111111111111111111111",0.0
996,1176357395,"insertion",277147,"0000000000000000000000000000000000000000000000000000000000000000000000000000000000000000000000000000",0.0,0.0,3.6082065048746868e-06,"0000000000000000000000000000000000000000000000000000000000000000000000000000000000000000000000000000",0.0
996,1176357395,"omission",277147,"1111111111111111111111111111111111111111111111111111111111111111111111111111111111111111111111111111",0.999,0.0,0.9977015724563948,"1111111111111111111111111111111111111111111111111111111111111111111111111111111111111111111111111111",0.0
997,4066594384,"insertion",276965,"0000000000000000000000000000000000000000000000000000000000000000000000000000000000000000000000000000",0.0036666666666666666,0.0,0.003198971707514334,"0000000000000000000000000000000000000000000000000000000000000000000000000000000000000000000000000000",0.0
997,4066594384,"omission",276965,"1111111111111111111111111111111111111111111111111111111111111111111111111111111111111111111111111111",0.999,0.0,0.9985304949379703,"1111111111111111111111111111111111111111111111111111111111111111111111111111111111111111111111111111",0.0
998,2403760815,"insertion",277254,"0000000000000000000000000000000000000000000000000000000000000000000000000000000000000000000000000000",0.005333333333333333,0.0,0.007044107728320342,"0000000000000000000000000000000000000000000000000000000000000000000000000000000000000000000000000000",0.0
998,2403760815,"omission",277254,"1111111111111111111111111111111111111111111111111111111111111111111111111111111111111111111111111111",0.9996666666666667,0.0,0.9989756648259892,"1111111111111111111111111111111111111111111111111111111111111111111111111111111111111111111111111111",0.0
999,2367359239,"insertion",276757,"0000000000000000000000000000000000000000000000000000000000000000000000000000000000000000000000000000",0.009666666666666667,0.0,0.010980791744352425,"0000000000000000000000000000000000000000000000000000000000000000000000000000000000000000000000000000",0.0
999,2367359239,"omission",276757,"1111111111111111111111111111111111111111111111111111111111111111111111121111111111111111111111111111",0.999,0.01,0.998211420890604,"1111111111111111111111111111111111111111111111111111111111111111111111121111111111111111111111111111",0.01
